scenario,preset,seed,t,recall,active,n_c,n_m,n_a,challenger_in_m,tension_depth,queries,query_hits,selected,unique_relevant,pollution_m
shadow_starvation,shadow_on,0,0,nan,1,1,0,0,0,0,0,0,0,0,nan
shadow_starvation,shadow_on,0,1,nan,1,1,0,0,0,0,0,0,0,0,nan
shadow_starvation,shadow_on,0,2,nan,1,1,0,0,0,0,0,0,0,0,nan
shadow_starvation,shadow_on,0,3,nan,1,0,1,0,0,0,0,0,0,0,nan
shadow_starvation,shadow_on,0,4,nan,1,0,1,0,0,0,0,0,0,0,nan
shadow_starvation,shadow_on,0,5,nan,1,0,1,0,0,0,0,0,0,0,nan
shadow_starvation,shadow_on,0,6,nan,1,0,1,0,0,0,0,0,0,0,nan
shadow_starvation,shadow_on,0,7,nan,1,0,1,0,0,0,0,0,0,0,nan
shadow_starvation,shadow_on,0,8,nan,1,0,1,0,0,0,0,0,0,0,nan
shadow_starvation,shadow_on,0,9,nan,1,0,1,0,0,0,0,0,0,0,nan
shadow_starvation,shadow_on,0,10,0.0,2,1,1,0,0,1,1,0,0,0,nan
shadow_starvation,shadow_on,0,11,0.0,2,1,1,0,0,1,1,0,0,0,nan
shadow_starvation,shadow_on,0,12,0.0,2,1,1,0,0,1,1,0,0,0,nan
shadow_starvation,shadow_on,0,13,0.0,2,1,1,0,0,1,1,0,0,0,nan
shadow_starvation,shadow_on,0,14,0.0,2,1,1,0,0,1,1,0,0,0,nan
shadow_starvation,shadow_on,0,15,0.0,2,1,1,0,0,1,1,0,0,0,nan
shadow_starvation,shadow_on,0,16,0.0,2,1,1,0,0,1,1,0,0,0,nan
shadow_starvation,shadow_on,0,17,0.0,2,1,1,0,0,1,1,0,0,0,nan
shadow_starvation,shadow_on,0,18,0.0,2,1,1,0,0,1,1,0,0,0,nan
shadow_starvation,shadow_on,0,19,0.0,2,1,1,0,0,1,1,0,0,0,nan
shadow_starvation,shadow_on,0,20,0.0,2,1,1,0,0,1,1,0,0,0,nan
shadow_starvation,shadow_on,0,21,0.0,2,1,1,0,0,1,1,0,0,0,nan
shadow_starvation,shadow_on,0,22,0.0,2,0,2,0,1,1,1,0,0,0,nan
shadow_starvation,shadow_on,0,23,1.0,2,0,2,0,1,1,1,1,0,0,nan
shadow_starvation,shadow_on,0,24,1.0,2,0,2,0,1,1,1,1,0,0,nan
shadow_starvation,shadow_on,0,25,1.0,2,0,2,0,1,1,1,1,0,0,nan
shadow_starvation,shadow_on,0,26,1.0,2,0,2,0,1,1,1,1,0,0,nan
shadow_starvation,shadow_on,0,27,1.0,2,0,2,0,1,1,1,1,0,0,nan
shadow_starvation,shadow_on,0,28,1.0,2,0,2,0,1,1,1,1,0,0,nan
shadow_starvation,shadow_on,0,29,1.0,2,0,2,0,1,1,1,1,0,0,nan
shadow_starvation,shadow_on,0,30,1.0,2,0,2,0,1,1,1,1,0,0,nan
shadow_starvation,shadow_on,0,31,1.0,2,0,2,0,1,1,1,1,0,0,nan
shadow_starvation,shadow_on,0,32,1.0,2,0,2,0,1,1,1,1,0,0,nan
shadow_starvation,shadow_on,0,33,1.0,2,0,2,0,1,1,1,1,0,0,nan
shadow_starvation,shadow_on,0,34,1.0,2,0,2,0,1,1,1,1,0,0,nan
shadow_starvation,shadow_on,0,35,1.0,2,0,2,0,1,1,1,1,0,0,nan
shadow_starvation,shadow_on,0,36,1.0,2,0,2,0,1,1,1,1,0,0,nan
shadow_starvation,shadow_on,0,37,1.0,2,0,2,0,1,1,1,1,0,0,nan
shadow_starvation,shadow_on,0,38,1.0,2,0,2,0,1,1,1,1,0,0,nan
shadow_starvation,shadow_on,0,39,1.0,2,0,2,0,1,1,1,1,0,0,nan
shadow_starvation,shadow_on,0,40,1.0,2,0,2,0,1,1,1,1,0,0,nan
shadow_starvation,shadow_on,0,41,1.0,2,0,2,0,1,1,1,1,0,0,nan
shadow_starvation,shadow_on,0,42,1.0,2,0,2,0,1,1,1,1,0,0,nan
shadow_starvation,shadow_on,0,43,1.0,2,0,2,0,1,1,1,1,0,0,nan
shadow_starvation,shadow_on,0,44,1.0,2,0,2,0,1,1,1,1,0,0,nan
shadow_starvation,shadow_on,0,45,1.0,2,0,2,0,1,1,1,1,0,0,nan
shadow_starvation,shadow_on,0,46,1.0,2,0,2,0,1,1,1,1,0,0,nan
shadow_starvation,shadow_on,0,47,1.0,2,0,2,0,1,1,1,1,0,0,nan
shadow_starvation,shadow_on,0,48,1.0,2,0,2,0,1,1,1,1,0,0,nan
shadow_starvation,shadow_on,0,49,1.0,2,0,2,0,1,1,1,1,0,0,nan
shadow_starvation,shadow_on,0,50,1.0,2,0,2,0,1,1,1,1,0,0,nan
shadow_starvation,shadow_on,0,51,1.0,2,0,2,0,1,1,1,1,0,0,nan
shadow_starvation,shadow_on,0,52,1.0,2,0,2,0,1,1,1,1,0,0,nan
shadow_starvation,shadow_on,0,53,1.0,2,0,2,0,1,1,1,1,0,0,nan
shadow_starvation,shadow_on,0,54,1.0,2,0,2,0,1,1,1,1,0,0,nan
shadow_starvation,shadow_on,0,55,1.0,2,0,2,0,1,1,1,1,0,0,nan
shadow_starvation,shadow_on,0,56,1.0,2,0,2,0,1,1,1,1,0,0,nan
shadow_starvation,shadow_on,0,57,1.0,2,0,2,0,1,1,1,1,0,0,nan
shadow_starvation,shadow_on,0,58,1.0,2,0,2,0,1,1,1,1,0,0,nan
shadow_starvation,shadow_on,0,59,1.0,2,0,2,0,1,1,1,1,0,0,nan
shadow_starvation,shadow_on,0,60,1.0,2,0,2,0,1,0,1,1,0,0,nan
shadow_starvation,shadow_on,0,61,1.0,2,0,2,0,1,0,1,1,0,0,nan
shadow_starvation,shadow_on,0,62,1.0,2,0,2,0,1,0,1,1,0,0,nan
shadow_starvation,shadow_on,0,63,1.0,2,0,2,0,1,0,1,1,0,0,nan
shadow_starvation,shadow_on,0,64,1.0,2,0,2,0,1,0,1,1,0,0,nan
shadow_starvation,shadow_on,0,65,1.0,2,0,2,0,1,0,1,1,0,0,nan
shadow_starvation,shadow_on,0,66,1.0,2,0,2,0,1,0,1,1,0,0,nan
shadow_starvation,shadow_on,0,67,1.0,2,0,2,0,1,0,1,1,0,0,nan
shadow_starvation,shadow_on,0,68,1.0,2,0,2,0,1,0,1,1,0,0,nan
shadow_starvation,shadow_on,0,69,1.0,2,0,2,0,1,0,1,1,0,0,nan
shadow_starvation,shadow_on,0,70,1.0,2,0,2,0,1,0,1,1,0,0,nan
shadow_starvation,shadow_on,0,71,1.0,2,0,2,0,1,0,1,1,0,0,nan
shadow_starvation,shadow_on,0,72,1.0,2,0,2,0,1,0,1,1,0,0,nan
shadow_starvation,shadow_on,0,73,1.0,2,0,2,0,1,0,1,1,0,0,nan
shadow_starvation,shadow_on,0,74,1.0,2,0,2,0,1,0,1,1,0,0,nan
shadow_starvation,shadow_on,0,75,1.0,2,0,2,0,1,0,1,1,0,0,nan
shadow_starvation,shadow_on,0,76,1.0,2,0,2,0,1,0,1,1,0,0,nan
shadow_starvation,shadow_on,0,77,1.0,2,0,2,0,1,0,1,1,0,0,nan
shadow_starvation,shadow_on,0,78,1.0,2,0,2,0,1,0,1,1,0,0,nan
shadow_starvation,shadow_on,0,79,1.0,2,0,2,0,1,0,1,1,0,0,nan
shadow_starvation,shadow_on,0,80,1.0,2,0,2,0,1,0,1,1,0,0,nan
shadow_starvation,shadow_on,0,81,1.0,2,0,2,0,1,0,1,1,0,0,nan
shadow_starvation,shadow_on,0,82,1.0,2,0,2,0,1,0,1,1,0,0,nan
shadow_starvation,shadow_on,0,83,1.0,2,0,2,0,1,0,1,1,0,0,nan
shadow_starvation,shadow_on,0,84,1.0,2,0,2,0,1,0,1,1,0,0,nan
shadow_starvation,shadow_on,0,85,1.0,2,0,2,0,1,0,1,1,0,0,nan
shadow_starvation,shadow_on,0,86,1.0,2,0,2,0,1,0,1,1,0,0,nan
shadow_starvation,shadow_on,0,87,1.0,2,0,2,0,1,0,1,1,0,0,nan
shadow_starvation,shadow_on,0,88,1.0,2,0,2,0,1,0,1,1,0,0,nan
shadow_starvation,shadow_on,0,89,1.0,2,0,2,0,1,0,1,1,0,0,nan
shadow_starvation,shadow_on,0,90,1.0,2,0,2,0,1,0,1,1,0,0,nan
shadow_starvation,shadow_on,0,91,1.0,2,0,2,0,1,0,1,1,0,0,nan
shadow_starvation,shadow_on,0,92,1.0,2,0,2,0,1,0,1,1,0,0,nan
shadow_starvation,shadow_on,0,93,1.0,2,0,2,0,1,0,1,1,0,0,nan
shadow_starvation,shadow_on,0,94,1.0,2,0,2,0,1,0,1,1,0,0,nan
shadow_starvation,shadow_on,0,95,1.0,2,0,2,0,1,0,1,1,0,0,nan
shadow_starvation,shadow_on,0,96,1.0,2,0,2,0,1,0,1,1,0,0,nan
shadow_starvation,shadow_on,0,97,1.0,2,0,2,0,1,0,1,1,0,0,nan
shadow_starvation,shadow_on,0,98,1.0,2,0,2,0,1,0,1,1,0,0,nan
shadow_starvation,shadow_on,0,99,1.0,2,0,2,0,1,0,1,1,0,0,nan
shadow_starvation,shadow_on,1,0,nan,1,1,0,0,0,0,0,0,0,0,nan
shadow_starvation,shadow_on,1,1,nan,1,1,0,0,0,0,0,0,0,0,nan
shadow_starvation,shadow_on,1,2,nan,1,1,0,0,0,0,0,0,0,0,nan
shadow_starvation,shadow_on,1,3,nan,1,0,1,0,0,0,0,0,0,0,nan
shadow_starvation,shadow_on,1,4,nan,1,0,1,0,0,0,0,0,0,0,nan
shadow_starvation,shadow_on,1,5,nan,1,0,1,0,0,0,0,0,0,0,nan
shadow_starvation,shadow_on,1,6,nan,1,0,1,0,0,0,0,0,0,0,nan
shadow_starvation,shadow_on,1,7,nan,1,0,1,0,0,0,0,0,0,0,nan
shadow_starvation,shadow_on,1,8,nan,1,0,1,0,0,0,0,0,0,0,nan
shadow_starvation,shadow_on,1,9,nan,1,0,1,0,0,0,0,0,0,0,nan
shadow_starvation,shadow_on,1,10,0.0,2,1,1,0,0,1,1,0,0,0,nan
shadow_starvation,shadow_on,1,11,0.0,2,1,1,0,0,1,1,0,0,0,nan
shadow_starvation,shadow_on,1,12,0.0,2,1,1,0,0,1,1,0,0,0,nan
shadow_starvation,shadow_on,1,13,0.0,2,1,1,0,0,1,1,0,0,0,nan
shadow_starvation,shadow_on,1,14,0.0,2,1,1,0,0,1,1,0,0,0,nan
shadow_starvation,shadow_on,1,15,0.0,2,1,1,0,0,1,1,0,0,0,nan
shadow_starvation,shadow_on,1,16,0.0,2,1,1,0,0,1,1,0,0,0,nan
shadow_starvation,shadow_on,1,17,0.0,2,1,1,0,0,1,1,0,0,0,nan
shadow_starvation,shadow_on,1,18,0.0,2,1,1,0,0,1,1,0,0,0,nan
shadow_starvation,shadow_on,1,19,0.0,2,1,1,0,0,1,1,0,0,0,nan
shadow_starvation,shadow_on,1,20,0.0,2,1,1,0,0,1,1,0,0,0,nan
shadow_starvation,shadow_on,1,21,0.0,2,1,1,0,0,1,1,0,0,0,nan
shadow_starvation,shadow_on,1,22,0.0,2,0,2,0,1,1,1,0,0,0,nan
shadow_starvation,shadow_on,1,23,1.0,2,0,2,0,1,1,1,1,0,0,nan
shadow_starvation,shadow_on,1,24,1.0,2,0,2,0,1,1,1,1,0,0,nan
shadow_starvation,shadow_on,1,25,1.0,2,0,2,0,1,1,1,1,0,0,nan
shadow_starvation,shadow_on,1,26,1.0,2,0,2,0,1,1,1,1,0,0,nan
shadow_starvation,shadow_on,1,27,1.0,2,0,2,0,1,1,1,1,0,0,nan
shadow_starvation,shadow_on,1,28,1.0,2,0,2,0,1,1,1,1,0,0,nan
shadow_starvation,shadow_on,1,29,1.0,2,0,2,0,1,1,1,1,0,0,nan
shadow_starvation,shadow_on,1,30,0.0,2,0,2,0,1,1,1,0,0,0,nan
shadow_starvation,shadow_on,1,31,1.0,2,0,2,0,1,1,1,1,0,0,nan
shadow_starvation,shadow_on,1,32,1.0,2,0,2,0,1,1,1,1,0,0,nan
shadow_starvation,shadow_on,1,33,1.0,2,0,2,0,1,1,1,1,0,0,nan
shadow_starvation,shadow_on,1,34,1.0,2,0,2,0,1,1,1,1,0,0,nan
shadow_starvation,shadow_on,1,35,1.0,2,0,2,0,1,1,1,1,0,0,nan
shadow_starvation,shadow_on,1,36,1.0,2,0,2,0,1,1,1,1,0,0,nan
shadow_starvation,shadow_on,1,37,1.0,2,0,2,0,1,1,1,1,0,0,nan
shadow_starvation,shadow_on,1,38,1.0,2,0,2,0,1,1,1,1,0,0,nan
shadow_starvation,shadow_on,1,39,1.0,2,0,2,0,1,1,1,1,0,0,nan
shadow_starvation,shadow_on,1,40,1.0,2,0,2,0,1,1,1,1,0,0,nan
shadow_starvation,shadow_on,1,41,1.0,2,0,2,0,1,1,1,1,0,0,nan
shadow_starvation,shadow_on,1,42,1.0,2,0,2,0,1,1,1,1,0,0,nan
shadow_starvation,shadow_on,1,43,1.0,2,0,2,0,1,1,1,1,0,0,nan
shadow_starvation,shadow_on,1,44,1.0,2,0,2,0,1,1,1,1,0,0,nan
shadow_starvation,shadow_on,1,45,1.0,2,0,2,0,1,1,1,1,0,0,nan
shadow_starvation,shadow_on,1,46,1.0,2,0,2,0,1,1,1,1,0,0,nan
shadow_starvation,shadow_on,1,47,1.0,2,0,2,0,1,1,1,1,0,0,nan
shadow_starvation,shadow_on,1,48,1.0,2,0,2,0,1,1,1,1,0,0,nan
shadow_starvation,shadow_on,1,49,1.0,2,0,2,0,1,1,1,1,0,0,nan
shadow_starvation,shadow_on,1,50,1.0,2,0,2,0,1,1,1,1,0,0,nan
shadow_starvation,shadow_on,1,51,1.0,2,0,2,0,1,1,1,1,0,0,nan
shadow_starvation,shadow_on,1,52,1.0,2,0,2,0,1,1,1,1,0,0,nan
shadow_starvation,shadow_on,1,53,1.0,2,0,2,0,1,1,1,1,0,0,nan
shadow_starvation,shadow_on,1,54,1.0,2,0,2,0,1,1,1,1,0,0,nan
shadow_starvation,shadow_on,1,55,1.0,2,0,2,0,1,1,1,1,0,0,nan
shadow_starvation,shadow_on,1,56,1.0,2,0,2,0,1,1,1,1,0,0,nan
shadow_starvation,shadow_on,1,57,1.0,2,0,2,0,1,1,1,1,0,0,nan
shadow_starvation,shadow_on,1,58,1.0,2,0,2,0,1,1,1,1,0,0,nan
shadow_starvation,shadow_on,1,59,1.0,2,0,2,0,1,1,1,1,0,0,nan
shadow_starvation,shadow_on,1,60,1.0,2,0,2,0,1,0,1,1,0,0,nan
shadow_starvation,shadow_on,1,61,1.0,2,0,2,0,1,0,1,1,0,0,nan
shadow_starvation,shadow_on,1,62,1.0,2,0,2,0,1,0,1,1,0,0,nan
shadow_starvation,shadow_on,1,63,1.0,2,0,2,0,1,0,1,1,0,0,nan
shadow_starvation,shadow_on,1,64,1.0,2,0,2,0,1,0,1,1,0,0,nan
shadow_starvation,shadow_on,1,65,1.0,2,0,2,0,1,0,1,1,0,0,nan
shadow_starvation,shadow_on,1,66,1.0,2,0,2,0,1,0,1,1,0,0,nan
shadow_starvation,shadow_on,1,67,1.0,2,0,2,0,1,0,1,1,0,0,nan
shadow_starvation,shadow_on,1,68,1.0,2,0,2,0,1,0,1,1,0,0,nan
shadow_starvation,shadow_on,1,69,1.0,2,0,2,0,1,0,1,1,0,0,nan
shadow_starvation,shadow_on,1,70,1.0,2,0,2,0,1,0,1,1,0,0,nan
shadow_starvation,shadow_on,1,71,1.0,2,0,2,0,1,0,1,1,0,0,nan
shadow_starvation,shadow_on,1,72,1.0,2,0,2,0,1,0,1,1,0,0,nan
shadow_starvation,shadow_on,1,73,1.0,2,0,2,0,1,0,1,1,0,0,nan
shadow_starvation,shadow_on,1,74,1.0,2,0,2,0,1,0,1,1,0,0,nan
shadow_starvation,shadow_on,1,75,1.0,2,0,2,0,1,0,1,1,0,0,nan
shadow_starvation,shadow_on,1,76,1.0,2,0,2,0,1,0,1,1,0,0,nan
shadow_starvation,shadow_on,1,77,1.0,2,0,2,0,1,0,1,1,0,0,nan
shadow_starvation,shadow_on,1,78,1.0,2,0,2,0,1,0,1,1,0,0,nan
shadow_starvation,shadow_on,1,79,1.0,2,0,2,0,1,0,1,1,0,0,nan
shadow_starvation,shadow_on,1,80,1.0,2,0,2,0,1,0,1,1,0,0,nan
shadow_starvation,shadow_on,1,81,1.0,2,0,2,0,1,0,1,1,0,0,nan
shadow_starvation,shadow_on,1,82,1.0,2,0,2,0,1,0,1,1,0,0,nan
shadow_starvation,shadow_on,1,83,1.0,2,0,2,0,1,0,1,1,0,0,nan
shadow_starvation,shadow_on,1,84,1.0,2,0,2,0,1,0,1,1,0,0,nan
shadow_starvation,shadow_on,1,85,1.0,2,0,2,0,1,0,1,1,0,0,nan
shadow_starvation,shadow_on,1,86,1.0,2,0,2,0,1,0,1,1,0,0,nan
shadow_starvation,shadow_on,1,87,1.0,2,0,2,0,1,0,1,1,0,0,nan
shadow_starvation,shadow_on,1,88,1.0,2,0,2,0,1,0,1,1,0,0,nan
shadow_starvation,shadow_on,1,89,1.0,2,0,2,0,1,0,1,1,0,0,nan
shadow_starvation,shadow_on,1,90,1.0,2,0,2,0,1,0,1,1,0,0,nan
shadow_starvation,shadow_on,1,91,1.0,2,0,2,0,1,0,1,1,0,0,nan
shadow_starvation,shadow_on,1,92,1.0,2,0,2,0,1,0,1,1,0,0,nan
shadow_starvation,shadow_on,1,93,1.0,2,0,2,0,1,0,1,1,0,0,nan
shadow_starvation,shadow_on,1,94,1.0,2,0,2,0,1,0,1,1,0,0,nan
shadow_starvation,shadow_on,1,95,1.0,2,0,2,0,1,0,1,1,0,0,nan
shadow_starvation,shadow_on,1,96,1.0,2,0,2,0,1,0,1,1,0,0,nan
shadow_starvation,shadow_on,1,97,1.0,2,0,2,0,1,0,1,1,0,0,nan
shadow_starvation,shadow_on,1,98,1.0,2,0,2,0,1,0,1,1,0,0,nan
shadow_starvation,shadow_on,1,99,1.0,2,0,2,0,1,0,1,1,0,0,nan
shadow_starvation,shadow_on,2,0,nan,1,1,0,0,0,0,0,0,0,0,nan
shadow_starvation,shadow_on,2,1,nan,1,1,0,0,0,0,0,0,0,0,nan
shadow_starvation,shadow_on,2,2,nan,1,1,0,0,0,0,0,0,0,0,nan
shadow_starvation,shadow_on,2,3,nan,1,0,1,0,0,0,0,0,0,0,nan
shadow_starvation,shadow_on,2,4,nan,1,0,1,0,0,0,0,0,0,0,nan
shadow_starvation,shadow_on,2,5,nan,1,0,1,0,0,0,0,0,0,0,nan
shadow_starvation,shadow_on,2,6,nan,1,0,1,0,0,0,0,0,0,0,nan
shadow_starvation,shadow_on,2,7,nan,1,0,1,0,0,0,0,0,0,0,nan
shadow_starvation,shadow_on,2,8,nan,1,0,1,0,0,0,0,0,0,0,nan
shadow_starvation,shadow_on,2,9,nan,1,0,1,0,0,0,0,0,0,0,nan
shadow_starvation,shadow_on,2,10,0.0,2,1,1,0,0,1,1,0,0,0,nan
shadow_starvation,shadow_on,2,11,0.0,2,1,1,0,0,1,1,0,0,0,nan
shadow_starvation,shadow_on,2,12,0.0,2,1,1,0,0,1,1,0,0,0,nan
shadow_starvation,shadow_on,2,13,0.0,2,1,1,0,0,1,1,0,0,0,nan
shadow_starvation,shadow_on,2,14,0.0,2,1,1,0,0,1,1,0,0,0,nan
shadow_starvation,shadow_on,2,15,0.0,2,1,1,0,0,1,1,0,0,0,nan
shadow_starvation,shadow_on,2,16,0.0,2,1,1,0,0,1,1,0,0,0,nan
shadow_starvation,shadow_on,2,17,0.0,2,1,1,0,0,1,1,0,0,0,nan
shadow_starvation,shadow_on,2,18,0.0,2,1,1,0,0,1,1,0,0,0,nan
shadow_starvation,shadow_on,2,19,0.0,2,1,1,0,0,1,1,0,0,0,nan
shadow_starvation,shadow_on,2,20,0.0,2,1,1,0,0,1,1,0,0,0,nan
shadow_starvation,shadow_on,2,21,0.0,2,1,1,0,0,1,1,0,0,0,nan
shadow_starvation,shadow_on,2,22,0.0,2,0,2,0,1,1,1,0,0,0,nan
shadow_starvation,shadow_on,2,23,1.0,2,0,2,0,1,1,1,1,0,0,nan
shadow_starvation,shadow_on,2,24,1.0,2,0,2,0,1,1,1,1,0,0,nan
shadow_starvation,shadow_on,2,25,1.0,2,0,2,0,1,1,1,1,0,0,nan
shadow_starvation,shadow_on,2,26,1.0,2,0,2,0,1,1,1,1,0,0,nan
shadow_starvation,shadow_on,2,27,1.0,2,0,2,0,1,1,1,1,0,0,nan
shadow_starvation,shadow_on,2,28,1.0,2,0,2,0,1,1,1,1,0,0,nan
shadow_starvation,shadow_on,2,29,1.0,2,0,2,0,1,1,1,1,0,0,nan
shadow_starvation,shadow_on,2,30,1.0,2,0,2,0,1,1,1,1,0,0,nan
shadow_starvation,shadow_on,2,31,1.0,2,0,2,0,1,1,1,1,0,0,nan
shadow_starvation,shadow_on,2,32,1.0,2,0,2,0,1,1,1,1,0,0,nan
shadow_starvation,shadow_on,2,33,1.0,2,0,2,0,1,1,1,1,0,0,nan
shadow_starvation,shadow_on,2,34,1.0,2,0,2,0,1,1,1,1,0,0,nan
shadow_starvation,shadow_on,2,35,1.0,2,0,2,0,1,1,1,1,0,0,nan
shadow_starvation,shadow_on,2,36,1.0,2,0,2,0,1,1,1,1,0,0,nan
shadow_starvation,shadow_on,2,37,1.0,2,0,2,0,1,1,1,1,0,0,nan
shadow_starvation,shadow_on,2,38,1.0,2,0,2,0,1,1,1,1,0,0,nan
shadow_starvation,shadow_on,2,39,1.0,2,0,2,0,1,1,1,1,0,0,nan
shadow_starvation,shadow_on,2,40,1.0,2,0,2,0,1,1,1,1,0,0,nan
shadow_starvation,shadow_on,2,41,1.0,2,0,2,0,1,1,1,1,0,0,nan
shadow_starvation,shadow_on,2,42,1.0,2,0,2,0,1,1,1,1,0,0,nan
shadow_starvation,shadow_on,2,43,1.0,2,0,2,0,1,1,1,1,0,0,nan
shadow_starvation,shadow_on,2,44,1.0,2,0,2,0,1,1,1,1,0,0,nan
shadow_starvation,shadow_on,2,45,1.0,2,0,2,0,1,1,1,1,0,0,nan
shadow_starvation,shadow_on,2,46,1.0,2,0,2,0,1,1,1,1,0,0,nan
shadow_starvation,shadow_on,2,47,1.0,2,0,2,0,1,1,1,1,0,0,nan
shadow_starvation,shadow_on,2,48,1.0,2,0,2,0,1,1,1,1,0,0,nan
shadow_starvation,shadow_on,2,49,1.0,2,0,2,0,1,1,1,1,0,0,nan
shadow_starvation,shadow_on,2,50,1.0,2,0,2,0,1,1,1,1,0,0,nan
shadow_starvation,shadow_on,2,51,1.0,2,0,2,0,1,1,1,1,0,0,nan
shadow_starvation,shadow_on,2,52,1.0,2,0,2,0,1,1,1,1,0,0,nan
shadow_starvation,shadow_on,2,53,1.0,2,0,2,0,1,1,1,1,0,0,nan
shadow_starvation,shadow_on,2,54,1.0,2,0,2,0,1,1,1,1,0,0,nan
shadow_starvation,shadow_on,2,55,1.0,2,0,2,0,1,1,1,1,0,0,nan
shadow_starvation,shadow_on,2,56,1.0,2,0,2,0,1,1,1,1,0,0,nan
shadow_starvation,shadow_on,2,57,1.0,2,0,2,0,1,1,1,1,0,0,nan
shadow_starvation,shadow_on,2,58,1.0,2,0,2,0,1,1,1,1,0,0,nan
shadow_starvation,shadow_on,2,59,1.0,2,0,2,0,1,1,1,1,0,0,nan
shadow_starvation,shadow_on,2,60,1.0,2,0,2,0,1,0,1,1,0,0,nan
shadow_starvation,shadow_on,2,61,1.0,2,0,2,0,1,0,1,1,0,0,nan
shadow_starvation,shadow_on,2,62,1.0,2,0,2,0,1,0,1,1,0,0,nan
shadow_starvation,shadow_on,2,63,1.0,2,0,2,0,1,0,1,1,0,0,nan
shadow_starvation,shadow_on,2,64,1.0,2,0,2,0,1,0,1,1,0,0,nan
shadow_starvation,shadow_on,2,65,1.0,2,0,2,0,1,0,1,1,0,0,nan
shadow_starvation,shadow_on,2,66,1.0,2,0,2,0,1,0,1,1,0,0,nan
shadow_starvation,shadow_on,2,67,1.0,2,0,2,0,1,0,1,1,0,0,nan
shadow_starvation,shadow_on,2,68,1.0,2,0,2,0,1,0,1,1,0,0,nan
shadow_starvation,shadow_on,2,69,1.0,2,0,2,0,1,0,1,1,0,0,nan
shadow_starvation,shadow_on,2,70,1.0,2,0,2,0,1,0,1,1,0,0,nan
shadow_starvation,shadow_on,2,71,1.0,2,0,2,0,1,0,1,1,0,0,nan
shadow_starvation,shadow_on,2,72,1.0,2,0,2,0,1,0,1,1,0,0,nan
shadow_starvation,shadow_on,2,73,1.0,2,0,2,0,1,0,1,1,0,0,nan
shadow_starvation,shadow_on,2,74,1.0,2,0,2,0,1,0,1,1,0,0,nan
shadow_starvation,shadow_on,2,75,1.0,2,0,2,0,1,0,1,1,0,0,nan
shadow_starvation,shadow_on,2,76,1.0,2,0,2,0,1,0,1,1,0,0,nan
shadow_starvation,shadow_on,2,77,1.0,2,0,2,0,1,0,1,1,0,0,nan
shadow_starvation,shadow_on,2,78,1.0,2,0,2,0,1,0,1,1,0,0,nan
shadow_starvation,shadow_on,2,79,1.0,2,0,2,0,1,0,1,1,0,0,nan
shadow_starvation,shadow_on,2,80,1.0,2,0,2,0,1,0,1,1,0,0,nan
shadow_starvation,shadow_on,2,81,1.0,2,0,2,0,1,0,1,1,0,0,nan
shadow_starvation,shadow_on,2,82,1.0,2,0,2,0,1,0,1,1,0,0,nan
shadow_starvation,shadow_on,2,83,1.0,2,0,2,0,1,0,1,1,0,0,nan
shadow_starvation,shadow_on,2,84,1.0,2,0,2,0,1,0,1,1,0,0,nan
shadow_starvation,shadow_on,2,85,1.0,2,0,2,0,1,0,1,1,0,0,nan
shadow_starvation,shadow_on,2,86,1.0,2,0,2,0,1,0,1,1,0,0,nan
shadow_starvation,shadow_on,2,87,1.0,2,0,2,0,1,0,1,1,0,0,nan
shadow_starvation,shadow_on,2,88,1.0,2,0,2,0,1,0,1,1,0,0,nan
shadow_starvation,shadow_on,2,89,1.0,2,0,2,0,1,0,1,1,0,0,nan
shadow_starvation,shadow_on,2,90,1.0,2,0,2,0,1,0,1,1,0,0,nan
shadow_starvation,shadow_on,2,91,1.0,2,0,2,0,1,0,1,1,0,0,nan
shadow_starvation,shadow_on,2,92,1.0,2,0,2,0,1,0,1,1,0,0,nan
shadow_starvation,shadow_on,2,93,1.0,2,0,2,0,1,0,1,1,0,0,nan
shadow_starvation,shadow_on,2,94,1.0,2,0,2,0,1,0,1,1,0,0,nan
shadow_starvation,shadow_on,2,95,1.0,2,0,2,0,1,0,1,1,0,0,nan
shadow_starvation,shadow_on,2,96,1.0,2,0,2,0,1,0,1,1,0,0,nan
shadow_starvation,shadow_on,2,97,1.0,2,0,2,0,1,0,1,1,0,0,nan
shadow_starvation,shadow_on,2,98,1.0,2,0,2,0,1,0,1,1,0,0,nan
shadow_starvation,shadow_on,2,99,1.0,2,0,2,0,1,0,1,1,0,0,nan
shadow_starvation,shadow_on,3,0,nan,1,1,0,0,0,0,0,0,0,0,nan
shadow_starvation,shadow_on,3,1,nan,1,1,0,0,0,0,0,0,0,0,nan
shadow_starvation,shadow_on,3,2,nan,1,1,0,0,0,0,0,0,0,0,nan
shadow_starvation,shadow_on,3,3,nan,1,0,1,0,0,0,0,0,0,0,nan
shadow_starvation,shadow_on,3,4,nan,1,0,1,0,0,0,0,0,0,0,nan
shadow_starvation,shadow_on,3,5,nan,1,0,1,0,0,0,0,0,0,0,nan
shadow_starvation,shadow_on,3,6,nan,1,0,1,0,0,0,0,0,0,0,nan
shadow_starvation,shadow_on,3,7,nan,1,0,1,0,0,0,0,0,0,0,nan
shadow_starvation,shadow_on,3,8,nan,1,0,1,0,0,0,0,0,0,0,nan
shadow_starvation,shadow_on,3,9,nan,1,0,1,0,0,0,0,0,0,0,nan
shadow_starvation,shadow_on,3,10,0.0,2,1,1,0,0,1,1,0,0,0,nan
shadow_starvation,shadow_on,3,11,0.0,2,1,1,0,0,1,1,0,0,0,nan
shadow_starvation,shadow_on,3,12,0.0,2,1,1,0,0,1,1,0,0,0,nan
shadow_starvation,shadow_on,3,13,0.0,2,1,1,0,0,1,1,0,0,0,nan
shadow_starvation,shadow_on,3,14,0.0,2,1,1,0,0,1,1,0,0,0,nan
shadow_starvation,shadow_on,3,15,0.0,2,1,1,0,0,1,1,0,0,0,nan
shadow_starvation,shadow_on,3,16,0.0,2,1,1,0,0,1,1,0,0,0,nan
shadow_starvation,shadow_on,3,17,0.0,2,1,1,0,0,1,1,0,0,0,nan
shadow_starvation,shadow_on,3,18,0.0,2,1,1,0,0,1,1,0,0,0,nan
shadow_starvation,shadow_on,3,19,0.0,2,1,1,0,0,1,1,0,0,0,nan
shadow_starvation,shadow_on,3,20,0.0,2,1,1,0,0,1,1,0,0,0,nan
shadow_starvation,shadow_on,3,21,0.0,2,1,1,0,0,1,1,0,0,0,nan
shadow_starvation,shadow_on,3,22,0.0,2,0,2,0,1,1,1,0,0,0,nan
shadow_starvation,shadow_on,3,23,1.0,2,0,2,0,1,1,1,1,0,0,nan
shadow_starvation,shadow_on,3,24,1.0,2,0,2,0,1,1,1,1,0,0,nan
shadow_starvation,shadow_on,3,25,1.0,2,0,2,0,1,1,1,1,0,0,nan
shadow_starvation,shadow_on,3,26,1.0,2,0,2,0,1,1,1,1,0,0,nan
shadow_starvation,shadow_on,3,27,1.0,2,0,2,0,1,1,1,1,0,0,nan
shadow_starvation,shadow_on,3,28,1.0,2,0,2,0,1,1,1,1,0,0,nan
shadow_starvation,shadow_on,3,29,1.0,2,0,2,0,1,1,1,1,0,0,nan
shadow_starvation,shadow_on,3,30,1.0,2,0,2,0,1,1,1,1,0,0,nan
shadow_starvation,shadow_on,3,31,1.0,2,0,2,0,1,1,1,1,0,0,nan
shadow_starvation,shadow_on,3,32,1.0,2,0,2,0,1,1,1,1,0,0,nan
shadow_starvation,shadow_on,3,33,1.0,2,0,2,0,1,1,1,1,0,0,nan
shadow_starvation,shadow_on,3,34,1.0,2,0,2,0,1,1,1,1,0,0,nan
shadow_starvation,shadow_on,3,35,1.0,2,0,2,0,1,1,1,1,0,0,nan
shadow_starvation,shadow_on,3,36,1.0,2,0,2,0,1,1,1,1,0,0,nan
shadow_starvation,shadow_on,3,37,1.0,2,0,2,0,1,1,1,1,0,0,nan
shadow_starvation,shadow_on,3,38,1.0,2,0,2,0,1,1,1,1,0,0,nan
shadow_starvation,shadow_on,3,39,1.0,2,0,2,0,1,1,1,1,0,0,nan
shadow_starvation,shadow_on,3,40,1.0,2,0,2,0,1,1,1,1,0,0,nan
shadow_starvation,shadow_on,3,41,1.0,2,0,2,0,1,1,1,1,0,0,nan
shadow_starvation,shadow_on,3,42,1.0,2,0,2,0,1,1,1,1,0,0,nan
shadow_starvation,shadow_on,3,43,1.0,2,0,2,0,1,1,1,1,0,0,nan
shadow_starvation,shadow_on,3,44,1.0,2,0,2,0,1,1,1,1,0,0,nan
shadow_starvation,shadow_on,3,45,1.0,2,0,2,0,1,1,1,1,0,0,nan
shadow_starvation,shadow_on,3,46,1.0,2,0,2,0,1,1,1,1,0,0,nan
shadow_starvation,shadow_on,3,47,1.0,2,0,2,0,1,1,1,1,0,0,nan
shadow_starvation,shadow_on,3,48,1.0,2,0,2,0,1,1,1,1,0,0,nan
shadow_starvation,shadow_on,3,49,1.0,2,0,2,0,1,1,1,1,0,0,nan
shadow_starvation,shadow_on,3,50,1.0,2,0,2,0,1,1,1,1,0,0,nan
shadow_starvation,shadow_on,3,51,1.0,2,0,2,0,1,1,1,1,0,0,nan
shadow_starvation,shadow_on,3,52,1.0,2,0,2,0,1,1,1,1,0,0,nan
shadow_starvation,shadow_on,3,53,1.0,2,0,2,0,1,1,1,1,0,0,nan
shadow_starvation,shadow_on,3,54,1.0,2,0,2,0,1,1,1,1,0,0,nan
shadow_starvation,shadow_on,3,55,1.0,2,0,2,0,1,1,1,1,0,0,nan
shadow_starvation,shadow_on,3,56,1.0,2,0,2,0,1,1,1,1,0,0,nan
shadow_starvation,shadow_on,3,57,1.0,2,0,2,0,1,1,1,1,0,0,nan
shadow_starvation,shadow_on,3,58,1.0,2,0,2,0,1,1,1,1,0,0,nan
shadow_starvation,shadow_on,3,59,1.0,2,0,2,0,1,1,1,1,0,0,nan
shadow_starvation,shadow_on,3,60,1.0,2,0,2,0,1,0,1,1,0,0,nan
shadow_starvation,shadow_on,3,61,1.0,2,0,2,0,1,0,1,1,0,0,nan
shadow_starvation,shadow_on,3,62,1.0,2,0,2,0,1,0,1,1,0,0,nan
shadow_starvation,shadow_on,3,63,1.0,2,0,2,0,1,0,1,1,0,0,nan
shadow_starvation,shadow_on,3,64,1.0,2,0,2,0,1,0,1,1,0,0,nan
shadow_starvation,shadow_on,3,65,1.0,2,0,2,0,1,0,1,1,0,0,nan
shadow_starvation,shadow_on,3,66,1.0,2,0,2,0,1,0,1,1,0,0,nan
shadow_starvation,shadow_on,3,67,1.0,2,0,2,0,1,0,1,1,0,0,nan
shadow_starvation,shadow_on,3,68,1.0,2,0,2,0,1,0,1,1,0,0,nan
shadow_starvation,shadow_on,3,69,1.0,2,0,2,0,1,0,1,1,0,0,nan
shadow_starvation,shadow_on,3,70,1.0,2,0,2,0,1,0,1,1,0,0,nan
shadow_starvation,shadow_on,3,71,1.0,2,0,2,0,1,0,1,1,0,0,nan
shadow_starvation,shadow_on,3,72,1.0,2,0,2,0,1,0,1,1,0,0,nan
shadow_starvation,shadow_on,3,73,1.0,2,0,2,0,1,0,1,1,0,0,nan
shadow_starvation,shadow_on,3,74,1.0,2,0,2,0,1,0,1,1,0,0,nan
shadow_starvation,shadow_on,3,75,1.0,2,0,2,0,1,0,1,1,0,0,nan
shadow_starvation,shadow_on,3,76,1.0,2,0,2,0,1,0,1,1,0,0,nan
shadow_starvation,shadow_on,3,77,1.0,2,0,2,0,1,0,1,1,0,0,nan
shadow_starvation,shadow_on,3,78,1.0,2,0,2,0,1,0,1,1,0,0,nan
shadow_starvation,shadow_on,3,79,1.0,2,0,2,0,1,0,1,1,0,0,nan
shadow_starvation,shadow_on,3,80,1.0,2,0,2,0,1,0,1,1,0,0,nan
shadow_starvation,shadow_on,3,81,1.0,2,0,2,0,1,0,1,1,0,0,nan
shadow_starvation,shadow_on,3,82,1.0,2,0,2,0,1,0,1,1,0,0,nan
shadow_starvation,shadow_on,3,83,1.0,2,0,2,0,1,0,1,1,0,0,nan
shadow_starvation,shadow_on,3,84,1.0,2,0,2,0,1,0,1,1,0,0,nan
shadow_starvation,shadow_on,3,85,1.0,2,0,2,0,1,0,1,1,0,0,nan
shadow_starvation,shadow_on,3,86,1.0,2,0,2,0,1,0,1,1,0,0,nan
shadow_starvation,shadow_on,3,87,1.0,2,0,2,0,1,0,1,1,0,0,nan
shadow_starvation,shadow_on,3,88,1.0,2,0,2,0,1,0,1,1,0,0,nan
shadow_starvation,shadow_on,3,89,1.0,2,0,2,0,1,0,1,1,0,0,nan
shadow_starvation,shadow_on,3,90,1.0,2,0,2,0,1,0,1,1,0,0,nan
shadow_starvation,shadow_on,3,91,1.0,2,0,2,0,1,0,1,1,0,0,nan
shadow_starvation,shadow_on,3,92,1.0,2,0,2,0,1,0,1,1,0,0,nan
shadow_starvation,shadow_on,3,93,1.0,2,0,2,0,1,0,1,1,0,0,nan
shadow_starvation,shadow_on,3,94,1.0,2,0,2,0,1,0,1,1,0,0,nan
shadow_starvation,shadow_on,3,95,1.0,2,0,2,0,1,0,1,1,0,0,nan
shadow_starvation,shadow_on,3,96,1.0,2,0,2,0,1,0,1,1,0,0,nan
shadow_starvation,shadow_on,3,97,1.0,2,0,2,0,1,0,1,1,0,0,nan
shadow_starvation,shadow_on,3,98,1.0,2,0,2,0,1,0,1,1,0,0,nan
shadow_starvation,shadow_on,3,99,1.0,2,0,2,0,1,0,1,1,0,0,nan
shadow_starvation,shadow_on,4,0,nan,1,1,0,0,0,0,0,0,0,0,nan
shadow_starvation,shadow_on,4,1,nan,1,1,0,0,0,0,0,0,0,0,nan
shadow_starvation,shadow_on,4,2,nan,1,1,0,0,0,0,0,0,0,0,nan
shadow_starvation,shadow_on,4,3,nan,1,0,1,0,0,0,0,0,0,0,nan
shadow_starvation,shadow_on,4,4,nan,1,0,1,0,0,0,0,0,0,0,nan
shadow_starvation,shadow_on,4,5,nan,1,0,1,0,0,0,0,0,0,0,nan
shadow_starvation,shadow_on,4,6,nan,1,0,1,0,0,0,0,0,0,0,nan
shadow_starvation,shadow_on,4,7,nan,1,0,1,0,0,0,0,0,0,0,nan
shadow_starvation,shadow_on,4,8,nan,1,0,1,0,0,0,0,0,0,0,nan
shadow_starvation,shadow_on,4,9,nan,1,0,1,0,0,0,0,0,0,0,nan
shadow_starvation,shadow_on,4,10,0.0,2,1,1,0,0,1,1,0,0,0,nan
shadow_starvation,shadow_on,4,11,0.0,2,1,1,0,0,1,1,0,0,0,nan
shadow_starvation,shadow_on,4,12,0.0,2,1,1,0,0,1,1,0,0,0,nan
shadow_starvation,shadow_on,4,13,0.0,2,1,1,0,0,1,1,0,0,0,nan
shadow_starvation,shadow_on,4,14,0.0,2,1,1,0,0,1,1,0,0,0,nan
shadow_starvation,shadow_on,4,15,0.0,2,1,1,0,0,1,1,0,0,0,nan
shadow_starvation,shadow_on,4,16,0.0,2,1,1,0,0,1,1,0,0,0,nan
shadow_starvation,shadow_on,4,17,0.0,2,1,1,0,0,1,1,0,0,0,nan
shadow_starvation,shadow_on,4,18,0.0,2,1,1,0,0,1,1,0,0,0,nan
shadow_starvation,shadow_on,4,19,0.0,2,1,1,0,0,1,1,0,0,0,nan
shadow_starvation,shadow_on,4,20,0.0,2,1,1,0,0,1,1,0,0,0,nan
shadow_starvation,shadow_on,4,21,0.0,2,1,1,0,0,1,1,0,0,0,nan
shadow_starvation,shadow_on,4,22,0.0,2,0,2,0,1,1,1,0,0,0,nan
shadow_starvation,shadow_on,4,23,1.0,2,0,2,0,1,1,1,1,0,0,nan
shadow_starvation,shadow_on,4,24,1.0,2,0,2,0,1,1,1,1,0,0,nan
shadow_starvation,shadow_on,4,25,1.0,2,0,2,0,1,1,1,1,0,0,nan
shadow_starvation,shadow_on,4,26,1.0,2,0,2,0,1,1,1,1,0,0,nan
shadow_starvation,shadow_on,4,27,1.0,2,0,2,0,1,1,1,1,0,0,nan
shadow_starvation,shadow_on,4,28,1.0,2,0,2,0,1,1,1,1,0,0,nan
shadow_starvation,shadow_on,4,29,1.0,2,0,2,0,1,1,1,1,0,0,nan
shadow_starvation,shadow_on,4,30,1.0,2,0,2,0,1,1,1,1,0,0,nan
shadow_starvation,shadow_on,4,31,1.0,2,0,2,0,1,1,1,1,0,0,nan
shadow_starvation,shadow_on,4,32,1.0,2,0,2,0,1,1,1,1,0,0,nan
shadow_starvation,shadow_on,4,33,1.0,2,0,2,0,1,1,1,1,0,0,nan
shadow_starvation,shadow_on,4,34,1.0,2,0,2,0,1,1,1,1,0,0,nan
shadow_starvation,shadow_on,4,35,1.0,2,0,2,0,1,1,1,1,0,0,nan
shadow_starvation,shadow_on,4,36,1.0,2,0,2,0,1,1,1,1,0,0,nan
shadow_starvation,shadow_on,4,37,1.0,2,0,2,0,1,1,1,1,0,0,nan
shadow_starvation,shadow_on,4,38,1.0,2,0,2,0,1,1,1,1,0,0,nan
shadow_starvation,shadow_on,4,39,1.0,2,0,2,0,1,1,1,1,0,0,nan
shadow_starvation,shadow_on,4,40,1.0,2,0,2,0,1,1,1,1,0,0,nan
shadow_starvation,shadow_on,4,41,1.0,2,0,2,0,1,1,1,1,0,0,nan
shadow_starvation,shadow_on,4,42,1.0,2,0,2,0,1,1,1,1,0,0,nan
shadow_starvation,shadow_on,4,43,1.0,2,0,2,0,1,1,1,1,0,0,nan
shadow_starvation,shadow_on,4,44,1.0,2,0,2,0,1,1,1,1,0,0,nan
shadow_starvation,shadow_on,4,45,1.0,2,0,2,0,1,1,1,1,0,0,nan
shadow_starvation,shadow_on,4,46,1.0,2,0,2,0,1,1,1,1,0,0,nan
shadow_starvation,shadow_on,4,47,1.0,2,0,2,0,1,1,1,1,0,0,nan
shadow_starvation,shadow_on,4,48,1.0,2,0,2,0,1,1,1,1,0,0,nan
shadow_starvation,shadow_on,4,49,1.0,2,0,2,0,1,1,1,1,0,0,nan
shadow_starvation,shadow_on,4,50,1.0,2,0,2,0,1,1,1,1,0,0,nan
shadow_starvation,shadow_on,4,51,1.0,2,0,2,0,1,1,1,1,0,0,nan
shadow_starvation,shadow_on,4,52,1.0,2,0,2,0,1,1,1,1,0,0,nan
shadow_starvation,shadow_on,4,53,1.0,2,0,2,0,1,1,1,1,0,0,nan
shadow_starvation,shadow_on,4,54,1.0,2,0,2,0,1,1,1,1,0,0,nan
shadow_starvation,shadow_on,4,55,1.0,2,0,2,0,1,1,1,1,0,0,nan
shadow_starvation,shadow_on,4,56,1.0,2,0,2,0,1,1,1,1,0,0,nan
shadow_starvation,shadow_on,4,57,1.0,2,0,2,0,1,1,1,1,0,0,nan
shadow_starvation,shadow_on,4,58,1.0,2,0,2,0,1,1,1,1,0,0,nan
shadow_starvation,shadow_on,4,59,1.0,2,0,2,0,1,1,1,1,0,0,nan
shadow_starvation,shadow_on,4,60,1.0,2,0,2,0,1,0,1,1,0,0,nan
shadow_starvation,shadow_on,4,61,1.0,2,0,2,0,1,0,1,1,0,0,nan
shadow_starvation,shadow_on,4,62,1.0,2,0,2,0,1,0,1,1,0,0,nan
shadow_starvation,shadow_on,4,63,1.0,2,0,2,0,1,0,1,1,0,0,nan
shadow_starvation,shadow_on,4,64,1.0,2,0,2,0,1,0,1,1,0,0,nan
shadow_starvation,shadow_on,4,65,1.0,2,0,2,0,1,0,1,1,0,0,nan
shadow_starvation,shadow_on,4,66,1.0,2,0,2,0,1,0,1,1,0,0,nan
shadow_starvation,shadow_on,4,67,1.0,2,0,2,0,1,0,1,1,0,0,nan
shadow_starvation,shadow_on,4,68,1.0,2,0,2,0,1,0,1,1,0,0,nan
shadow_starvation,shadow_on,4,69,1.0,2,0,2,0,1,0,1,1,0,0,nan
shadow_starvation,shadow_on,4,70,1.0,2,0,2,0,1,0,1,1,0,0,nan
shadow_starvation,shadow_on,4,71,1.0,2,0,2,0,1,0,1,1,0,0,nan
shadow_starvation,shadow_on,4,72,1.0,2,0,2,0,1,0,1,1,0,0,nan
shadow_starvation,shadow_on,4,73,1.0,2,0,2,0,1,0,1,1,0,0,nan
shadow_starvation,shadow_on,4,74,1.0,2,0,2,0,1,0,1,1,0,0,nan
shadow_starvation,shadow_on,4,75,1.0,2,0,2,0,1,0,1,1,0,0,nan
shadow_starvation,shadow_on,4,76,1.0,2,0,2,0,1,0,1,1,0,0,nan
shadow_starvation,shadow_on,4,77,1.0,2,0,2,0,1,0,1,1,0,0,nan
shadow_starvation,shadow_on,4,78,1.0,2,0,2,0,1,0,1,1,0,0,nan
shadow_starvation,shadow_on,4,79,1.0,2,0,2,0,1,0,1,1,0,0,nan
shadow_starvation,shadow_on,4,80,1.0,2,0,2,0,1,0,1,1,0,0,nan
shadow_starvation,shadow_on,4,81,1.0,2,0,2,0,1,0,1,1,0,0,nan
shadow_starvation,shadow_on,4,82,1.0,2,0,2,0,1,0,1,1,0,0,nan
shadow_starvation,shadow_on,4,83,1.0,2,0,2,0,1,0,1,1,0,0,nan
shadow_starvation,shadow_on,4,84,1.0,2,0,2,0,1,0,1,1,0,0,nan
shadow_starvation,shadow_on,4,85,1.0,2,0,2,0,1,0,1,1,0,0,nan
shadow_starvation,shadow_on,4,86,1.0,2,0,2,0,1,0,1,1,0,0,nan
shadow_starvation,shadow_on,4,87,1.0,2,0,2,0,1,0,1,1,0,0,nan
shadow_starvation,shadow_on,4,88,1.0,2,0,2,0,1,0,1,1,0,0,nan
shadow_starvation,shadow_on,4,89,1.0,2,0,2,0,1,0,1,1,0,0,nan
shadow_starvation,shadow_on,4,90,1.0,2,0,2,0,1,0,1,1,0,0,nan
shadow_starvation,shadow_on,4,91,1.0,2,0,2,0,1,0,1,1,0,0,nan
shadow_starvation,shadow_on,4,92,1.0,2,0,2,0,1,0,1,1,0,0,nan
shadow_starvation,shadow_on,4,93,1.0,2,0,2,0,1,0,1,1,0,0,nan
shadow_starvation,shadow_on,4,94,1.0,2,0,2,0,1,0,1,1,0,0,nan
shadow_starvation,shadow_on,4,95,1.0,2,0,2,0,1,0,1,1,0,0,nan
shadow_starvation,shadow_on,4,96,1.0,2,0,2,0,1,0,1,1,0,0,nan
shadow_starvation,shadow_on,4,97,1.0,2,0,2,0,1,0,1,1,0,0,nan
shadow_starvation,shadow_on,4,98,1.0,2,0,2,0,1,0,1,1,0,0,nan
shadow_starvation,shadow_on,4,99,1.0,2,0,2,0,1,0,1,1,0,0,nan
shadow_starvation,shadow_on,5,0,nan,1,1,0,0,0,0,0,0,0,0,nan
shadow_starvation,shadow_on,5,1,nan,1,1,0,0,0,0,0,0,0,0,nan
shadow_starvation,shadow_on,5,2,nan,1,1,0,0,0,0,0,0,0,0,nan
shadow_starvation,shadow_on,5,3,nan,1,0,1,0,0,0,0,0,0,0,nan
shadow_starvation,shadow_on,5,4,nan,1,0,1,0,0,0,0,0,0,0,nan
shadow_starvation,shadow_on,5,5,nan,1,0,1,0,0,0,0,0,0,0,nan
shadow_starvation,shadow_on,5,6,nan,1,0,1,0,0,0,0,0,0,0,nan
shadow_starvation,shadow_on,5,7,nan,1,0,1,0,0,0,0,0,0,0,nan
shadow_starvation,shadow_on,5,8,nan,1,0,1,0,0,0,0,0,0,0,nan
shadow_starvation,shadow_on,5,9,nan,1,0,1,0,0,0,0,0,0,0,nan
shadow_starvation,shadow_on,5,10,0.0,2,1,1,0,0,1,1,0,0,0,nan
shadow_starvation,shadow_on,5,11,0.0,2,1,1,0,0,1,1,0,0,0,nan
shadow_starvation,shadow_on,5,12,0.0,2,1,1,0,0,1,1,0,0,0,nan
shadow_starvation,shadow_on,5,13,0.0,2,1,1,0,0,1,1,0,0,0,nan
shadow_starvation,shadow_on,5,14,0.0,2,1,1,0,0,1,1,0,0,0,nan
shadow_starvation,shadow_on,5,15,0.0,2,1,1,0,0,1,1,0,0,0,nan
shadow_starvation,shadow_on,5,16,0.0,2,1,1,0,0,1,1,0,0,0,nan
shadow_starvation,shadow_on,5,17,0.0,2,1,1,0,0,1,1,0,0,0,nan
shadow_starvation,shadow_on,5,18,0.0,2,1,1,0,0,1,1,0,0,0,nan
shadow_starvation,shadow_on,5,19,0.0,2,1,1,0,0,1,1,0,0,0,nan
shadow_starvation,shadow_on,5,20,0.0,2,1,1,0,0,1,1,0,0,0,nan
shadow_starvation,shadow_on,5,21,0.0,2,1,1,0,0,1,1,0,0,0,nan
shadow_starvation,shadow_on,5,22,0.0,2,0,2,0,1,1,1,0,0,0,nan
shadow_starvation,shadow_on,5,23,1.0,2,0,2,0,1,1,1,1,0,0,nan
shadow_starvation,shadow_on,5,24,1.0,2,0,2,0,1,1,1,1,0,0,nan
shadow_starvation,shadow_on,5,25,1.0,2,0,2,0,1,1,1,1,0,0,nan
shadow_starvation,shadow_on,5,26,1.0,2,0,2,0,1,1,1,1,0,0,nan
shadow_starvation,shadow_on,5,27,1.0,2,0,2,0,1,1,1,1,0,0,nan
shadow_starvation,shadow_on,5,28,1.0,2,0,2,0,1,1,1,1,0,0,nan
shadow_starvation,shadow_on,5,29,1.0,2,0,2,0,1,1,1,1,0,0,nan
shadow_starvation,shadow_on,5,30,1.0,2,0,2,0,1,1,1,1,0,0,nan
shadow_starvation,shadow_on,5,31,1.0,2,0,2,0,1,1,1,1,0,0,nan
shadow_starvation,shadow_on,5,32,1.0,2,0,2,0,1,1,1,1,0,0,nan
shadow_starvation,shadow_on,5,33,1.0,2,0,2,0,1,1,1,1,0,0,nan
shadow_starvation,shadow_on,5,34,1.0,2,0,2,0,1,1,1,1,0,0,nan
shadow_starvation,shadow_on,5,35,1.0,2,0,2,0,1,1,1,1,0,0,nan
shadow_starvation,shadow_on,5,36,1.0,2,0,2,0,1,1,1,1,0,0,nan
shadow_starvation,shadow_on,5,37,1.0,2,0,2,0,1,1,1,1,0,0,nan
shadow_starvation,shadow_on,5,38,1.0,2,0,2,0,1,1,1,1,0,0,nan
shadow_starvation,shadow_on,5,39,1.0,2,0,2,0,1,1,1,1,0,0,nan
shadow_starvation,shadow_on,5,40,1.0,2,0,2,0,1,1,1,1,0,0,nan
shadow_starvation,shadow_on,5,41,1.0,2,0,2,0,1,1,1,1,0,0,nan
shadow_starvation,shadow_on,5,42,1.0,2,0,2,0,1,1,1,1,0,0,nan
shadow_starvation,shadow_on,5,43,1.0,2,0,2,0,1,1,1,1,0,0,nan
shadow_starvation,shadow_on,5,44,1.0,2,0,2,0,1,1,1,1,0,0,nan
shadow_starvation,shadow_on,5,45,1.0,2,0,2,0,1,1,1,1,0,0,nan
shadow_starvation,shadow_on,5,46,1.0,2,0,2,0,1,1,1,1,0,0,nan
shadow_starvation,shadow_on,5,47,1.0,2,0,2,0,1,1,1,1,0,0,nan
shadow_starvation,shadow_on,5,48,1.0,2,0,2,0,1,1,1,1,0,0,nan
shadow_starvation,shadow_on,5,49,1.0,2,0,2,0,1,1,1,1,0,0,nan
shadow_starvation,shadow_on,5,50,1.0,2,0,2,0,1,1,1,1,0,0,nan
shadow_starvation,shadow_on,5,51,1.0,2,0,2,0,1,1,1,1,0,0,nan
shadow_starvation,shadow_on,5,52,1.0,2,0,2,0,1,1,1,1,0,0,nan
shadow_starvation,shadow_on,5,53,1.0,2,0,2,0,1,1,1,1,0,0,nan
shadow_starvation,shadow_on,5,54,1.0,2,0,2,0,1,1,1,1,0,0,nan
shadow_starvation,shadow_on,5,55,1.0,2,0,2,0,1,1,1,1,0,0,nan
shadow_starvation,shadow_on,5,56,1.0,2,0,2,0,1,1,1,1,0,0,nan
shadow_starvation,shadow_on,5,57,1.0,2,0,2,0,1,1,1,1,0,0,nan
shadow_starvation,shadow_on,5,58,1.0,2,0,2,0,1,1,1,1,0,0,nan
shadow_starvation,shadow_on,5,59,1.0,2,0,2,0,1,1,1,1,0,0,nan
shadow_starvation,shadow_on,5,60,1.0,2,0,2,0,1,0,1,1,0,0,nan
shadow_starvation,shadow_on,5,61,1.0,2,0,2,0,1,0,1,1,0,0,nan
shadow_starvation,shadow_on,5,62,1.0,2,0,2,0,1,0,1,1,0,0,nan
shadow_starvation,shadow_on,5,63,1.0,2,0,2,0,1,0,1,1,0,0,nan
shadow_starvation,shadow_on,5,64,1.0,2,0,2,0,1,0,1,1,0,0,nan
shadow_starvation,shadow_on,5,65,1.0,2,0,2,0,1,0,1,1,0,0,nan
shadow_starvation,shadow_on,5,66,1.0,2,0,2,0,1,0,1,1,0,0,nan
shadow_starvation,shadow_on,5,67,1.0,3,1,2,0,1,1,1,1,0,0,nan
shadow_starvation,shadow_on,5,68,1.0,3,1,2,0,1,1,1,1,0,0,nan
shadow_starvation,shadow_on,5,69,1.0,3,1,2,0,1,1,1,1,0,0,nan
shadow_starvation,shadow_on,5,70,1.0,3,1,2,0,1,1,1,1,0,0,nan
shadow_starvation,shadow_on,5,71,1.0,3,1,2,0,1,1,1,1,0,0,nan
shadow_starvation,shadow_on,5,72,1.0,3,1,2,0,1,1,1,1,0,0,nan
shadow_starvation,shadow_on,5,73,1.0,3,1,2,0,1,1,1,1,0,0,nan
shadow_starvation,shadow_on,5,74,1.0,3,1,2,0,1,1,1,1,0,0,nan
shadow_starvation,shadow_on,5,75,1.0,3,1,2,0,1,1,1,1,0,0,nan
shadow_starvation,shadow_on,5,76,1.0,3,1,2,0,1,1,1,1,0,0,nan
shadow_starvation,shadow_on,5,77,1.0,3,1,2,0,1,1,1,1,0,0,nan
shadow_starvation,shadow_on,5,78,1.0,3,1,2,0,1,1,1,1,0,0,nan
shadow_starvation,shadow_on,5,79,1.0,3,0,3,0,1,1,1,1,0,0,nan
shadow_starvation,shadow_on,5,80,1.0,3,0,3,0,1,2,1,1,0,0,nan
shadow_starvation,shadow_on,5,81,1.0,3,0,3,0,1,2,1,1,0,0,nan
shadow_starvation,shadow_on,5,82,1.0,3,0,3,0,1,2,1,1,0,0,nan
shadow_starvation,shadow_on,5,83,1.0,3,0,3,0,1,2,1,1,0,0,nan
shadow_starvation,shadow_on,5,84,1.0,3,0,3,0,1,2,1,1,0,0,nan
shadow_starvation,shadow_on,5,85,1.0,3,0,3,0,1,2,1,1,0,0,nan
shadow_starvation,shadow_on,5,86,1.0,3,0,3,0,1,2,1,1,0,0,nan
shadow_starvation,shadow_on,5,87,1.0,3,0,3,0,1,2,1,1,0,0,nan
shadow_starvation,shadow_on,5,88,1.0,3,0,3,0,1,2,1,1,0,0,nan
shadow_starvation,shadow_on,5,89,1.0,3,0,3,0,1,2,1,1,0,0,nan
shadow_starvation,shadow_on,5,90,1.0,3,0,3,0,1,2,1,1,0,0,nan
shadow_starvation,shadow_on,5,91,1.0,3,0,3,0,1,2,1,1,0,0,nan
shadow_starvation,shadow_on,5,92,1.0,3,0,3,0,1,2,1,1,0,0,nan
shadow_starvation,shadow_on,5,93,1.0,3,0,3,0,1,2,1,1,0,0,nan
shadow_starvation,shadow_on,5,94,1.0,3,0,3,0,1,2,1,1,0,0,nan
shadow_starvation,shadow_on,5,95,1.0,3,0,3,0,1,2,1,1,0,0,nan
shadow_starvation,shadow_on,5,96,1.0,3,0,3,0,1,2,1,1,0,0,nan
shadow_starvation,shadow_on,5,97,1.0,3,0,3,0,1,2,1,1,0,0,nan
shadow_starvation,shadow_on,5,98,1.0,3,0,3,0,1,2,1,1,0,0,nan
shadow_starvation,shadow_on,5,99,1.0,3,0,3,0,1,2,1,1,0,0,nan
shadow_starvation,shadow_on,6,0,nan,1,1,0,0,0,0,0,0,0,0,nan
shadow_starvation,shadow_on,6,1,nan,1,1,0,0,0,0,0,0,0,0,nan
shadow_starvation,shadow_on,6,2,nan,1,1,0,0,0,0,0,0,0,0,nan
shadow_starvation,shadow_on,6,3,nan,1,0,1,0,0,0,0,0,0,0,nan
shadow_starvation,shadow_on,6,4,nan,1,0,1,0,0,0,0,0,0,0,nan
shadow_starvation,shadow_on,6,5,nan,1,0,1,0,0,0,0,0,0,0,nan
shadow_starvation,shadow_on,6,6,nan,1,0,1,0,0,0,0,0,0,0,nan
shadow_starvation,shadow_on,6,7,nan,1,0,1,0,0,0,0,0,0,0,nan
shadow_starvation,shadow_on,6,8,nan,1,0,1,0,0,0,0,0,0,0,nan
shadow_starvation,shadow_on,6,9,nan,1,0,1,0,0,0,0,0,0,0,nan
shadow_starvation,shadow_on,6,10,0.0,2,1,1,0,0,1,1,0,0,0,nan
shadow_starvation,shadow_on,6,11,0.0,2,1,1,0,0,1,1,0,0,0,nan
shadow_starvation,shadow_on,6,12,0.0,2,1,1,0,0,1,1,0,0,0,nan
shadow_starvation,shadow_on,6,13,0.0,2,1,1,0,0,1,1,0,0,0,nan
shadow_starvation,shadow_on,6,14,0.0,2,1,1,0,0,1,1,0,0,0,nan
shadow_starvation,shadow_on,6,15,0.0,2,1,1,0,0,1,1,0,0,0,nan
shadow_starvation,shadow_on,6,16,0.0,2,1,1,0,0,1,1,0,0,0,nan
shadow_starvation,shadow_on,6,17,0.0,2,1,1,0,0,1,1,0,0,0,nan
shadow_starvation,shadow_on,6,18,0.0,2,1,1,0,0,1,1,0,0,0,nan
shadow_starvation,shadow_on,6,19,0.0,2,1,1,0,0,1,1,0,0,0,nan
shadow_starvation,shadow_on,6,20,0.0,2,1,1,0,0,1,1,0,0,0,nan
shadow_starvation,shadow_on,6,21,0.0,2,1,1,0,0,1,1,0,0,0,nan
shadow_starvation,shadow_on,6,22,0.0,2,0,2,0,1,1,1,0,0,0,nan
shadow_starvation,shadow_on,6,23,1.0,3,1,2,0,1,3,1,1,0,0,nan
shadow_starvation,shadow_on,6,24,1.0,3,1,2,0,1,3,1,1,0,0,nan
shadow_starvation,shadow_on,6,25,1.0,3,1,2,0,1,3,1,1,0,0,nan
shadow_starvation,shadow_on,6,26,1.0,3,1,2,0,1,3,1,1,0,0,nan
shadow_starvation,shadow_on,6,27,1.0,3,1,2,0,1,3,1,1,0,0,nan
shadow_starvation,shadow_on,6,28,1.0,3,1,2,0,1,3,1,1,0,0,nan
shadow_starvation,shadow_on,6,29,1.0,3,1,2,0,1,3,1,1,0,0,nan
shadow_starvation,shadow_on,6,30,1.0,3,1,2,0,1,3,1,1,0,0,nan
shadow_starvation,shadow_on,6,31,1.0,3,1,2,0,1,3,1,1,0,0,nan
shadow_starvation,shadow_on,6,32,1.0,3,1,2,0,1,3,1,1,0,0,nan
shadow_starvation,shadow_on,6,33,1.0,4,2,2,0,1,5,1,1,0,0,nan
shadow_starvation,shadow_on,6,34,1.0,4,2,2,0,1,5,1,1,0,0,nan
shadow_starvation,shadow_on,6,35,1.0,4,2,2,0,1,5,1,1,0,0,nan
shadow_starvation,shadow_on,6,36,1.0,4,2,2,0,1,5,1,1,0,0,nan
shadow_starvation,shadow_on,6,37,1.0,4,2,2,0,1,5,1,1,0,0,nan
shadow_starvation,shadow_on,6,38,1.0,4,2,2,0,1,5,1,1,0,0,nan
shadow_starvation,shadow_on,6,39,1.0,4,2,2,0,1,5,1,1,0,0,nan
shadow_starvation,shadow_on,6,40,1.0,4,2,2,0,1,5,1,1,0,0,nan
shadow_starvation,shadow_on,6,41,1.0,4,2,2,0,1,5,1,1,0,0,nan
shadow_starvation,shadow_on,6,42,1.0,4,2,2,0,1,5,1,1,0,0,nan
shadow_starvation,shadow_on,6,43,1.0,4,2,2,0,1,5,1,1,0,0,nan
shadow_starvation,shadow_on,6,44,1.0,4,2,2,0,1,5,1,1,0,0,nan
shadow_starvation,shadow_on,6,45,1.0,4,2,2,0,1,5,1,1,0,0,nan
shadow_starvation,shadow_on,6,46,1.0,4,2,2,0,1,5,1,1,0,0,nan
shadow_starvation,shadow_on,6,47,1.0,4,2,2,0,1,5,1,1,0,0,nan
shadow_starvation,shadow_on,6,48,1.0,4,2,2,0,1,5,1,1,0,0,nan
shadow_starvation,shadow_on,6,49,1.0,4,2,2,0,1,5,1,1,0,0,nan
shadow_starvation,shadow_on,6,50,1.0,4,2,2,0,1,5,1,1,0,0,nan
shadow_starvation,shadow_on,6,51,1.0,4,2,2,0,1,5,1,1,0,0,nan
shadow_starvation,shadow_on,6,52,1.0,4,2,2,0,1,5,1,1,0,0,nan
shadow_starvation,shadow_on,6,53,1.0,4,2,2,0,1,5,1,1,0,0,nan
shadow_starvation,shadow_on,6,54,1.0,3,1,2,1,1,5,1,1,0,0,nan
shadow_starvation,shadow_on,6,55,1.0,3,1,2,1,1,5,1,1,0,0,nan
shadow_starvation,shadow_on,6,56,1.0,3,1,2,1,1,5,1,1,0,0,nan
shadow_starvation,shadow_on,6,57,1.0,3,1,2,1,1,5,1,1,0,0,nan
shadow_starvation,shadow_on,6,58,1.0,4,2,2,1,1,8,1,1,0,0,nan
shadow_starvation,shadow_on,6,59,1.0,4,2,2,1,1,8,1,1,0,0,nan
shadow_starvation,shadow_on,6,60,1.0,5,3,2,1,1,10,1,1,0,0,nan
shadow_starvation,shadow_on,6,61,1.0,5,3,2,1,1,10,1,1,0,0,nan
shadow_starvation,shadow_on,6,62,1.0,5,3,2,1,1,10,1,1,0,0,nan
shadow_starvation,shadow_on,6,63,1.0,5,3,2,1,1,10,1,1,0,0,nan
shadow_starvation,shadow_on,6,64,1.0,5,3,2,1,1,10,1,1,0,0,nan
shadow_starvation,shadow_on,6,65,1.0,5,3,2,1,1,10,1,1,0,0,nan
shadow_starvation,shadow_on,6,66,1.0,5,3,2,1,1,10,1,1,0,0,nan
shadow_starvation,shadow_on,6,67,1.0,5,3,2,1,1,10,1,1,0,0,nan
shadow_starvation,shadow_on,6,68,1.0,5,3,2,1,1,10,1,1,0,0,nan
shadow_starvation,shadow_on,6,69,1.0,5,3,2,1,1,10,1,1,0,0,nan
shadow_starvation,shadow_on,6,70,1.0,5,3,2,1,1,10,1,1,0,0,nan
shadow_starvation,shadow_on,6,71,1.0,5,3,2,1,1,10,1,1,0,0,nan
shadow_starvation,shadow_on,6,72,1.0,5,3,2,1,1,10,1,1,0,0,nan
shadow_starvation,shadow_on,6,73,1.0,5,3,2,1,1,8,1,1,0,0,nan
shadow_starvation,shadow_on,6,74,1.0,5,3,2,1,1,9,1,1,0,0,nan
shadow_starvation,shadow_on,6,75,1.0,5,2,3,1,1,9,1,1,0,0,nan
shadow_starvation,shadow_on,6,76,1.0,5,2,3,1,1,9,1,1,0,0,nan
shadow_starvation,shadow_on,6,77,1.0,5,2,3,1,1,9,1,1,0,0,nan
shadow_starvation,shadow_on,6,78,1.0,5,2,3,1,1,9,1,1,0,0,nan
shadow_starvation,shadow_on,6,79,1.0,5,2,3,1,1,9,1,1,0,0,nan
shadow_starvation,shadow_on,6,80,1.0,5,2,3,1,1,9,1,1,0,0,nan
shadow_starvation,shadow_on,6,81,1.0,5,2,3,1,1,9,1,1,0,0,nan
shadow_starvation,shadow_on,6,82,1.0,5,2,3,1,1,9,1,1,0,0,nan
shadow_starvation,shadow_on,6,83,1.0,4,2,2,2,1,7,1,1,0,0,nan
shadow_starvation,shadow_on,6,84,1.0,4,2,2,2,1,7,1,1,0,0,nan
shadow_starvation,shadow_on,6,85,1.0,4,2,2,2,1,7,1,1,0,0,nan
shadow_starvation,shadow_on,6,86,1.0,4,2,2,2,1,7,1,1,0,0,nan
shadow_starvation,shadow_on,6,87,1.0,4,2,2,2,1,7,1,1,0,0,nan
shadow_starvation,shadow_on,6,88,1.0,4,2,2,2,1,7,1,1,0,0,nan
shadow_starvation,shadow_on,6,89,1.0,4,2,2,2,1,7,1,1,0,0,nan
shadow_starvation,shadow_on,6,90,1.0,4,2,2,2,1,7,1,1,0,0,nan
shadow_starvation,shadow_on,6,91,1.0,4,2,2,2,1,7,1,1,0,0,nan
shadow_starvation,shadow_on,6,92,1.0,4,2,2,2,1,7,1,1,0,0,nan
shadow_starvation,shadow_on,6,93,1.0,4,2,2,2,1,7,1,1,0,0,nan
shadow_starvation,shadow_on,6,94,1.0,4,2,2,2,1,7,1,1,0,0,nan
shadow_starvation,shadow_on,6,95,1.0,4,2,2,2,1,7,1,1,0,0,nan
shadow_starvation,shadow_on,6,96,1.0,4,2,2,2,1,7,1,1,0,0,nan
shadow_starvation,shadow_on,6,97,1.0,4,2,2,2,1,7,1,1,0,0,nan
shadow_starvation,shadow_on,6,98,1.0,4,2,2,2,1,7,1,1,0,0,nan
shadow_starvation,shadow_on,6,99,1.0,5,3,2,2,1,10,1,1,0,0,nan
shadow_starvation,shadow_on,7,0,nan,1,1,0,0,0,0,0,0,0,0,nan
shadow_starvation,shadow_on,7,1,nan,1,1,0,0,0,0,0,0,0,0,nan
shadow_starvation,shadow_on,7,2,nan,1,1,0,0,0,0,0,0,0,0,nan
shadow_starvation,shadow_on,7,3,nan,1,0,1,0,0,0,0,0,0,0,nan
shadow_starvation,shadow_on,7,4,nan,1,0,1,0,0,0,0,0,0,0,nan
shadow_starvation,shadow_on,7,5,nan,1,0,1,0,0,0,0,0,0,0,nan
shadow_starvation,shadow_on,7,6,nan,1,0,1,0,0,0,0,0,0,0,nan
shadow_starvation,shadow_on,7,7,nan,1,0,1,0,0,0,0,0,0,0,nan
shadow_starvation,shadow_on,7,8,nan,1,0,1,0,0,0,0,0,0,0,nan
shadow_starvation,shadow_on,7,9,nan,1,0,1,0,0,0,0,0,0,0,nan
shadow_starvation,shadow_on,7,10,0.0,2,1,1,0,0,1,1,0,0,0,nan
shadow_starvation,shadow_on,7,11,0.0,2,1,1,0,0,1,1,0,0,0,nan
shadow_starvation,shadow_on,7,12,0.0,2,1,1,0,0,1,1,0,0,0,nan
shadow_starvation,shadow_on,7,13,0.0,2,1,1,0,0,1,1,0,0,0,nan
shadow_starvation,shadow_on,7,14,0.0,2,1,1,0,0,1,1,0,0,0,nan
shadow_starvation,shadow_on,7,15,0.0,2,1,1,0,0,1,1,0,0,0,nan
shadow_starvation,shadow_on,7,16,0.0,2,1,1,0,0,1,1,0,0,0,nan
shadow_starvation,shadow_on,7,17,0.0,2,1,1,0,0,1,1,0,0,0,nan
shadow_starvation,shadow_on,7,18,0.0,2,1,1,0,0,1,1,0,0,0,nan
shadow_starvation,shadow_on,7,19,0.0,2,1,1,0,0,1,1,0,0,0,nan
shadow_starvation,shadow_on,7,20,0.0,2,1,1,0,0,1,1,0,0,0,nan
shadow_starvation,shadow_on,7,21,0.0,2,1,1,0,0,1,1,0,0,0,nan
shadow_starvation,shadow_on,7,22,0.0,2,0,2,0,1,1,1,0,0,0,nan
shadow_starvation,shadow_on,7,23,1.0,2,0,2,0,1,1,1,1,0,0,nan
shadow_starvation,shadow_on,7,24,1.0,2,0,2,0,1,1,1,1,0,0,nan
shadow_starvation,shadow_on,7,25,1.0,2,0,2,0,1,1,1,1,0,0,nan
shadow_starvation,shadow_on,7,26,1.0,2,0,2,0,1,1,1,1,0,0,nan
shadow_starvation,shadow_on,7,27,1.0,2,0,2,0,1,1,1,1,0,0,nan
shadow_starvation,shadow_on,7,28,1.0,2,0,2,0,1,1,1,1,0,0,nan
shadow_starvation,shadow_on,7,29,1.0,2,0,2,0,1,1,1,1,0,0,nan
shadow_starvation,shadow_on,7,30,1.0,2,0,2,0,1,1,1,1,0,0,nan
shadow_starvation,shadow_on,7,31,1.0,2,0,2,0,1,1,1,1,0,0,nan
shadow_starvation,shadow_on,7,32,1.0,2,0,2,0,1,1,1,1,0,0,nan
shadow_starvation,shadow_on,7,33,1.0,2,0,2,0,1,1,1,1,0,0,nan
shadow_starvation,shadow_on,7,34,1.0,2,0,2,0,1,1,1,1,0,0,nan
shadow_starvation,shadow_on,7,35,1.0,2,0,2,0,1,1,1,1,0,0,nan
shadow_starvation,shadow_on,7,36,1.0,2,0,2,0,1,1,1,1,0,0,nan
shadow_starvation,shadow_on,7,37,1.0,2,0,2,0,1,1,1,1,0,0,nan
shadow_starvation,shadow_on,7,38,1.0,2,0,2,0,1,1,1,1,0,0,nan
shadow_starvation,shadow_on,7,39,1.0,2,0,2,0,1,1,1,1,0,0,nan
shadow_starvation,shadow_on,7,40,1.0,2,0,2,0,1,1,1,1,0,0,nan
shadow_starvation,shadow_on,7,41,1.0,2,0,2,0,1,1,1,1,0,0,nan
shadow_starvation,shadow_on,7,42,1.0,2,0,2,0,1,1,1,1,0,0,nan
shadow_starvation,shadow_on,7,43,1.0,2,0,2,0,1,1,1,1,0,0,nan
shadow_starvation,shadow_on,7,44,1.0,2,0,2,0,1,1,1,1,0,0,nan
shadow_starvation,shadow_on,7,45,1.0,2,0,2,0,1,1,1,1,0,0,nan
shadow_starvation,shadow_on,7,46,1.0,2,0,2,0,1,1,1,1,0,0,nan
shadow_starvation,shadow_on,7,47,1.0,2,0,2,0,1,1,1,1,0,0,nan
shadow_starvation,shadow_on,7,48,1.0,2,0,2,0,1,1,1,1,0,0,nan
shadow_starvation,shadow_on,7,49,1.0,2,0,2,0,1,1,1,1,0,0,nan
shadow_starvation,shadow_on,7,50,1.0,2,0,2,0,1,1,1,1,0,0,nan
shadow_starvation,shadow_on,7,51,1.0,2,0,2,0,1,1,1,1,0,0,nan
shadow_starvation,shadow_on,7,52,1.0,2,0,2,0,1,1,1,1,0,0,nan
shadow_starvation,shadow_on,7,53,1.0,2,0,2,0,1,1,1,1,0,0,nan
shadow_starvation,shadow_on,7,54,1.0,2,0,2,0,1,1,1,1,0,0,nan
shadow_starvation,shadow_on,7,55,1.0,2,0,2,0,1,1,1,1,0,0,nan
shadow_starvation,shadow_on,7,56,1.0,2,0,2,0,1,1,1,1,0,0,nan
shadow_starvation,shadow_on,7,57,1.0,2,0,2,0,1,1,1,1,0,0,nan
shadow_starvation,shadow_on,7,58,1.0,2,0,2,0,1,1,1,1,0,0,nan
shadow_starvation,shadow_on,7,59,1.0,2,0,2,0,1,1,1,1,0,0,nan
shadow_starvation,shadow_on,7,60,1.0,2,0,2,0,1,0,1,1,0,0,nan
shadow_starvation,shadow_on,7,61,1.0,2,0,2,0,1,0,1,1,0,0,nan
shadow_starvation,shadow_on,7,62,1.0,2,0,2,0,1,0,1,1,0,0,nan
shadow_starvation,shadow_on,7,63,1.0,2,0,2,0,1,0,1,1,0,0,nan
shadow_starvation,shadow_on,7,64,1.0,2,0,2,0,1,0,1,1,0,0,nan
shadow_starvation,shadow_on,7,65,1.0,2,0,2,0,1,0,1,1,0,0,nan
shadow_starvation,shadow_on,7,66,1.0,2,0,2,0,1,0,1,1,0,0,nan
shadow_starvation,shadow_on,7,67,1.0,2,0,2,0,1,0,1,1,0,0,nan
shadow_starvation,shadow_on,7,68,1.0,2,0,2,0,1,0,1,1,0,0,nan
shadow_starvation,shadow_on,7,69,1.0,2,0,2,0,1,0,1,1,0,0,nan
shadow_starvation,shadow_on,7,70,1.0,2,0,2,0,1,0,1,1,0,0,nan
shadow_starvation,shadow_on,7,71,1.0,2,0,2,0,1,0,1,1,0,0,nan
shadow_starvation,shadow_on,7,72,1.0,2,0,2,0,1,0,1,1,0,0,nan
shadow_starvation,shadow_on,7,73,1.0,2,0,2,0,1,0,1,1,0,0,nan
shadow_starvation,shadow_on,7,74,1.0,2,0,2,0,1,0,1,1,0,0,nan
shadow_starvation,shadow_on,7,75,1.0,2,0,2,0,1,0,1,1,0,0,nan
shadow_starvation,shadow_on,7,76,1.0,2,0,2,0,1,0,1,1,0,0,nan
shadow_starvation,shadow_on,7,77,1.0,2,0,2,0,1,0,1,1,0,0,nan
shadow_starvation,shadow_on,7,78,1.0,2,0,2,0,1,0,1,1,0,0,nan
shadow_starvation,shadow_on,7,79,1.0,2,0,2,0,1,0,1,1,0,0,nan
shadow_starvation,shadow_on,7,80,1.0,2,0,2,0,1,0,1,1,0,0,nan
shadow_starvation,shadow_on,7,81,1.0,2,0,2,0,1,0,1,1,0,0,nan
shadow_starvation,shadow_on,7,82,1.0,2,0,2,0,1,0,1,1,0,0,nan
shadow_starvation,shadow_on,7,83,1.0,2,0,2,0,1,0,1,1,0,0,nan
shadow_starvation,shadow_on,7,84,1.0,2,0,2,0,1,0,1,1,0,0,nan
shadow_starvation,shadow_on,7,85,1.0,2,0,2,0,1,0,1,1,0,0,nan
shadow_starvation,shadow_on,7,86,1.0,2,0,2,0,1,0,1,1,0,0,nan
shadow_starvation,shadow_on,7,87,1.0,2,0,2,0,1,0,1,1,0,0,nan
shadow_starvation,shadow_on,7,88,1.0,2,0,2,0,1,0,1,1,0,0,nan
shadow_starvation,shadow_on,7,89,1.0,2,0,2,0,1,0,1,1,0,0,nan
shadow_starvation,shadow_on,7,90,1.0,2,0,2,0,1,0,1,1,0,0,nan
shadow_starvation,shadow_on,7,91,1.0,2,0,2,0,1,0,1,1,0,0,nan
shadow_starvation,shadow_on,7,92,1.0,2,0,2,0,1,0,1,1,0,0,nan
shadow_starvation,shadow_on,7,93,1.0,2,0,2,0,1,0,1,1,0,0,nan
shadow_starvation,shadow_on,7,94,1.0,2,0,2,0,1,0,1,1,0,0,nan
shadow_starvation,shadow_on,7,95,1.0,2,0,2,0,1,0,1,1,0,0,nan
shadow_starvation,shadow_on,7,96,1.0,2,0,2,0,1,0,1,1,0,0,nan
shadow_starvation,shadow_on,7,97,1.0,2,0,2,0,1,0,1,1,0,0,nan
shadow_starvation,shadow_on,7,98,1.0,2,0,2,0,1,0,1,1,0,0,nan
shadow_starvation,shadow_on,7,99,1.0,2,0,2,0,1,0,1,1,0,0,nan
shadow_starvation,shadow_on,8,0,nan,1,1,0,0,0,0,0,0,0,0,nan
shadow_starvation,shadow_on,8,1,nan,1,1,0,0,0,0,0,0,0,0,nan
shadow_starvation,shadow_on,8,2,nan,1,1,0,0,0,0,0,0,0,0,nan
shadow_starvation,shadow_on,8,3,nan,1,0,1,0,0,0,0,0,0,0,nan
shadow_starvation,shadow_on,8,4,nan,1,0,1,0,0,0,0,0,0,0,nan
shadow_starvation,shadow_on,8,5,nan,1,0,1,0,0,0,0,0,0,0,nan
shadow_starvation,shadow_on,8,6,nan,1,0,1,0,0,0,0,0,0,0,nan
shadow_starvation,shadow_on,8,7,nan,1,0,1,0,0,0,0,0,0,0,nan
shadow_starvation,shadow_on,8,8,nan,1,0,1,0,0,0,0,0,0,0,nan
shadow_starvation,shadow_on,8,9,nan,1,0,1,0,0,0,0,0,0,0,nan
shadow_starvation,shadow_on,8,10,0.0,2,1,1,0,0,1,1,0,0,0,nan
shadow_starvation,shadow_on,8,11,0.0,2,1,1,0,0,1,1,0,0,0,nan
shadow_starvation,shadow_on,8,12,0.0,2,1,1,0,0,1,1,0,0,0,nan
shadow_starvation,shadow_on,8,13,0.0,2,1,1,0,0,1,1,0,0,0,nan
shadow_starvation,shadow_on,8,14,0.0,2,1,1,0,0,1,1,0,0,0,nan
shadow_starvation,shadow_on,8,15,0.0,2,1,1,0,0,1,1,0,0,0,nan
shadow_starvation,shadow_on,8,16,0.0,2,1,1,0,0,1,1,0,0,0,nan
shadow_starvation,shadow_on,8,17,0.0,2,1,1,0,0,1,1,0,0,0,nan
shadow_starvation,shadow_on,8,18,0.0,2,1,1,0,0,1,1,0,0,0,nan
shadow_starvation,shadow_on,8,19,0.0,2,1,1,0,0,1,1,0,0,0,nan
shadow_starvation,shadow_on,8,20,0.0,2,1,1,0,0,1,1,0,0,0,nan
shadow_starvation,shadow_on,8,21,0.0,2,1,1,0,0,1,1,0,0,0,nan
shadow_starvation,shadow_on,8,22,0.0,2,0,2,0,1,1,1,0,0,0,nan
shadow_starvation,shadow_on,8,23,1.0,2,0,2,0,1,1,1,1,0,0,nan
shadow_starvation,shadow_on,8,24,1.0,2,0,2,0,1,1,1,1,0,0,nan
shadow_starvation,shadow_on,8,25,1.0,2,0,2,0,1,1,1,1,0,0,nan
shadow_starvation,shadow_on,8,26,1.0,2,0,2,0,1,1,1,1,0,0,nan
shadow_starvation,shadow_on,8,27,1.0,2,0,2,0,1,1,1,1,0,0,nan
shadow_starvation,shadow_on,8,28,1.0,2,0,2,0,1,1,1,1,0,0,nan
shadow_starvation,shadow_on,8,29,1.0,2,0,2,0,1,1,1,1,0,0,nan
shadow_starvation,shadow_on,8,30,1.0,2,0,2,0,1,1,1,1,0,0,nan
shadow_starvation,shadow_on,8,31,1.0,2,0,2,0,1,1,1,1,0,0,nan
shadow_starvation,shadow_on,8,32,1.0,2,0,2,0,1,1,1,1,0,0,nan
shadow_starvation,shadow_on,8,33,1.0,2,0,2,0,1,1,1,1,0,0,nan
shadow_starvation,shadow_on,8,34,1.0,2,0,2,0,1,1,1,1,0,0,nan
shadow_starvation,shadow_on,8,35,1.0,2,0,2,0,1,1,1,1,0,0,nan
shadow_starvation,shadow_on,8,36,1.0,2,0,2,0,1,1,1,1,0,0,nan
shadow_starvation,shadow_on,8,37,1.0,2,0,2,0,1,1,1,1,0,0,nan
shadow_starvation,shadow_on,8,38,1.0,2,0,2,0,1,1,1,1,0,0,nan
shadow_starvation,shadow_on,8,39,1.0,2,0,2,0,1,1,1,1,0,0,nan
shadow_starvation,shadow_on,8,40,1.0,2,0,2,0,1,1,1,1,0,0,nan
shadow_starvation,shadow_on,8,41,1.0,2,0,2,0,1,1,1,1,0,0,nan
shadow_starvation,shadow_on,8,42,1.0,2,0,2,0,1,1,1,1,0,0,nan
shadow_starvation,shadow_on,8,43,1.0,2,0,2,0,1,1,1,1,0,0,nan
shadow_starvation,shadow_on,8,44,1.0,2,0,2,0,1,1,1,1,0,0,nan
shadow_starvation,shadow_on,8,45,1.0,2,0,2,0,1,1,1,1,0,0,nan
shadow_starvation,shadow_on,8,46,1.0,2,0,2,0,1,1,1,1,0,0,nan
shadow_starvation,shadow_on,8,47,1.0,2,0,2,0,1,1,1,1,0,0,nan
shadow_starvation,shadow_on,8,48,1.0,2,0,2,0,1,1,1,1,0,0,nan
shadow_starvation,shadow_on,8,49,1.0,2,0,2,0,1,1,1,1,0,0,nan
shadow_starvation,shadow_on,8,50,1.0,2,0,2,0,1,1,1,1,0,0,nan
shadow_starvation,shadow_on,8,51,1.0,2,0,2,0,1,1,1,1,0,0,nan
shadow_starvation,shadow_on,8,52,1.0,2,0,2,0,1,1,1,1,0,0,nan
shadow_starvation,shadow_on,8,53,1.0,2,0,2,0,1,1,1,1,0,0,nan
shadow_starvation,shadow_on,8,54,1.0,2,0,2,0,1,1,1,1,0,0,nan
shadow_starvation,shadow_on,8,55,1.0,2,0,2,0,1,1,1,1,0,0,nan
shadow_starvation,shadow_on,8,56,1.0,2,0,2,0,1,1,1,1,0,0,nan
shadow_starvation,shadow_on,8,57,1.0,2,0,2,0,1,1,1,1,0,0,nan
shadow_starvation,shadow_on,8,58,1.0,2,0,2,0,1,1,1,1,0,0,nan
shadow_starvation,shadow_on,8,59,1.0,2,0,2,0,1,1,1,1,0,0,nan
shadow_starvation,shadow_on,8,60,1.0,2,0,2,0,1,0,1,1,0,0,nan
shadow_starvation,shadow_on,8,61,1.0,2,0,2,0,1,0,1,1,0,0,nan
shadow_starvation,shadow_on,8,62,1.0,2,0,2,0,1,0,1,1,0,0,nan
shadow_starvation,shadow_on,8,63,1.0,2,0,2,0,1,0,1,1,0,0,nan
shadow_starvation,shadow_on,8,64,1.0,2,0,2,0,1,0,1,1,0,0,nan
shadow_starvation,shadow_on,8,65,1.0,2,0,2,0,1,0,1,1,0,0,nan
shadow_starvation,shadow_on,8,66,1.0,2,0,2,0,1,0,1,1,0,0,nan
shadow_starvation,shadow_on,8,67,1.0,2,0,2,0,1,0,1,1,0,0,nan
shadow_starvation,shadow_on,8,68,1.0,2,0,2,0,1,0,1,1,0,0,nan
shadow_starvation,shadow_on,8,69,1.0,2,0,2,0,1,0,1,1,0,0,nan
shadow_starvation,shadow_on,8,70,1.0,2,0,2,0,1,0,1,1,0,0,nan
shadow_starvation,shadow_on,8,71,1.0,2,0,2,0,1,0,1,1,0,0,nan
shadow_starvation,shadow_on,8,72,1.0,2,0,2,0,1,0,1,1,0,0,nan
shadow_starvation,shadow_on,8,73,1.0,2,0,2,0,1,0,1,1,0,0,nan
shadow_starvation,shadow_on,8,74,1.0,2,0,2,0,1,0,1,1,0,0,nan
shadow_starvation,shadow_on,8,75,1.0,2,0,2,0,1,0,1,1,0,0,nan
shadow_starvation,shadow_on,8,76,1.0,2,0,2,0,1,0,1,1,0,0,nan
shadow_starvation,shadow_on,8,77,1.0,2,0,2,0,1,0,1,1,0,0,nan
shadow_starvation,shadow_on,8,78,1.0,2,0,2,0,1,0,1,1,0,0,nan
shadow_starvation,shadow_on,8,79,1.0,2,0,2,0,1,0,1,1,0,0,nan
shadow_starvation,shadow_on,8,80,1.0,2,0,2,0,1,0,1,1,0,0,nan
shadow_starvation,shadow_on,8,81,1.0,2,0,2,0,1,0,1,1,0,0,nan
shadow_starvation,shadow_on,8,82,1.0,2,0,2,0,1,0,1,1,0,0,nan
shadow_starvation,shadow_on,8,83,1.0,2,0,2,0,1,0,1,1,0,0,nan
shadow_starvation,shadow_on,8,84,1.0,2,0,2,0,1,0,1,1,0,0,nan
shadow_starvation,shadow_on,8,85,1.0,2,0,2,0,1,0,1,1,0,0,nan
shadow_starvation,shadow_on,8,86,1.0,2,0,2,0,1,0,1,1,0,0,nan
shadow_starvation,shadow_on,8,87,1.0,2,0,2,0,1,0,1,1,0,0,nan
shadow_starvation,shadow_on,8,88,1.0,2,0,2,0,1,0,1,1,0,0,nan
shadow_starvation,shadow_on,8,89,1.0,2,0,2,0,1,0,1,1,0,0,nan
shadow_starvation,shadow_on,8,90,1.0,2,0,2,0,1,0,1,1,0,0,nan
shadow_starvation,shadow_on,8,91,1.0,2,0,2,0,1,0,1,1,0,0,nan
shadow_starvation,shadow_on,8,92,1.0,2,0,2,0,1,0,1,1,0,0,nan
shadow_starvation,shadow_on,8,93,1.0,2,0,2,0,1,0,1,1,0,0,nan
shadow_starvation,shadow_on,8,94,1.0,2,0,2,0,1,0,1,1,0,0,nan
shadow_starvation,shadow_on,8,95,1.0,2,0,2,0,1,0,1,1,0,0,nan
shadow_starvation,shadow_on,8,96,1.0,2,0,2,0,1,0,1,1,0,0,nan
shadow_starvation,shadow_on,8,97,1.0,2,0,2,0,1,0,1,1,0,0,nan
shadow_starvation,shadow_on,8,98,1.0,2,0,2,0,1,0,1,1,0,0,nan
shadow_starvation,shadow_on,8,99,1.0,2,0,2,0,1,0,1,1,0,0,nan
shadow_starvation,shadow_on,9,0,nan,1,1,0,0,0,0,0,0,0,0,nan
shadow_starvation,shadow_on,9,1,nan,1,1,0,0,0,0,0,0,0,0,nan
shadow_starvation,shadow_on,9,2,nan,1,1,0,0,0,0,0,0,0,0,nan
shadow_starvation,shadow_on,9,3,nan,1,0,1,0,0,0,0,0,0,0,nan
shadow_starvation,shadow_on,9,4,nan,1,0,1,0,0,0,0,0,0,0,nan
shadow_starvation,shadow_on,9,5,nan,1,0,1,0,0,0,0,0,0,0,nan
shadow_starvation,shadow_on,9,6,nan,1,0,1,0,0,0,0,0,0,0,nan
shadow_starvation,shadow_on,9,7,nan,1,0,1,0,0,0,0,0,0,0,nan
shadow_starvation,shadow_on,9,8,nan,1,0,1,0,0,0,0,0,0,0,nan
shadow_starvation,shadow_on,9,9,nan,1,0,1,0,0,0,0,0,0,0,nan
shadow_starvation,shadow_on,9,10,0.0,2,1,1,0,0,1,1,0,0,0,nan
shadow_starvation,shadow_on,9,11,0.0,2,1,1,0,0,1,1,0,0,0,nan
shadow_starvation,shadow_on,9,12,0.0,2,1,1,0,0,1,1,0,0,0,nan
shadow_starvation,shadow_on,9,13,0.0,2,1,1,0,0,1,1,0,0,0,nan
shadow_starvation,shadow_on,9,14,0.0,2,1,1,0,0,1,1,0,0,0,nan
shadow_starvation,shadow_on,9,15,0.0,2,1,1,0,0,1,1,0,0,0,nan
shadow_starvation,shadow_on,9,16,0.0,2,1,1,0,0,1,1,0,0,0,nan
shadow_starvation,shadow_on,9,17,0.0,2,1,1,0,0,1,1,0,0,0,nan
shadow_starvation,shadow_on,9,18,0.0,2,1,1,0,0,1,1,0,0,0,nan
shadow_starvation,shadow_on,9,19,0.0,2,1,1,0,0,1,1,0,0,0,nan
shadow_starvation,shadow_on,9,20,0.0,2,1,1,0,0,1,1,0,0,0,nan
shadow_starvation,shadow_on,9,21,0.0,2,1,1,0,0,1,1,0,0,0,nan
shadow_starvation,shadow_on,9,22,0.0,2,0,2,0,1,1,1,0,0,0,nan
shadow_starvation,shadow_on,9,23,1.0,2,0,2,0,1,1,1,1,0,0,nan
shadow_starvation,shadow_on,9,24,1.0,2,0,2,0,1,1,1,1,0,0,nan
shadow_starvation,shadow_on,9,25,1.0,2,0,2,0,1,1,1,1,0,0,nan
shadow_starvation,shadow_on,9,26,1.0,2,0,2,0,1,1,1,1,0,0,nan
shadow_starvation,shadow_on,9,27,1.0,2,0,2,0,1,1,1,1,0,0,nan
shadow_starvation,shadow_on,9,28,1.0,2,0,2,0,1,1,1,1,0,0,nan
shadow_starvation,shadow_on,9,29,1.0,2,0,2,0,1,1,1,1,0,0,nan
shadow_starvation,shadow_on,9,30,1.0,2,0,2,0,1,1,1,1,0,0,nan
shadow_starvation,shadow_on,9,31,1.0,2,0,2,0,1,1,1,1,0,0,nan
shadow_starvation,shadow_on,9,32,1.0,2,0,2,0,1,1,1,1,0,0,nan
shadow_starvation,shadow_on,9,33,1.0,2,0,2,0,1,1,1,1,0,0,nan
shadow_starvation,shadow_on,9,34,1.0,2,0,2,0,1,1,1,1,0,0,nan
shadow_starvation,shadow_on,9,35,1.0,2,0,2,0,1,1,1,1,0,0,nan
shadow_starvation,shadow_on,9,36,1.0,2,0,2,0,1,1,1,1,0,0,nan
shadow_starvation,shadow_on,9,37,1.0,2,0,2,0,1,1,1,1,0,0,nan
shadow_starvation,shadow_on,9,38,1.0,2,0,2,0,1,1,1,1,0,0,nan
shadow_starvation,shadow_on,9,39,1.0,2,0,2,0,1,1,1,1,0,0,nan
shadow_starvation,shadow_on,9,40,1.0,2,0,2,0,1,1,1,1,0,0,nan
shadow_starvation,shadow_on,9,41,1.0,2,0,2,0,1,1,1,1,0,0,nan
shadow_starvation,shadow_on,9,42,1.0,2,0,2,0,1,1,1,1,0,0,nan
shadow_starvation,shadow_on,9,43,1.0,2,0,2,0,1,1,1,1,0,0,nan
shadow_starvation,shadow_on,9,44,1.0,2,0,2,0,1,1,1,1,0,0,nan
shadow_starvation,shadow_on,9,45,1.0,2,0,2,0,1,1,1,1,0,0,nan
shadow_starvation,shadow_on,9,46,1.0,2,0,2,0,1,1,1,1,0,0,nan
shadow_starvation,shadow_on,9,47,1.0,2,0,2,0,1,1,1,1,0,0,nan
shadow_starvation,shadow_on,9,48,1.0,2,0,2,0,1,1,1,1,0,0,nan
shadow_starvation,shadow_on,9,49,1.0,2,0,2,0,1,1,1,1,0,0,nan
shadow_starvation,shadow_on,9,50,1.0,2,0,2,0,1,1,1,1,0,0,nan
shadow_starvation,shadow_on,9,51,1.0,2,0,2,0,1,1,1,1,0,0,nan
shadow_starvation,shadow_on,9,52,1.0,2,0,2,0,1,1,1,1,0,0,nan
shadow_starvation,shadow_on,9,53,1.0,2,0,2,0,1,1,1,1,0,0,nan
shadow_starvation,shadow_on,9,54,1.0,2,0,2,0,1,1,1,1,0,0,nan
shadow_starvation,shadow_on,9,55,1.0,2,0,2,0,1,1,1,1,0,0,nan
shadow_starvation,shadow_on,9,56,1.0,2,0,2,0,1,1,1,1,0,0,nan
shadow_starvation,shadow_on,9,57,1.0,2,0,2,0,1,1,1,1,0,0,nan
shadow_starvation,shadow_on,9,58,1.0,2,0,2,0,1,1,1,1,0,0,nan
shadow_starvation,shadow_on,9,59,1.0,2,0,2,0,1,1,1,1,0,0,nan
shadow_starvation,shadow_on,9,60,1.0,2,0,2,0,1,0,1,1,0,0,nan
shadow_starvation,shadow_on,9,61,1.0,2,0,2,0,1,0,1,1,0,0,nan
shadow_starvation,shadow_on,9,62,1.0,2,0,2,0,1,0,1,1,0,0,nan
shadow_starvation,shadow_on,9,63,1.0,2,0,2,0,1,0,1,1,0,0,nan
shadow_starvation,shadow_on,9,64,1.0,2,0,2,0,1,0,1,1,0,0,nan
shadow_starvation,shadow_on,9,65,1.0,2,0,2,0,1,0,1,1,0,0,nan
shadow_starvation,shadow_on,9,66,1.0,2,0,2,0,1,0,1,1,0,0,nan
shadow_starvation,shadow_on,9,67,1.0,2,0,2,0,1,0,1,1,0,0,nan
shadow_starvation,shadow_on,9,68,1.0,2,0,2,0,1,0,1,1,0,0,nan
shadow_starvation,shadow_on,9,69,1.0,2,0,2,0,1,0,1,1,0,0,nan
shadow_starvation,shadow_on,9,70,1.0,2,0,2,0,1,0,1,1,0,0,nan
shadow_starvation,shadow_on,9,71,1.0,2,0,2,0,1,0,1,1,0,0,nan
shadow_starvation,shadow_on,9,72,1.0,2,0,2,0,1,0,1,1,0,0,nan
shadow_starvation,shadow_on,9,73,1.0,2,0,2,0,1,0,1,1,0,0,nan
shadow_starvation,shadow_on,9,74,1.0,2,0,2,0,1,0,1,1,0,0,nan
shadow_starvation,shadow_on,9,75,1.0,2,0,2,0,1,0,1,1,0,0,nan
shadow_starvation,shadow_on,9,76,1.0,2,0,2,0,1,0,1,1,0,0,nan
shadow_starvation,shadow_on,9,77,1.0,2,0,2,0,1,0,1,1,0,0,nan
shadow_starvation,shadow_on,9,78,1.0,2,0,2,0,1,0,1,1,0,0,nan
shadow_starvation,shadow_on,9,79,1.0,2,0,2,0,1,0,1,1,0,0,nan
shadow_starvation,shadow_on,9,80,1.0,2,0,2,0,1,0,1,1,0,0,nan
shadow_starvation,shadow_on,9,81,1.0,2,0,2,0,1,0,1,1,0,0,nan
shadow_starvation,shadow_on,9,82,1.0,2,0,2,0,1,0,1,1,0,0,nan
shadow_starvation,shadow_on,9,83,1.0,2,0,2,0,1,0,1,1,0,0,nan
shadow_starvation,shadow_on,9,84,1.0,2,0,2,0,1,0,1,1,0,0,nan
shadow_starvation,shadow_on,9,85,1.0,2,0,2,0,1,0,1,1,0,0,nan
shadow_starvation,shadow_on,9,86,1.0,2,0,2,0,1,0,1,1,0,0,nan
shadow_starvation,shadow_on,9,87,1.0,2,0,2,0,1,0,1,1,0,0,nan
shadow_starvation,shadow_on,9,88,1.0,2,0,2,0,1,0,1,1,0,0,nan
shadow_starvation,shadow_on,9,89,1.0,2,0,2,0,1,0,1,1,0,0,nan
shadow_starvation,shadow_on,9,90,1.0,2,0,2,0,1,0,1,1,0,0,nan
shadow_starvation,shadow_on,9,91,1.0,2,0,2,0,1,0,1,1,0,0,nan
shadow_starvation,shadow_on,9,92,1.0,2,0,2,0,1,0,1,1,0,0,nan
shadow_starvation,shadow_on,9,93,1.0,2,0,2,0,1,0,1,1,0,0,nan
shadow_starvation,shadow_on,9,94,1.0,2,0,2,0,1,0,1,1,0,0,nan
shadow_starvation,shadow_on,9,95,1.0,2,0,2,0,1,0,1,1,0,0,nan
shadow_starvation,shadow_on,9,96,1.0,2,0,2,0,1,0,1,1,0,0,nan
shadow_starvation,shadow_on,9,97,1.0,2,0,2,0,1,0,1,1,0,0,nan
shadow_starvation,shadow_on,9,98,1.0,2,0,2,0,1,0,1,1,0,0,nan
shadow_starvation,shadow_on,9,99,1.0,2,0,2,0,1,0,1,1,0,0,nan
shadow_starvation,shadow_on,10,0,nan,1,1,0,0,0,0,0,0,0,0,nan
shadow_starvation,shadow_on,10,1,nan,1,1,0,0,0,0,0,0,0,0,nan
shadow_starvation,shadow_on,10,2,nan,1,1,0,0,0,0,0,0,0,0,nan
shadow_starvation,shadow_on,10,3,nan,1,0,1,0,0,0,0,0,0,0,nan
shadow_starvation,shadow_on,10,4,nan,1,0,1,0,0,0,0,0,0,0,nan
shadow_starvation,shadow_on,10,5,nan,1,0,1,0,0,0,0,0,0,0,nan
shadow_starvation,shadow_on,10,6,nan,1,0,1,0,0,0,0,0,0,0,nan
shadow_starvation,shadow_on,10,7,nan,1,0,1,0,0,0,0,0,0,0,nan
shadow_starvation,shadow_on,10,8,nan,1,0,1,0,0,0,0,0,0,0,nan
shadow_starvation,shadow_on,10,9,nan,1,0,1,0,0,0,0,0,0,0,nan
shadow_starvation,shadow_on,10,10,0.0,2,1,1,0,0,1,1,0,0,0,nan
shadow_starvation,shadow_on,10,11,0.0,2,1,1,0,0,1,1,0,0,0,nan
shadow_starvation,shadow_on,10,12,0.0,2,1,1,0,0,1,1,0,0,0,nan
shadow_starvation,shadow_on,10,13,0.0,2,1,1,0,0,1,1,0,0,0,nan
shadow_starvation,shadow_on,10,14,0.0,2,1,1,0,0,1,1,0,0,0,nan
shadow_starvation,shadow_on,10,15,0.0,2,1,1,0,0,1,1,0,0,0,nan
shadow_starvation,shadow_on,10,16,0.0,2,1,1,0,0,1,1,0,0,0,nan
shadow_starvation,shadow_on,10,17,0.0,2,1,1,0,0,1,1,0,0,0,nan
shadow_starvation,shadow_on,10,18,0.0,2,1,1,0,0,1,1,0,0,0,nan
shadow_starvation,shadow_on,10,19,0.0,2,1,1,0,0,1,1,0,0,0,nan
shadow_starvation,shadow_on,10,20,0.0,2,1,1,0,0,1,1,0,0,0,nan
shadow_starvation,shadow_on,10,21,0.0,2,1,1,0,0,1,1,0,0,0,nan
shadow_starvation,shadow_on,10,22,0.0,2,0,2,0,1,1,1,0,0,0,nan
shadow_starvation,shadow_on,10,23,1.0,2,0,2,0,1,1,1,1,0,0,nan
shadow_starvation,shadow_on,10,24,1.0,2,0,2,0,1,1,1,1,0,0,nan
shadow_starvation,shadow_on,10,25,1.0,2,0,2,0,1,1,1,1,0,0,nan
shadow_starvation,shadow_on,10,26,1.0,2,0,2,0,1,1,1,1,0,0,nan
shadow_starvation,shadow_on,10,27,1.0,2,0,2,0,1,1,1,1,0,0,nan
shadow_starvation,shadow_on,10,28,1.0,2,0,2,0,1,1,1,1,0,0,nan
shadow_starvation,shadow_on,10,29,1.0,2,0,2,0,1,1,1,1,0,0,nan
shadow_starvation,shadow_on,10,30,1.0,2,0,2,0,1,1,1,1,0,0,nan
shadow_starvation,shadow_on,10,31,1.0,2,0,2,0,1,1,1,1,0,0,nan
shadow_starvation,shadow_on,10,32,1.0,2,0,2,0,1,1,1,1,0,0,nan
shadow_starvation,shadow_on,10,33,1.0,2,0,2,0,1,1,1,1,0,0,nan
shadow_starvation,shadow_on,10,34,1.0,2,0,2,0,1,1,1,1,0,0,nan
shadow_starvation,shadow_on,10,35,1.0,2,0,2,0,1,1,1,1,0,0,nan
shadow_starvation,shadow_on,10,36,1.0,2,0,2,0,1,1,1,1,0,0,nan
shadow_starvation,shadow_on,10,37,1.0,2,0,2,0,1,1,1,1,0,0,nan
shadow_starvation,shadow_on,10,38,1.0,2,0,2,0,1,1,1,1,0,0,nan
shadow_starvation,shadow_on,10,39,1.0,2,0,2,0,1,1,1,1,0,0,nan
shadow_starvation,shadow_on,10,40,1.0,2,0,2,0,1,1,1,1,0,0,nan
shadow_starvation,shadow_on,10,41,1.0,2,0,2,0,1,1,1,1,0,0,nan
shadow_starvation,shadow_on,10,42,1.0,2,0,2,0,1,1,1,1,0,0,nan
shadow_starvation,shadow_on,10,43,1.0,2,0,2,0,1,1,1,1,0,0,nan
shadow_starvation,shadow_on,10,44,1.0,2,0,2,0,1,1,1,1,0,0,nan
shadow_starvation,shadow_on,10,45,1.0,2,0,2,0,1,1,1,1,0,0,nan
shadow_starvation,shadow_on,10,46,1.0,2,0,2,0,1,1,1,1,0,0,nan
shadow_starvation,shadow_on,10,47,1.0,2,0,2,0,1,1,1,1,0,0,nan
shadow_starvation,shadow_on,10,48,1.0,2,0,2,0,1,1,1,1,0,0,nan
shadow_starvation,shadow_on,10,49,1.0,2,0,2,0,1,1,1,1,0,0,nan
shadow_starvation,shadow_on,10,50,1.0,2,0,2,0,1,1,1,1,0,0,nan
shadow_starvation,shadow_on,10,51,1.0,2,0,2,0,1,1,1,1,0,0,nan
shadow_starvation,shadow_on,10,52,1.0,2,0,2,0,1,1,1,1,0,0,nan
shadow_starvation,shadow_on,10,53,1.0,2,0,2,0,1,1,1,1,0,0,nan
shadow_starvation,shadow_on,10,54,1.0,2,0,2,0,1,1,1,1,0,0,nan
shadow_starvation,shadow_on,10,55,1.0,2,0,2,0,1,1,1,1,0,0,nan
shadow_starvation,shadow_on,10,56,1.0,2,0,2,0,1,1,1,1,0,0,nan
shadow_starvation,shadow_on,10,57,1.0,2,0,2,0,1,1,1,1,0,0,nan
shadow_starvation,shadow_on,10,58,1.0,2,0,2,0,1,1,1,1,0,0,nan
shadow_starvation,shadow_on,10,59,1.0,2,0,2,0,1,1,1,1,0,0,nan
shadow_starvation,shadow_on,10,60,1.0,2,0,2,0,1,0,1,1,0,0,nan
shadow_starvation,shadow_on,10,61,1.0,2,0,2,0,1,0,1,1,0,0,nan
shadow_starvation,shadow_on,10,62,1.0,2,0,2,0,1,0,1,1,0,0,nan
shadow_starvation,shadow_on,10,63,1.0,2,0,2,0,1,0,1,1,0,0,nan
shadow_starvation,shadow_on,10,64,1.0,2,0,2,0,1,0,1,1,0,0,nan
shadow_starvation,shadow_on,10,65,1.0,2,0,2,0,1,0,1,1,0,0,nan
shadow_starvation,shadow_on,10,66,1.0,2,0,2,0,1,0,1,1,0,0,nan
shadow_starvation,shadow_on,10,67,1.0,2,0,2,0,1,0,1,1,0,0,nan
shadow_starvation,shadow_on,10,68,1.0,2,0,2,0,1,0,1,1,0,0,nan
shadow_starvation,shadow_on,10,69,1.0,2,0,2,0,1,0,1,1,0,0,nan
shadow_starvation,shadow_on,10,70,1.0,2,0,2,0,1,0,1,1,0,0,nan
shadow_starvation,shadow_on,10,71,1.0,2,0,2,0,1,0,1,1,0,0,nan
shadow_starvation,shadow_on,10,72,1.0,2,0,2,0,1,0,1,1,0,0,nan
shadow_starvation,shadow_on,10,73,1.0,2,0,2,0,1,0,1,1,0,0,nan
shadow_starvation,shadow_on,10,74,1.0,2,0,2,0,1,0,1,1,0,0,nan
shadow_starvation,shadow_on,10,75,1.0,2,0,2,0,1,0,1,1,0,0,nan
shadow_starvation,shadow_on,10,76,1.0,2,0,2,0,1,0,1,1,0,0,nan
shadow_starvation,shadow_on,10,77,1.0,2,0,2,0,1,0,1,1,0,0,nan
shadow_starvation,shadow_on,10,78,1.0,2,0,2,0,1,0,1,1,0,0,nan
shadow_starvation,shadow_on,10,79,1.0,2,0,2,0,1,0,1,1,0,0,nan
shadow_starvation,shadow_on,10,80,1.0,2,0,2,0,1,0,1,1,0,0,nan
shadow_starvation,shadow_on,10,81,1.0,2,0,2,0,1,0,1,1,0,0,nan
shadow_starvation,shadow_on,10,82,1.0,2,0,2,0,1,0,1,1,0,0,nan
shadow_starvation,shadow_on,10,83,1.0,2,0,2,0,1,0,1,1,0,0,nan
shadow_starvation,shadow_on,10,84,1.0,2,0,2,0,1,0,1,1,0,0,nan
shadow_starvation,shadow_on,10,85,1.0,2,0,2,0,1,0,1,1,0,0,nan
shadow_starvation,shadow_on,10,86,1.0,2,0,2,0,1,0,1,1,0,0,nan
shadow_starvation,shadow_on,10,87,1.0,2,0,2,0,1,0,1,1,0,0,nan
shadow_starvation,shadow_on,10,88,1.0,2,0,2,0,1,0,1,1,0,0,nan
shadow_starvation,shadow_on,10,89,1.0,2,0,2,0,1,0,1,1,0,0,nan
shadow_starvation,shadow_on,10,90,1.0,2,0,2,0,1,0,1,1,0,0,nan
shadow_starvation,shadow_on,10,91,1.0,2,0,2,0,1,0,1,1,0,0,nan
shadow_starvation,shadow_on,10,92,1.0,2,0,2,0,1,0,1,1,0,0,nan
shadow_starvation,shadow_on,10,93,1.0,2,0,2,0,1,0,1,1,0,0,nan
shadow_starvation,shadow_on,10,94,1.0,2,0,2,0,1,0,1,1,0,0,nan
shadow_starvation,shadow_on,10,95,1.0,2,0,2,0,1,0,1,1,0,0,nan
shadow_starvation,shadow_on,10,96,1.0,2,0,2,0,1,0,1,1,0,0,nan
shadow_starvation,shadow_on,10,97,1.0,2,0,2,0,1,0,1,1,0,0,nan
shadow_starvation,shadow_on,10,98,1.0,2,0,2,0,1,0,1,1,0,0,nan
shadow_starvation,shadow_on,10,99,1.0,2,0,2,0,1,0,1,1,0,0,nan
shadow_starvation,shadow_on,11,0,nan,1,1,0,0,0,0,0,0,0,0,nan
shadow_starvation,shadow_on,11,1,nan,1,1,0,0,0,0,0,0,0,0,nan
shadow_starvation,shadow_on,11,2,nan,1,1,0,0,0,0,0,0,0,0,nan
shadow_starvation,shadow_on,11,3,nan,1,0,1,0,0,0,0,0,0,0,nan
shadow_starvation,shadow_on,11,4,nan,1,0,1,0,0,0,0,0,0,0,nan
shadow_starvation,shadow_on,11,5,nan,1,0,1,0,0,0,0,0,0,0,nan
shadow_starvation,shadow_on,11,6,nan,1,0,1,0,0,0,0,0,0,0,nan
shadow_starvation,shadow_on,11,7,nan,1,0,1,0,0,0,0,0,0,0,nan
shadow_starvation,shadow_on,11,8,nan,1,0,1,0,0,0,0,0,0,0,nan
shadow_starvation,shadow_on,11,9,nan,1,0,1,0,0,0,0,0,0,0,nan
shadow_starvation,shadow_on,11,10,0.0,2,1,1,0,0,1,1,0,0,0,nan
shadow_starvation,shadow_on,11,11,0.0,2,1,1,0,0,1,1,0,0,0,nan
shadow_starvation,shadow_on,11,12,0.0,2,1,1,0,0,1,1,0,0,0,nan
shadow_starvation,shadow_on,11,13,0.0,2,1,1,0,0,1,1,0,0,0,nan
shadow_starvation,shadow_on,11,14,0.0,2,1,1,0,0,1,1,0,0,0,nan
shadow_starvation,shadow_on,11,15,0.0,2,1,1,0,0,1,1,0,0,0,nan
shadow_starvation,shadow_on,11,16,0.0,2,1,1,0,0,1,1,0,0,0,nan
shadow_starvation,shadow_on,11,17,0.0,2,1,1,0,0,1,1,0,0,0,nan
shadow_starvation,shadow_on,11,18,0.0,2,1,1,0,0,1,1,0,0,0,nan
shadow_starvation,shadow_on,11,19,0.0,2,1,1,0,0,1,1,0,0,0,nan
shadow_starvation,shadow_on,11,20,0.0,2,1,1,0,0,1,1,0,0,0,nan
shadow_starvation,shadow_on,11,21,0.0,2,1,1,0,0,1,1,0,0,0,nan
shadow_starvation,shadow_on,11,22,0.0,2,0,2,0,1,1,1,0,0,0,nan
shadow_starvation,shadow_on,11,23,1.0,2,0,2,0,1,1,1,1,0,0,nan
shadow_starvation,shadow_on,11,24,1.0,2,0,2,0,1,1,1,1,0,0,nan
shadow_starvation,shadow_on,11,25,1.0,2,0,2,0,1,1,1,1,0,0,nan
shadow_starvation,shadow_on,11,26,1.0,2,0,2,0,1,1,1,1,0,0,nan
shadow_starvation,shadow_on,11,27,1.0,2,0,2,0,1,1,1,1,0,0,nan
shadow_starvation,shadow_on,11,28,1.0,2,0,2,0,1,1,1,1,0,0,nan
shadow_starvation,shadow_on,11,29,1.0,2,0,2,0,1,1,1,1,0,0,nan
shadow_starvation,shadow_on,11,30,1.0,2,0,2,0,1,1,1,1,0,0,nan
shadow_starvation,shadow_on,11,31,1.0,2,0,2,0,1,1,1,1,0,0,nan
shadow_starvation,shadow_on,11,32,1.0,2,0,2,0,1,1,1,1,0,0,nan
shadow_starvation,shadow_on,11,33,1.0,2,0,2,0,1,1,1,1,0,0,nan
shadow_starvation,shadow_on,11,34,1.0,2,0,2,0,1,1,1,1,0,0,nan
shadow_starvation,shadow_on,11,35,1.0,2,0,2,0,1,1,1,1,0,0,nan
shadow_starvation,shadow_on,11,36,1.0,2,0,2,0,1,1,1,1,0,0,nan
shadow_starvation,shadow_on,11,37,1.0,2,0,2,0,1,1,1,1,0,0,nan
shadow_starvation,shadow_on,11,38,1.0,2,0,2,0,1,1,1,1,0,0,nan
shadow_starvation,shadow_on,11,39,1.0,2,0,2,0,1,1,1,1,0,0,nan
shadow_starvation,shadow_on,11,40,1.0,2,0,2,0,1,1,1,1,0,0,nan
shadow_starvation,shadow_on,11,41,1.0,2,0,2,0,1,1,1,1,0,0,nan
shadow_starvation,shadow_on,11,42,1.0,2,0,2,0,1,1,1,1,0,0,nan
shadow_starvation,shadow_on,11,43,1.0,2,0,2,0,1,1,1,1,0,0,nan
shadow_starvation,shadow_on,11,44,1.0,2,0,2,0,1,1,1,1,0,0,nan
shadow_starvation,shadow_on,11,45,1.0,2,0,2,0,1,1,1,1,0,0,nan
shadow_starvation,shadow_on,11,46,1.0,2,0,2,0,1,1,1,1,0,0,nan
shadow_starvation,shadow_on,11,47,1.0,2,0,2,0,1,1,1,1,0,0,nan
shadow_starvation,shadow_on,11,48,1.0,2,0,2,0,1,1,1,1,0,0,nan
shadow_starvation,shadow_on,11,49,1.0,2,0,2,0,1,1,1,1,0,0,nan
shadow_starvation,shadow_on,11,50,1.0,2,0,2,0,1,1,1,1,0,0,nan
shadow_starvation,shadow_on,11,51,1.0,2,0,2,0,1,1,1,1,0,0,nan
shadow_starvation,shadow_on,11,52,1.0,2,0,2,0,1,1,1,1,0,0,nan
shadow_starvation,shadow_on,11,53,1.0,2,0,2,0,1,1,1,1,0,0,nan
shadow_starvation,shadow_on,11,54,1.0,2,0,2,0,1,1,1,1,0,0,nan
shadow_starvation,shadow_on,11,55,1.0,2,0,2,0,1,1,1,1,0,0,nan
shadow_starvation,shadow_on,11,56,1.0,2,0,2,0,1,1,1,1,0,0,nan
shadow_starvation,shadow_on,11,57,1.0,2,0,2,0,1,1,1,1,0,0,nan
shadow_starvation,shadow_on,11,58,1.0,2,0,2,0,1,1,1,1,0,0,nan
shadow_starvation,shadow_on,11,59,1.0,2,0,2,0,1,1,1,1,0,0,nan
shadow_starvation,shadow_on,11,60,1.0,2,0,2,0,1,0,1,1,0,0,nan
shadow_starvation,shadow_on,11,61,1.0,2,0,2,0,1,0,1,1,0,0,nan
shadow_starvation,shadow_on,11,62,1.0,2,0,2,0,1,0,1,1,0,0,nan
shadow_starvation,shadow_on,11,63,1.0,2,0,2,0,1,0,1,1,0,0,nan
shadow_starvation,shadow_on,11,64,1.0,2,0,2,0,1,0,1,1,0,0,nan
shadow_starvation,shadow_on,11,65,1.0,2,0,2,0,1,0,1,1,0,0,nan
shadow_starvation,shadow_on,11,66,1.0,2,0,2,0,1,0,1,1,0,0,nan
shadow_starvation,shadow_on,11,67,1.0,2,0,2,0,1,0,1,1,0,0,nan
shadow_starvation,shadow_on,11,68,1.0,2,0,2,0,1,0,1,1,0,0,nan
shadow_starvation,shadow_on,11,69,1.0,2,0,2,0,1,0,1,1,0,0,nan
shadow_starvation,shadow_on,11,70,1.0,2,0,2,0,1,0,1,1,0,0,nan
shadow_starvation,shadow_on,11,71,1.0,2,0,2,0,1,0,1,1,0,0,nan
shadow_starvation,shadow_on,11,72,1.0,2,0,2,0,1,0,1,1,0,0,nan
shadow_starvation,shadow_on,11,73,1.0,2,0,2,0,1,0,1,1,0,0,nan
shadow_starvation,shadow_on,11,74,1.0,2,0,2,0,1,0,1,1,0,0,nan
shadow_starvation,shadow_on,11,75,1.0,2,0,2,0,1,0,1,1,0,0,nan
shadow_starvation,shadow_on,11,76,1.0,2,0,2,0,1,0,1,1,0,0,nan
shadow_starvation,shadow_on,11,77,1.0,2,0,2,0,1,0,1,1,0,0,nan
shadow_starvation,shadow_on,11,78,1.0,2,0,2,0,1,0,1,1,0,0,nan
shadow_starvation,shadow_on,11,79,1.0,2,0,2,0,1,0,1,1,0,0,nan
shadow_starvation,shadow_on,11,80,1.0,2,0,2,0,1,0,1,1,0,0,nan
shadow_starvation,shadow_on,11,81,1.0,2,0,2,0,1,0,1,1,0,0,nan
shadow_starvation,shadow_on,11,82,1.0,2,0,2,0,1,0,1,1,0,0,nan
shadow_starvation,shadow_on,11,83,1.0,2,0,2,0,1,0,1,1,0,0,nan
shadow_starvation,shadow_on,11,84,1.0,2,0,2,0,1,0,1,1,0,0,nan
shadow_starvation,shadow_on,11,85,1.0,2,0,2,0,1,0,1,1,0,0,nan
shadow_starvation,shadow_on,11,86,1.0,2,0,2,0,1,0,1,1,0,0,nan
shadow_starvation,shadow_on,11,87,1.0,2,0,2,0,1,0,1,1,0,0,nan
shadow_starvation,shadow_on,11,88,1.0,2,0,2,0,1,0,1,1,0,0,nan
shadow_starvation,shadow_on,11,89,1.0,2,0,2,0,1,0,1,1,0,0,nan
shadow_starvation,shadow_on,11,90,1.0,2,0,2,0,1,0,1,1,0,0,nan
shadow_starvation,shadow_on,11,91,1.0,2,0,2,0,1,0,1,1,0,0,nan
shadow_starvation,shadow_on,11,92,1.0,2,0,2,0,1,0,1,1,0,0,nan
shadow_starvation,shadow_on,11,93,1.0,2,0,2,0,1,0,1,1,0,0,nan
shadow_starvation,shadow_on,11,94,1.0,2,0,2,0,1,0,1,1,0,0,nan
shadow_starvation,shadow_on,11,95,1.0,2,0,2,0,1,0,1,1,0,0,nan
shadow_starvation,shadow_on,11,96,1.0,2,0,2,0,1,0,1,1,0,0,nan
shadow_starvation,shadow_on,11,97,1.0,2,0,2,0,1,0,1,1,0,0,nan
shadow_starvation,shadow_on,11,98,1.0,2,0,2,0,1,0,1,1,0,0,nan
shadow_starvation,shadow_on,11,99,1.0,2,0,2,0,1,0,1,1,0,0,nan
shadow_starvation,shadow_on,12,0,nan,1,1,0,0,0,0,0,0,0,0,nan
shadow_starvation,shadow_on,12,1,nan,1,1,0,0,0,0,0,0,0,0,nan
shadow_starvation,shadow_on,12,2,nan,1,1,0,0,0,0,0,0,0,0,nan
shadow_starvation,shadow_on,12,3,nan,1,0,1,0,0,0,0,0,0,0,nan
shadow_starvation,shadow_on,12,4,nan,1,0,1,0,0,0,0,0,0,0,nan
shadow_starvation,shadow_on,12,5,nan,1,0,1,0,0,0,0,0,0,0,nan
shadow_starvation,shadow_on,12,6,nan,1,0,1,0,0,0,0,0,0,0,nan
shadow_starvation,shadow_on,12,7,nan,1,0,1,0,0,0,0,0,0,0,nan
shadow_starvation,shadow_on,12,8,nan,1,0,1,0,0,0,0,0,0,0,nan
shadow_starvation,shadow_on,12,9,nan,1,0,1,0,0,0,0,0,0,0,nan
shadow_starvation,shadow_on,12,10,0.0,2,1,1,0,0,1,1,0,0,0,nan
shadow_starvation,shadow_on,12,11,0.0,2,1,1,0,0,1,1,0,0,0,nan
shadow_starvation,shadow_on,12,12,0.0,2,1,1,0,0,1,1,0,0,0,nan
shadow_starvation,shadow_on,12,13,0.0,2,1,1,0,0,1,1,0,0,0,nan
shadow_starvation,shadow_on,12,14,0.0,2,1,1,0,0,1,1,0,0,0,nan
shadow_starvation,shadow_on,12,15,0.0,2,1,1,0,0,1,1,0,0,0,nan
shadow_starvation,shadow_on,12,16,0.0,2,1,1,0,0,1,1,0,0,0,nan
shadow_starvation,shadow_on,12,17,0.0,2,1,1,0,0,1,1,0,0,0,nan
shadow_starvation,shadow_on,12,18,0.0,2,1,1,0,0,1,1,0,0,0,nan
shadow_starvation,shadow_on,12,19,0.0,2,1,1,0,0,1,1,0,0,0,nan
shadow_starvation,shadow_on,12,20,0.0,2,1,1,0,0,1,1,0,0,0,nan
shadow_starvation,shadow_on,12,21,0.0,2,1,1,0,0,1,1,0,0,0,nan
shadow_starvation,shadow_on,12,22,0.0,2,0,2,0,1,1,1,0,0,0,nan
shadow_starvation,shadow_on,12,23,1.0,2,0,2,0,1,1,1,1,0,0,nan
shadow_starvation,shadow_on,12,24,1.0,2,0,2,0,1,1,1,1,0,0,nan
shadow_starvation,shadow_on,12,25,1.0,2,0,2,0,1,1,1,1,0,0,nan
shadow_starvation,shadow_on,12,26,1.0,2,0,2,0,1,1,1,1,0,0,nan
shadow_starvation,shadow_on,12,27,1.0,2,0,2,0,1,1,1,1,0,0,nan
shadow_starvation,shadow_on,12,28,1.0,2,0,2,0,1,1,1,1,0,0,nan
shadow_starvation,shadow_on,12,29,1.0,2,0,2,0,1,1,1,1,0,0,nan
shadow_starvation,shadow_on,12,30,1.0,2,0,2,0,1,1,1,1,0,0,nan
shadow_starvation,shadow_on,12,31,1.0,2,0,2,0,1,1,1,1,0,0,nan
shadow_starvation,shadow_on,12,32,1.0,2,0,2,0,1,1,1,1,0,0,nan
shadow_starvation,shadow_on,12,33,1.0,2,0,2,0,1,1,1,1,0,0,nan
shadow_starvation,shadow_on,12,34,1.0,2,0,2,0,1,1,1,1,0,0,nan
shadow_starvation,shadow_on,12,35,1.0,2,0,2,0,1,1,1,1,0,0,nan
shadow_starvation,shadow_on,12,36,1.0,2,0,2,0,1,1,1,1,0,0,nan
shadow_starvation,shadow_on,12,37,1.0,2,0,2,0,1,1,1,1,0,0,nan
shadow_starvation,shadow_on,12,38,1.0,2,0,2,0,1,1,1,1,0,0,nan
shadow_starvation,shadow_on,12,39,1.0,2,0,2,0,1,1,1,1,0,0,nan
shadow_starvation,shadow_on,12,40,1.0,2,0,2,0,1,1,1,1,0,0,nan
shadow_starvation,shadow_on,12,41,1.0,2,0,2,0,1,1,1,1,0,0,nan
shadow_starvation,shadow_on,12,42,1.0,2,0,2,0,1,1,1,1,0,0,nan
shadow_starvation,shadow_on,12,43,1.0,2,0,2,0,1,1,1,1,0,0,nan
shadow_starvation,shadow_on,12,44,1.0,2,0,2,0,1,1,1,1,0,0,nan
shadow_starvation,shadow_on,12,45,1.0,2,0,2,0,1,1,1,1,0,0,nan
shadow_starvation,shadow_on,12,46,1.0,2,0,2,0,1,1,1,1,0,0,nan
shadow_starvation,shadow_on,12,47,1.0,2,0,2,0,1,1,1,1,0,0,nan
shadow_starvation,shadow_on,12,48,1.0,2,0,2,0,1,1,1,1,0,0,nan
shadow_starvation,shadow_on,12,49,1.0,2,0,2,0,1,1,1,1,0,0,nan
shadow_starvation,shadow_on,12,50,1.0,2,0,2,0,1,1,1,1,0,0,nan
shadow_starvation,shadow_on,12,51,1.0,2,0,2,0,1,1,1,1,0,0,nan
shadow_starvation,shadow_on,12,52,1.0,2,0,2,0,1,1,1,1,0,0,nan
shadow_starvation,shadow_on,12,53,1.0,2,0,2,0,1,1,1,1,0,0,nan
shadow_starvation,shadow_on,12,54,1.0,2,0,2,0,1,1,1,1,0,0,nan
shadow_starvation,shadow_on,12,55,1.0,2,0,2,0,1,1,1,1,0,0,nan
shadow_starvation,shadow_on,12,56,1.0,2,0,2,0,1,1,1,1,0,0,nan
shadow_starvation,shadow_on,12,57,1.0,2,0,2,0,1,1,1,1,0,0,nan
shadow_starvation,shadow_on,12,58,1.0,2,0,2,0,1,1,1,1,0,0,nan
shadow_starvation,shadow_on,12,59,1.0,2,0,2,0,1,1,1,1,0,0,nan
shadow_starvation,shadow_on,12,60,1.0,2,0,2,0,1,0,1,1,0,0,nan
shadow_starvation,shadow_on,12,61,1.0,2,0,2,0,1,0,1,1,0,0,nan
shadow_starvation,shadow_on,12,62,1.0,2,0,2,0,1,0,1,1,0,0,nan
shadow_starvation,shadow_on,12,63,1.0,2,0,2,0,1,0,1,1,0,0,nan
shadow_starvation,shadow_on,12,64,1.0,2,0,2,0,1,0,1,1,0,0,nan
shadow_starvation,shadow_on,12,65,1.0,2,0,2,0,1,0,1,1,0,0,nan
shadow_starvation,shadow_on,12,66,1.0,2,0,2,0,1,0,1,1,0,0,nan
shadow_starvation,shadow_on,12,67,1.0,2,0,2,0,1,0,1,1,0,0,nan
shadow_starvation,shadow_on,12,68,1.0,2,0,2,0,1,0,1,1,0,0,nan
shadow_starvation,shadow_on,12,69,1.0,2,0,2,0,1,0,1,1,0,0,nan
shadow_starvation,shadow_on,12,70,1.0,2,0,2,0,1,0,1,1,0,0,nan
shadow_starvation,shadow_on,12,71,1.0,2,0,2,0,1,0,1,1,0,0,nan
shadow_starvation,shadow_on,12,72,1.0,2,0,2,0,1,0,1,1,0,0,nan
shadow_starvation,shadow_on,12,73,1.0,2,0,2,0,1,0,1,1,0,0,nan
shadow_starvation,shadow_on,12,74,1.0,2,0,2,0,1,0,1,1,0,0,nan
shadow_starvation,shadow_on,12,75,1.0,2,0,2,0,1,0,1,1,0,0,nan
shadow_starvation,shadow_on,12,76,1.0,2,0,2,0,1,0,1,1,0,0,nan
shadow_starvation,shadow_on,12,77,1.0,2,0,2,0,1,0,1,1,0,0,nan
shadow_starvation,shadow_on,12,78,1.0,2,0,2,0,1,0,1,1,0,0,nan
shadow_starvation,shadow_on,12,79,1.0,2,0,2,0,1,0,1,1,0,0,nan
shadow_starvation,shadow_on,12,80,1.0,2,0,2,0,1,0,1,1,0,0,nan
shadow_starvation,shadow_on,12,81,1.0,2,0,2,0,1,0,1,1,0,0,nan
shadow_starvation,shadow_on,12,82,1.0,2,0,2,0,1,0,1,1,0,0,nan
shadow_starvation,shadow_on,12,83,1.0,2,0,2,0,1,0,1,1,0,0,nan
shadow_starvation,shadow_on,12,84,1.0,2,0,2,0,1,0,1,1,0,0,nan
shadow_starvation,shadow_on,12,85,1.0,2,0,2,0,1,0,1,1,0,0,nan
shadow_starvation,shadow_on,12,86,1.0,2,0,2,0,1,0,1,1,0,0,nan
shadow_starvation,shadow_on,12,87,1.0,2,0,2,0,1,0,1,1,0,0,nan
shadow_starvation,shadow_on,12,88,1.0,2,0,2,0,1,0,1,1,0,0,nan
shadow_starvation,shadow_on,12,89,1.0,2,0,2,0,1,0,1,1,0,0,nan
shadow_starvation,shadow_on,12,90,1.0,2,0,2,0,1,0,1,1,0,0,nan
shadow_starvation,shadow_on,12,91,1.0,2,0,2,0,1,0,1,1,0,0,nan
shadow_starvation,shadow_on,12,92,1.0,2,0,2,0,1,0,1,1,0,0,nan
shadow_starvation,shadow_on,12,93,1.0,2,0,2,0,1,0,1,1,0,0,nan
shadow_starvation,shadow_on,12,94,1.0,2,0,2,0,1,0,1,1,0,0,nan
shadow_starvation,shadow_on,12,95,1.0,2,0,2,0,1,0,1,1,0,0,nan
shadow_starvation,shadow_on,12,96,1.0,2,0,2,0,1,0,1,1,0,0,nan
shadow_starvation,shadow_on,12,97,1.0,2,0,2,0,1,0,1,1,0,0,nan
shadow_starvation,shadow_on,12,98,1.0,2,0,2,0,1,0,1,1,0,0,nan
shadow_starvation,shadow_on,12,99,1.0,2,0,2,0,1,0,1,1,0,0,nan
shadow_starvation,shadow_on,13,0,nan,1,1,0,0,0,0,0,0,0,0,nan
shadow_starvation,shadow_on,13,1,nan,1,1,0,0,0,0,0,0,0,0,nan
shadow_starvation,shadow_on,13,2,nan,1,1,0,0,0,0,0,0,0,0,nan
shadow_starvation,shadow_on,13,3,nan,1,0,1,0,0,0,0,0,0,0,nan
shadow_starvation,shadow_on,13,4,nan,1,0,1,0,0,0,0,0,0,0,nan
shadow_starvation,shadow_on,13,5,nan,1,0,1,0,0,0,0,0,0,0,nan
shadow_starvation,shadow_on,13,6,nan,1,0,1,0,0,0,0,0,0,0,nan
shadow_starvation,shadow_on,13,7,nan,1,0,1,0,0,0,0,0,0,0,nan
shadow_starvation,shadow_on,13,8,nan,1,0,1,0,0,0,0,0,0,0,nan
shadow_starvation,shadow_on,13,9,nan,1,0,1,0,0,0,0,0,0,0,nan
shadow_starvation,shadow_on,13,10,0.0,2,1,1,0,0,1,1,0,0,0,nan
shadow_starvation,shadow_on,13,11,0.0,2,1,1,0,0,1,1,0,0,0,nan
shadow_starvation,shadow_on,13,12,0.0,2,1,1,0,0,1,1,0,0,0,nan
shadow_starvation,shadow_on,13,13,0.0,2,1,1,0,0,1,1,0,0,0,nan
shadow_starvation,shadow_on,13,14,0.0,2,1,1,0,0,1,1,0,0,0,nan
shadow_starvation,shadow_on,13,15,0.0,2,1,1,0,0,1,1,0,0,0,nan
shadow_starvation,shadow_on,13,16,0.0,2,1,1,0,0,1,1,0,0,0,nan
shadow_starvation,shadow_on,13,17,0.0,2,1,1,0,0,1,1,0,0,0,nan
shadow_starvation,shadow_on,13,18,0.0,2,1,1,0,0,1,1,0,0,0,nan
shadow_starvation,shadow_on,13,19,0.0,2,1,1,0,0,1,1,0,0,0,nan
shadow_starvation,shadow_on,13,20,0.0,2,1,1,0,0,1,1,0,0,0,nan
shadow_starvation,shadow_on,13,21,0.0,2,1,1,0,0,1,1,0,0,0,nan
shadow_starvation,shadow_on,13,22,0.0,2,0,2,0,1,1,1,0,0,0,nan
shadow_starvation,shadow_on,13,23,1.0,2,0,2,0,1,1,1,1,0,0,nan
shadow_starvation,shadow_on,13,24,1.0,2,0,2,0,1,1,1,1,0,0,nan
shadow_starvation,shadow_on,13,25,1.0,2,0,2,0,1,1,1,1,0,0,nan
shadow_starvation,shadow_on,13,26,1.0,2,0,2,0,1,1,1,1,0,0,nan
shadow_starvation,shadow_on,13,27,1.0,2,0,2,0,1,1,1,1,0,0,nan
shadow_starvation,shadow_on,13,28,1.0,2,0,2,0,1,1,1,1,0,0,nan
shadow_starvation,shadow_on,13,29,1.0,2,0,2,0,1,1,1,1,0,0,nan
shadow_starvation,shadow_on,13,30,1.0,2,0,2,0,1,1,1,1,0,0,nan
shadow_starvation,shadow_on,13,31,1.0,2,0,2,0,1,1,1,1,0,0,nan
shadow_starvation,shadow_on,13,32,1.0,2,0,2,0,1,1,1,1,0,0,nan
shadow_starvation,shadow_on,13,33,1.0,2,0,2,0,1,1,1,1,0,0,nan
shadow_starvation,shadow_on,13,34,1.0,2,0,2,0,1,1,1,1,0,0,nan
shadow_starvation,shadow_on,13,35,1.0,2,0,2,0,1,1,1,1,0,0,nan
shadow_starvation,shadow_on,13,36,1.0,2,0,2,0,1,1,1,1,0,0,nan
shadow_starvation,shadow_on,13,37,1.0,2,0,2,0,1,1,1,1,0,0,nan
shadow_starvation,shadow_on,13,38,1.0,2,0,2,0,1,1,1,1,0,0,nan
shadow_starvation,shadow_on,13,39,1.0,2,0,2,0,1,1,1,1,0,0,nan
shadow_starvation,shadow_on,13,40,1.0,2,0,2,0,1,1,1,1,0,0,nan
shadow_starvation,shadow_on,13,41,1.0,2,0,2,0,1,1,1,1,0,0,nan
shadow_starvation,shadow_on,13,42,1.0,2,0,2,0,1,1,1,1,0,0,nan
shadow_starvation,shadow_on,13,43,1.0,2,0,2,0,1,1,1,1,0,0,nan
shadow_starvation,shadow_on,13,44,1.0,2,0,2,0,1,1,1,1,0,0,nan
shadow_starvation,shadow_on,13,45,1.0,2,0,2,0,1,1,1,1,0,0,nan
shadow_starvation,shadow_on,13,46,1.0,2,0,2,0,1,1,1,1,0,0,nan
shadow_starvation,shadow_on,13,47,1.0,2,0,2,0,1,1,1,1,0,0,nan
shadow_starvation,shadow_on,13,48,1.0,2,0,2,0,1,1,1,1,0,0,nan
shadow_starvation,shadow_on,13,49,1.0,2,0,2,0,1,1,1,1,0,0,nan
shadow_starvation,shadow_on,13,50,1.0,2,0,2,0,1,1,1,1,0,0,nan
shadow_starvation,shadow_on,13,51,1.0,2,0,2,0,1,1,1,1,0,0,nan
shadow_starvation,shadow_on,13,52,1.0,2,0,2,0,1,1,1,1,0,0,nan
shadow_starvation,shadow_on,13,53,1.0,2,0,2,0,1,1,1,1,0,0,nan
shadow_starvation,shadow_on,13,54,1.0,2,0,2,0,1,1,1,1,0,0,nan
shadow_starvation,shadow_on,13,55,1.0,2,0,2,0,1,1,1,1,0,0,nan
shadow_starvation,shadow_on,13,56,1.0,2,0,2,0,1,1,1,1,0,0,nan
shadow_starvation,shadow_on,13,57,1.0,2,0,2,0,1,1,1,1,0,0,nan
shadow_starvation,shadow_on,13,58,1.0,2,0,2,0,1,1,1,1,0,0,nan
shadow_starvation,shadow_on,13,59,1.0,2,0,2,0,1,1,1,1,0,0,nan
shadow_starvation,shadow_on,13,60,1.0,2,0,2,0,1,0,1,1,0,0,nan
shadow_starvation,shadow_on,13,61,1.0,2,0,2,0,1,0,1,1,0,0,nan
shadow_starvation,shadow_on,13,62,1.0,2,0,2,0,1,0,1,1,0,0,nan
shadow_starvation,shadow_on,13,63,1.0,2,0,2,0,1,0,1,1,0,0,nan
shadow_starvation,shadow_on,13,64,1.0,2,0,2,0,1,0,1,1,0,0,nan
shadow_starvation,shadow_on,13,65,1.0,2,0,2,0,1,0,1,1,0,0,nan
shadow_starvation,shadow_on,13,66,1.0,2,0,2,0,1,0,1,1,0,0,nan
shadow_starvation,shadow_on,13,67,1.0,2,0,2,0,1,0,1,1,0,0,nan
shadow_starvation,shadow_on,13,68,1.0,2,0,2,0,1,0,1,1,0,0,nan
shadow_starvation,shadow_on,13,69,1.0,2,0,2,0,1,0,1,1,0,0,nan
shadow_starvation,shadow_on,13,70,1.0,2,0,2,0,1,0,1,1,0,0,nan
shadow_starvation,shadow_on,13,71,1.0,2,0,2,0,1,0,1,1,0,0,nan
shadow_starvation,shadow_on,13,72,1.0,2,0,2,0,1,0,1,1,0,0,nan
shadow_starvation,shadow_on,13,73,1.0,2,0,2,0,1,0,1,1,0,0,nan
shadow_starvation,shadow_on,13,74,1.0,2,0,2,0,1,0,1,1,0,0,nan
shadow_starvation,shadow_on,13,75,1.0,2,0,2,0,1,0,1,1,0,0,nan
shadow_starvation,shadow_on,13,76,1.0,2,0,2,0,1,0,1,1,0,0,nan
shadow_starvation,shadow_on,13,77,1.0,2,0,2,0,1,0,1,1,0,0,nan
shadow_starvation,shadow_on,13,78,1.0,2,0,2,0,1,0,1,1,0,0,nan
shadow_starvation,shadow_on,13,79,1.0,2,0,2,0,1,0,1,1,0,0,nan
shadow_starvation,shadow_on,13,80,1.0,2,0,2,0,1,0,1,1,0,0,nan
shadow_starvation,shadow_on,13,81,1.0,2,0,2,0,1,0,1,1,0,0,nan
shadow_starvation,shadow_on,13,82,1.0,2,0,2,0,1,0,1,1,0,0,nan
shadow_starvation,shadow_on,13,83,1.0,2,0,2,0,1,0,1,1,0,0,nan
shadow_starvation,shadow_on,13,84,1.0,2,0,2,0,1,0,1,1,0,0,nan
shadow_starvation,shadow_on,13,85,1.0,2,0,2,0,1,0,1,1,0,0,nan
shadow_starvation,shadow_on,13,86,1.0,2,0,2,0,1,0,1,1,0,0,nan
shadow_starvation,shadow_on,13,87,1.0,2,0,2,0,1,0,1,1,0,0,nan
shadow_starvation,shadow_on,13,88,1.0,2,0,2,0,1,0,1,1,0,0,nan
shadow_starvation,shadow_on,13,89,1.0,2,0,2,0,1,0,1,1,0,0,nan
shadow_starvation,shadow_on,13,90,1.0,2,0,2,0,1,0,1,1,0,0,nan
shadow_starvation,shadow_on,13,91,1.0,2,0,2,0,1,0,1,1,0,0,nan
shadow_starvation,shadow_on,13,92,1.0,2,0,2,0,1,0,1,1,0,0,nan
shadow_starvation,shadow_on,13,93,1.0,2,0,2,0,1,0,1,1,0,0,nan
shadow_starvation,shadow_on,13,94,1.0,2,0,2,0,1,0,1,1,0,0,nan
shadow_starvation,shadow_on,13,95,1.0,2,0,2,0,1,0,1,1,0,0,nan
shadow_starvation,shadow_on,13,96,1.0,2,0,2,0,1,0,1,1,0,0,nan
shadow_starvation,shadow_on,13,97,1.0,2,0,2,0,1,0,1,1,0,0,nan
shadow_starvation,shadow_on,13,98,1.0,2,0,2,0,1,0,1,1,0,0,nan
shadow_starvation,shadow_on,13,99,1.0,2,0,2,0,1,0,1,1,0,0,nan
shadow_starvation,shadow_on,14,0,nan,1,1,0,0,0,0,0,0,0,0,nan
shadow_starvation,shadow_on,14,1,nan,1,1,0,0,0,0,0,0,0,0,nan
shadow_starvation,shadow_on,14,2,nan,1,1,0,0,0,0,0,0,0,0,nan
shadow_starvation,shadow_on,14,3,nan,1,0,1,0,0,0,0,0,0,0,nan
shadow_starvation,shadow_on,14,4,nan,1,0,1,0,0,0,0,0,0,0,nan
shadow_starvation,shadow_on,14,5,nan,1,0,1,0,0,0,0,0,0,0,nan
shadow_starvation,shadow_on,14,6,nan,1,0,1,0,0,0,0,0,0,0,nan
shadow_starvation,shadow_on,14,7,nan,1,0,1,0,0,0,0,0,0,0,nan
shadow_starvation,shadow_on,14,8,nan,1,0,1,0,0,0,0,0,0,0,nan
shadow_starvation,shadow_on,14,9,nan,1,0,1,0,0,0,0,0,0,0,nan
shadow_starvation,shadow_on,14,10,0.0,2,1,1,0,0,1,1,0,0,0,nan
shadow_starvation,shadow_on,14,11,0.0,2,1,1,0,0,1,1,0,0,0,nan
shadow_starvation,shadow_on,14,12,0.0,2,1,1,0,0,1,1,0,0,0,nan
shadow_starvation,shadow_on,14,13,0.0,2,1,1,0,0,1,1,0,0,0,nan
shadow_starvation,shadow_on,14,14,0.0,2,1,1,0,0,1,1,0,0,0,nan
shadow_starvation,shadow_on,14,15,0.0,2,1,1,0,0,1,1,0,0,0,nan
shadow_starvation,shadow_on,14,16,0.0,2,1,1,0,0,1,1,0,0,0,nan
shadow_starvation,shadow_on,14,17,0.0,2,1,1,0,0,1,1,0,0,0,nan
shadow_starvation,shadow_on,14,18,0.0,2,1,1,0,0,1,1,0,0,0,nan
shadow_starvation,shadow_on,14,19,0.0,2,1,1,0,0,1,1,0,0,0,nan
shadow_starvation,shadow_on,14,20,0.0,2,1,1,0,0,1,1,0,0,0,nan
shadow_starvation,shadow_on,14,21,0.0,2,1,1,0,0,1,1,0,0,0,nan
shadow_starvation,shadow_on,14,22,0.0,2,0,2,0,1,1,1,0,0,0,nan
shadow_starvation,shadow_on,14,23,1.0,2,0,2,0,1,1,1,1,0,0,nan
shadow_starvation,shadow_on,14,24,1.0,2,0,2,0,1,1,1,1,0,0,nan
shadow_starvation,shadow_on,14,25,1.0,2,0,2,0,1,1,1,1,0,0,nan
shadow_starvation,shadow_on,14,26,1.0,2,0,2,0,1,1,1,1,0,0,nan
shadow_starvation,shadow_on,14,27,1.0,2,0,2,0,1,1,1,1,0,0,nan
shadow_starvation,shadow_on,14,28,1.0,2,0,2,0,1,1,1,1,0,0,nan
shadow_starvation,shadow_on,14,29,1.0,2,0,2,0,1,1,1,1,0,0,nan
shadow_starvation,shadow_on,14,30,1.0,2,0,2,0,1,1,1,1,0,0,nan
shadow_starvation,shadow_on,14,31,1.0,2,0,2,0,1,1,1,1,0,0,nan
shadow_starvation,shadow_on,14,32,1.0,2,0,2,0,1,1,1,1,0,0,nan
shadow_starvation,shadow_on,14,33,1.0,2,0,2,0,1,1,1,1,0,0,nan
shadow_starvation,shadow_on,14,34,1.0,2,0,2,0,1,1,1,1,0,0,nan
shadow_starvation,shadow_on,14,35,1.0,2,0,2,0,1,1,1,1,0,0,nan
shadow_starvation,shadow_on,14,36,1.0,2,0,2,0,1,1,1,1,0,0,nan
shadow_starvation,shadow_on,14,37,1.0,2,0,2,0,1,1,1,1,0,0,nan
shadow_starvation,shadow_on,14,38,1.0,2,0,2,0,1,1,1,1,0,0,nan
shadow_starvation,shadow_on,14,39,1.0,2,0,2,0,1,1,1,1,0,0,nan
shadow_starvation,shadow_on,14,40,1.0,2,0,2,0,1,1,1,1,0,0,nan
shadow_starvation,shadow_on,14,41,1.0,2,0,2,0,1,1,1,1,0,0,nan
shadow_starvation,shadow_on,14,42,1.0,2,0,2,0,1,1,1,1,0,0,nan
shadow_starvation,shadow_on,14,43,1.0,2,0,2,0,1,1,1,1,0,0,nan
shadow_starvation,shadow_on,14,44,1.0,2,0,2,0,1,1,1,1,0,0,nan
shadow_starvation,shadow_on,14,45,1.0,2,0,2,0,1,1,1,1,0,0,nan
shadow_starvation,shadow_on,14,46,1.0,2,0,2,0,1,1,1,1,0,0,nan
shadow_starvation,shadow_on,14,47,1.0,2,0,2,0,1,1,1,1,0,0,nan
shadow_starvation,shadow_on,14,48,1.0,2,0,2,0,1,1,1,1,0,0,nan
shadow_starvation,shadow_on,14,49,1.0,2,0,2,0,1,1,1,1,0,0,nan
shadow_starvation,shadow_on,14,50,1.0,2,0,2,0,1,1,1,1,0,0,nan
shadow_starvation,shadow_on,14,51,1.0,2,0,2,0,1,1,1,1,0,0,nan
shadow_starvation,shadow_on,14,52,1.0,2,0,2,0,1,1,1,1,0,0,nan
shadow_starvation,shadow_on,14,53,1.0,2,0,2,0,1,1,1,1,0,0,nan
shadow_starvation,shadow_on,14,54,1.0,2,0,2,0,1,1,1,1,0,0,nan
shadow_starvation,shadow_on,14,55,1.0,2,0,2,0,1,1,1,1,0,0,nan
shadow_starvation,shadow_on,14,56,1.0,2,0,2,0,1,1,1,1,0,0,nan
shadow_starvation,shadow_on,14,57,1.0,2,0,2,0,1,1,1,1,0,0,nan
shadow_starvation,shadow_on,14,58,1.0,2,0,2,0,1,1,1,1,0,0,nan
shadow_starvation,shadow_on,14,59,1.0,2,0,2,0,1,1,1,1,0,0,nan
shadow_starvation,shadow_on,14,60,1.0,2,0,2,0,1,0,1,1,0,0,nan
shadow_starvation,shadow_on,14,61,1.0,2,0,2,0,1,0,1,1,0,0,nan
shadow_starvation,shadow_on,14,62,1.0,2,0,2,0,1,0,1,1,0,0,nan
shadow_starvation,shadow_on,14,63,1.0,2,0,2,0,1,0,1,1,0,0,nan
shadow_starvation,shadow_on,14,64,1.0,2,0,2,0,1,0,1,1,0,0,nan
shadow_starvation,shadow_on,14,65,1.0,2,0,2,0,1,0,1,1,0,0,nan
shadow_starvation,shadow_on,14,66,1.0,2,0,2,0,1,0,1,1,0,0,nan
shadow_starvation,shadow_on,14,67,1.0,2,0,2,0,1,0,1,1,0,0,nan
shadow_starvation,shadow_on,14,68,1.0,2,0,2,0,1,0,1,1,0,0,nan
shadow_starvation,shadow_on,14,69,1.0,2,0,2,0,1,0,1,1,0,0,nan
shadow_starvation,shadow_on,14,70,1.0,2,0,2,0,1,0,1,1,0,0,nan
shadow_starvation,shadow_on,14,71,1.0,2,0,2,0,1,0,1,1,0,0,nan
shadow_starvation,shadow_on,14,72,1.0,2,0,2,0,1,0,1,1,0,0,nan
shadow_starvation,shadow_on,14,73,1.0,2,0,2,0,1,0,1,1,0,0,nan
shadow_starvation,shadow_on,14,74,1.0,2,0,2,0,1,0,1,1,0,0,nan
shadow_starvation,shadow_on,14,75,1.0,2,0,2,0,1,0,1,1,0,0,nan
shadow_starvation,shadow_on,14,76,1.0,2,0,2,0,1,0,1,1,0,0,nan
shadow_starvation,shadow_on,14,77,1.0,2,0,2,0,1,0,1,1,0,0,nan
shadow_starvation,shadow_on,14,78,1.0,2,0,2,0,1,0,1,1,0,0,nan
shadow_starvation,shadow_on,14,79,1.0,2,0,2,0,1,0,1,1,0,0,nan
shadow_starvation,shadow_on,14,80,1.0,2,0,2,0,1,0,1,1,0,0,nan
shadow_starvation,shadow_on,14,81,1.0,2,0,2,0,1,0,1,1,0,0,nan
shadow_starvation,shadow_on,14,82,1.0,2,0,2,0,1,0,1,1,0,0,nan
shadow_starvation,shadow_on,14,83,1.0,2,0,2,0,1,0,1,1,0,0,nan
shadow_starvation,shadow_on,14,84,1.0,2,0,2,0,1,0,1,1,0,0,nan
shadow_starvation,shadow_on,14,85,1.0,2,0,2,0,1,0,1,1,0,0,nan
shadow_starvation,shadow_on,14,86,1.0,2,0,2,0,1,0,1,1,0,0,nan
shadow_starvation,shadow_on,14,87,1.0,2,0,2,0,1,0,1,1,0,0,nan
shadow_starvation,shadow_on,14,88,1.0,2,0,2,0,1,0,1,1,0,0,nan
shadow_starvation,shadow_on,14,89,1.0,2,0,2,0,1,0,1,1,0,0,nan
shadow_starvation,shadow_on,14,90,1.0,2,0,2,0,1,0,1,1,0,0,nan
shadow_starvation,shadow_on,14,91,1.0,2,0,2,0,1,0,1,1,0,0,nan
shadow_starvation,shadow_on,14,92,1.0,2,0,2,0,1,0,1,1,0,0,nan
shadow_starvation,shadow_on,14,93,1.0,2,0,2,0,1,0,1,1,0,0,nan
shadow_starvation,shadow_on,14,94,1.0,2,0,2,0,1,0,1,1,0,0,nan
shadow_starvation,shadow_on,14,95,1.0,2,0,2,0,1,0,1,1,0,0,nan
shadow_starvation,shadow_on,14,96,1.0,2,0,2,0,1,0,1,1,0,0,nan
shadow_starvation,shadow_on,14,97,1.0,2,0,2,0,1,0,1,1,0,0,nan
shadow_starvation,shadow_on,14,98,1.0,2,0,2,0,1,0,1,1,0,0,nan
shadow_starvation,shadow_on,14,99,1.0,2,0,2,0,1,0,1,1,0,0,nan
shadow_starvation,shadow_on,15,0,nan,1,1,0,0,0,0,0,0,0,0,nan
shadow_starvation,shadow_on,15,1,nan,1,1,0,0,0,0,0,0,0,0,nan
shadow_starvation,shadow_on,15,2,nan,1,1,0,0,0,0,0,0,0,0,nan
shadow_starvation,shadow_on,15,3,nan,1,0,1,0,0,0,0,0,0,0,nan
shadow_starvation,shadow_on,15,4,nan,1,0,1,0,0,0,0,0,0,0,nan
shadow_starvation,shadow_on,15,5,nan,1,0,1,0,0,0,0,0,0,0,nan
shadow_starvation,shadow_on,15,6,nan,1,0,1,0,0,0,0,0,0,0,nan
shadow_starvation,shadow_on,15,7,nan,1,0,1,0,0,0,0,0,0,0,nan
shadow_starvation,shadow_on,15,8,nan,1,0,1,0,0,0,0,0,0,0,nan
shadow_starvation,shadow_on,15,9,nan,1,0,1,0,0,0,0,0,0,0,nan
shadow_starvation,shadow_on,15,10,0.0,2,1,1,0,0,1,1,0,0,0,nan
shadow_starvation,shadow_on,15,11,0.0,2,1,1,0,0,1,1,0,0,0,nan
shadow_starvation,shadow_on,15,12,0.0,2,1,1,0,0,1,1,0,0,0,nan
shadow_starvation,shadow_on,15,13,0.0,2,1,1,0,0,1,1,0,0,0,nan
shadow_starvation,shadow_on,15,14,0.0,2,1,1,0,0,1,1,0,0,0,nan
shadow_starvation,shadow_on,15,15,0.0,2,1,1,0,0,1,1,0,0,0,nan
shadow_starvation,shadow_on,15,16,0.0,2,1,1,0,0,1,1,0,0,0,nan
shadow_starvation,shadow_on,15,17,0.0,2,1,1,0,0,1,1,0,0,0,nan
shadow_starvation,shadow_on,15,18,0.0,2,1,1,0,0,1,1,0,0,0,nan
shadow_starvation,shadow_on,15,19,0.0,2,1,1,0,0,1,1,0,0,0,nan
shadow_starvation,shadow_on,15,20,0.0,2,1,1,0,0,1,1,0,0,0,nan
shadow_starvation,shadow_on,15,21,0.0,2,1,1,0,0,1,1,0,0,0,nan
shadow_starvation,shadow_on,15,22,0.0,2,0,2,0,1,1,1,0,0,0,nan
shadow_starvation,shadow_on,15,23,1.0,2,0,2,0,1,1,1,1,0,0,nan
shadow_starvation,shadow_on,15,24,1.0,2,0,2,0,1,1,1,1,0,0,nan
shadow_starvation,shadow_on,15,25,1.0,2,0,2,0,1,1,1,1,0,0,nan
shadow_starvation,shadow_on,15,26,1.0,2,0,2,0,1,1,1,1,0,0,nan
shadow_starvation,shadow_on,15,27,1.0,2,0,2,0,1,1,1,1,0,0,nan
shadow_starvation,shadow_on,15,28,1.0,2,0,2,0,1,1,1,1,0,0,nan
shadow_starvation,shadow_on,15,29,1.0,2,0,2,0,1,1,1,1,0,0,nan
shadow_starvation,shadow_on,15,30,1.0,2,0,2,0,1,1,1,1,0,0,nan
shadow_starvation,shadow_on,15,31,1.0,2,0,2,0,1,1,1,1,0,0,nan
shadow_starvation,shadow_on,15,32,1.0,2,0,2,0,1,1,1,1,0,0,nan
shadow_starvation,shadow_on,15,33,1.0,2,0,2,0,1,1,1,1,0,0,nan
shadow_starvation,shadow_on,15,34,1.0,2,0,2,0,1,1,1,1,0,0,nan
shadow_starvation,shadow_on,15,35,1.0,2,0,2,0,1,1,1,1,0,0,nan
shadow_starvation,shadow_on,15,36,1.0,2,0,2,0,1,1,1,1,0,0,nan
shadow_starvation,shadow_on,15,37,1.0,2,0,2,0,1,1,1,1,0,0,nan
shadow_starvation,shadow_on,15,38,1.0,2,0,2,0,1,1,1,1,0,0,nan
shadow_starvation,shadow_on,15,39,1.0,2,0,2,0,1,1,1,1,0,0,nan
shadow_starvation,shadow_on,15,40,1.0,2,0,2,0,1,1,1,1,0,0,nan
shadow_starvation,shadow_on,15,41,1.0,2,0,2,0,1,1,1,1,0,0,nan
shadow_starvation,shadow_on,15,42,1.0,2,0,2,0,1,1,1,1,0,0,nan
shadow_starvation,shadow_on,15,43,1.0,2,0,2,0,1,1,1,1,0,0,nan
shadow_starvation,shadow_on,15,44,1.0,2,0,2,0,1,1,1,1,0,0,nan
shadow_starvation,shadow_on,15,45,1.0,2,0,2,0,1,1,1,1,0,0,nan
shadow_starvation,shadow_on,15,46,1.0,2,0,2,0,1,1,1,1,0,0,nan
shadow_starvation,shadow_on,15,47,1.0,2,0,2,0,1,1,1,1,0,0,nan
shadow_starvation,shadow_on,15,48,1.0,2,0,2,0,1,1,1,1,0,0,nan
shadow_starvation,shadow_on,15,49,1.0,2,0,2,0,1,1,1,1,0,0,nan
shadow_starvation,shadow_on,15,50,1.0,2,0,2,0,1,1,1,1,0,0,nan
shadow_starvation,shadow_on,15,51,1.0,2,0,2,0,1,1,1,1,0,0,nan
shadow_starvation,shadow_on,15,52,1.0,2,0,2,0,1,1,1,1,0,0,nan
shadow_starvation,shadow_on,15,53,1.0,2,0,2,0,1,1,1,1,0,0,nan
shadow_starvation,shadow_on,15,54,1.0,2,0,2,0,1,1,1,1,0,0,nan
shadow_starvation,shadow_on,15,55,1.0,2,0,2,0,1,1,1,1,0,0,nan
shadow_starvation,shadow_on,15,56,1.0,2,0,2,0,1,1,1,1,0,0,nan
shadow_starvation,shadow_on,15,57,1.0,2,0,2,0,1,1,1,1,0,0,nan
shadow_starvation,shadow_on,15,58,1.0,2,0,2,0,1,1,1,1,0,0,nan
shadow_starvation,shadow_on,15,59,1.0,2,0,2,0,1,1,1,1,0,0,nan
shadow_starvation,shadow_on,15,60,1.0,2,0,2,0,1,0,1,1,0,0,nan
shadow_starvation,shadow_on,15,61,1.0,2,0,2,0,1,0,1,1,0,0,nan
shadow_starvation,shadow_on,15,62,1.0,2,0,2,0,1,0,1,1,0,0,nan
shadow_starvation,shadow_on,15,63,1.0,2,0,2,0,1,0,1,1,0,0,nan
shadow_starvation,shadow_on,15,64,1.0,2,0,2,0,1,0,1,1,0,0,nan
shadow_starvation,shadow_on,15,65,1.0,2,0,2,0,1,0,1,1,0,0,nan
shadow_starvation,shadow_on,15,66,1.0,2,0,2,0,1,0,1,1,0,0,nan
shadow_starvation,shadow_on,15,67,1.0,2,0,2,0,1,0,1,1,0,0,nan
shadow_starvation,shadow_on,15,68,1.0,2,0,2,0,1,0,1,1,0,0,nan
shadow_starvation,shadow_on,15,69,1.0,2,0,2,0,1,0,1,1,0,0,nan
shadow_starvation,shadow_on,15,70,1.0,2,0,2,0,1,0,1,1,0,0,nan
shadow_starvation,shadow_on,15,71,1.0,2,0,2,0,1,0,1,1,0,0,nan
shadow_starvation,shadow_on,15,72,1.0,2,0,2,0,1,0,1,1,0,0,nan
shadow_starvation,shadow_on,15,73,1.0,2,0,2,0,1,0,1,1,0,0,nan
shadow_starvation,shadow_on,15,74,1.0,2,0,2,0,1,0,1,1,0,0,nan
shadow_starvation,shadow_on,15,75,1.0,2,0,2,0,1,0,1,1,0,0,nan
shadow_starvation,shadow_on,15,76,1.0,2,0,2,0,1,0,1,1,0,0,nan
shadow_starvation,shadow_on,15,77,1.0,2,0,2,0,1,0,1,1,0,0,nan
shadow_starvation,shadow_on,15,78,1.0,2,0,2,0,1,0,1,1,0,0,nan
shadow_starvation,shadow_on,15,79,1.0,2,0,2,0,1,0,1,1,0,0,nan
shadow_starvation,shadow_on,15,80,1.0,2,0,2,0,1,0,1,1,0,0,nan
shadow_starvation,shadow_on,15,81,1.0,2,0,2,0,1,0,1,1,0,0,nan
shadow_starvation,shadow_on,15,82,1.0,2,0,2,0,1,0,1,1,0,0,nan
shadow_starvation,shadow_on,15,83,1.0,2,0,2,0,1,0,1,1,0,0,nan
shadow_starvation,shadow_on,15,84,1.0,2,0,2,0,1,0,1,1,0,0,nan
shadow_starvation,shadow_on,15,85,1.0,2,0,2,0,1,0,1,1,0,0,nan
shadow_starvation,shadow_on,15,86,1.0,2,0,2,0,1,0,1,1,0,0,nan
shadow_starvation,shadow_on,15,87,1.0,2,0,2,0,1,0,1,1,0,0,nan
shadow_starvation,shadow_on,15,88,1.0,2,0,2,0,1,0,1,1,0,0,nan
shadow_starvation,shadow_on,15,89,1.0,2,0,2,0,1,0,1,1,0,0,nan
shadow_starvation,shadow_on,15,90,1.0,2,0,2,0,1,0,1,1,0,0,nan
shadow_starvation,shadow_on,15,91,1.0,2,0,2,0,1,0,1,1,0,0,nan
shadow_starvation,shadow_on,15,92,1.0,2,0,2,0,1,0,1,1,0,0,nan
shadow_starvation,shadow_on,15,93,1.0,2,0,2,0,1,0,1,1,0,0,nan
shadow_starvation,shadow_on,15,94,1.0,2,0,2,0,1,0,1,1,0,0,nan
shadow_starvation,shadow_on,15,95,1.0,2,0,2,0,1,0,1,1,0,0,nan
shadow_starvation,shadow_on,15,96,1.0,2,0,2,0,1,0,1,1,0,0,nan
shadow_starvation,shadow_on,15,97,1.0,2,0,2,0,1,0,1,1,0,0,nan
shadow_starvation,shadow_on,15,98,1.0,2,0,2,0,1,0,1,1,0,0,nan
shadow_starvation,shadow_on,15,99,1.0,2,0,2,0,1,0,1,1,0,0,nan
shadow_starvation,shadow_on,16,0,nan,1,1,0,0,0,0,0,0,0,0,nan
shadow_starvation,shadow_on,16,1,nan,1,1,0,0,0,0,0,0,0,0,nan
shadow_starvation,shadow_on,16,2,nan,1,1,0,0,0,0,0,0,0,0,nan
shadow_starvation,shadow_on,16,3,nan,1,0,1,0,0,0,0,0,0,0,nan
shadow_starvation,shadow_on,16,4,nan,1,0,1,0,0,0,0,0,0,0,nan
shadow_starvation,shadow_on,16,5,nan,1,0,1,0,0,0,0,0,0,0,nan
shadow_starvation,shadow_on,16,6,nan,1,0,1,0,0,0,0,0,0,0,nan
shadow_starvation,shadow_on,16,7,nan,1,0,1,0,0,0,0,0,0,0,nan
shadow_starvation,shadow_on,16,8,nan,1,0,1,0,0,0,0,0,0,0,nan
shadow_starvation,shadow_on,16,9,nan,1,0,1,0,0,0,0,0,0,0,nan
shadow_starvation,shadow_on,16,10,0.0,2,1,1,0,0,1,1,0,0,0,nan
shadow_starvation,shadow_on,16,11,0.0,2,1,1,0,0,1,1,0,0,0,nan
shadow_starvation,shadow_on,16,12,0.0,2,1,1,0,0,1,1,0,0,0,nan
shadow_starvation,shadow_on,16,13,0.0,2,1,1,0,0,1,1,0,0,0,nan
shadow_starvation,shadow_on,16,14,0.0,2,1,1,0,0,1,1,0,0,0,nan
shadow_starvation,shadow_on,16,15,0.0,2,1,1,0,0,1,1,0,0,0,nan
shadow_starvation,shadow_on,16,16,0.0,2,1,1,0,0,1,1,0,0,0,nan
shadow_starvation,shadow_on,16,17,0.0,2,1,1,0,0,1,1,0,0,0,nan
shadow_starvation,shadow_on,16,18,0.0,2,1,1,0,0,1,1,0,0,0,nan
shadow_starvation,shadow_on,16,19,0.0,2,1,1,0,0,1,1,0,0,0,nan
shadow_starvation,shadow_on,16,20,0.0,2,1,1,0,0,1,1,0,0,0,nan
shadow_starvation,shadow_on,16,21,0.0,2,1,1,0,0,1,1,0,0,0,nan
shadow_starvation,shadow_on,16,22,0.0,2,0,2,0,1,1,1,0,0,0,nan
shadow_starvation,shadow_on,16,23,1.0,2,0,2,0,1,1,1,1,0,0,nan
shadow_starvation,shadow_on,16,24,1.0,2,0,2,0,1,1,1,1,0,0,nan
shadow_starvation,shadow_on,16,25,1.0,2,0,2,0,1,1,1,1,0,0,nan
shadow_starvation,shadow_on,16,26,1.0,2,0,2,0,1,1,1,1,0,0,nan
shadow_starvation,shadow_on,16,27,1.0,2,0,2,0,1,1,1,1,0,0,nan
shadow_starvation,shadow_on,16,28,1.0,2,0,2,0,1,1,1,1,0,0,nan
shadow_starvation,shadow_on,16,29,1.0,2,0,2,0,1,1,1,1,0,0,nan
shadow_starvation,shadow_on,16,30,1.0,2,0,2,0,1,1,1,1,0,0,nan
shadow_starvation,shadow_on,16,31,1.0,2,0,2,0,1,1,1,1,0,0,nan
shadow_starvation,shadow_on,16,32,1.0,2,0,2,0,1,1,1,1,0,0,nan
shadow_starvation,shadow_on,16,33,1.0,2,0,2,0,1,1,1,1,0,0,nan
shadow_starvation,shadow_on,16,34,1.0,2,0,2,0,1,1,1,1,0,0,nan
shadow_starvation,shadow_on,16,35,1.0,2,0,2,0,1,1,1,1,0,0,nan
shadow_starvation,shadow_on,16,36,1.0,2,0,2,0,1,1,1,1,0,0,nan
shadow_starvation,shadow_on,16,37,1.0,2,0,2,0,1,1,1,1,0,0,nan
shadow_starvation,shadow_on,16,38,1.0,2,0,2,0,1,1,1,1,0,0,nan
shadow_starvation,shadow_on,16,39,1.0,2,0,2,0,1,1,1,1,0,0,nan
shadow_starvation,shadow_on,16,40,1.0,2,0,2,0,1,1,1,1,0,0,nan
shadow_starvation,shadow_on,16,41,1.0,2,0,2,0,1,1,1,1,0,0,nan
shadow_starvation,shadow_on,16,42,1.0,2,0,2,0,1,1,1,1,0,0,nan
shadow_starvation,shadow_on,16,43,1.0,2,0,2,0,1,1,1,1,0,0,nan
shadow_starvation,shadow_on,16,44,1.0,2,0,2,0,1,1,1,1,0,0,nan
shadow_starvation,shadow_on,16,45,1.0,2,0,2,0,1,1,1,1,0,0,nan
shadow_starvation,shadow_on,16,46,1.0,2,0,2,0,1,1,1,1,0,0,nan
shadow_starvation,shadow_on,16,47,1.0,2,0,2,0,1,1,1,1,0,0,nan
shadow_starvation,shadow_on,16,48,1.0,2,0,2,0,1,1,1,1,0,0,nan
shadow_starvation,shadow_on,16,49,1.0,2,0,2,0,1,1,1,1,0,0,nan
shadow_starvation,shadow_on,16,50,1.0,2,0,2,0,1,1,1,1,0,0,nan
shadow_starvation,shadow_on,16,51,1.0,2,0,2,0,1,1,1,1,0,0,nan
shadow_starvation,shadow_on,16,52,1.0,2,0,2,0,1,1,1,1,0,0,nan
shadow_starvation,shadow_on,16,53,1.0,2,0,2,0,1,1,1,1,0,0,nan
shadow_starvation,shadow_on,16,54,1.0,2,0,2,0,1,1,1,1,0,0,nan
shadow_starvation,shadow_on,16,55,1.0,2,0,2,0,1,1,1,1,0,0,nan
shadow_starvation,shadow_on,16,56,1.0,2,0,2,0,1,1,1,1,0,0,nan
shadow_starvation,shadow_on,16,57,1.0,2,0,2,0,1,1,1,1,0,0,nan
shadow_starvation,shadow_on,16,58,1.0,2,0,2,0,1,1,1,1,0,0,nan
shadow_starvation,shadow_on,16,59,1.0,2,0,2,0,1,1,1,1,0,0,nan
shadow_starvation,shadow_on,16,60,1.0,2,0,2,0,1,0,1,1,0,0,nan
shadow_starvation,shadow_on,16,61,1.0,2,0,2,0,1,0,1,1,0,0,nan
shadow_starvation,shadow_on,16,62,1.0,2,0,2,0,1,0,1,1,0,0,nan
shadow_starvation,shadow_on,16,63,1.0,2,0,2,0,1,0,1,1,0,0,nan
shadow_starvation,shadow_on,16,64,1.0,2,0,2,0,1,0,1,1,0,0,nan
shadow_starvation,shadow_on,16,65,1.0,2,0,2,0,1,0,1,1,0,0,nan
shadow_starvation,shadow_on,16,66,1.0,2,0,2,0,1,0,1,1,0,0,nan
shadow_starvation,shadow_on,16,67,1.0,2,0,2,0,1,0,1,1,0,0,nan
shadow_starvation,shadow_on,16,68,1.0,2,0,2,0,1,0,1,1,0,0,nan
shadow_starvation,shadow_on,16,69,1.0,2,0,2,0,1,0,1,1,0,0,nan
shadow_starvation,shadow_on,16,70,1.0,2,0,2,0,1,0,1,1,0,0,nan
shadow_starvation,shadow_on,16,71,1.0,2,0,2,0,1,0,1,1,0,0,nan
shadow_starvation,shadow_on,16,72,1.0,2,0,2,0,1,0,1,1,0,0,nan
shadow_starvation,shadow_on,16,73,1.0,2,0,2,0,1,0,1,1,0,0,nan
shadow_starvation,shadow_on,16,74,1.0,2,0,2,0,1,0,1,1,0,0,nan
shadow_starvation,shadow_on,16,75,1.0,2,0,2,0,1,0,1,1,0,0,nan
shadow_starvation,shadow_on,16,76,1.0,2,0,2,0,1,0,1,1,0,0,nan
shadow_starvation,shadow_on,16,77,1.0,2,0,2,0,1,0,1,1,0,0,nan
shadow_starvation,shadow_on,16,78,1.0,2,0,2,0,1,0,1,1,0,0,nan
shadow_starvation,shadow_on,16,79,1.0,2,0,2,0,1,0,1,1,0,0,nan
shadow_starvation,shadow_on,16,80,1.0,2,0,2,0,1,0,1,1,0,0,nan
shadow_starvation,shadow_on,16,81,1.0,2,0,2,0,1,0,1,1,0,0,nan
shadow_starvation,shadow_on,16,82,1.0,2,0,2,0,1,0,1,1,0,0,nan
shadow_starvation,shadow_on,16,83,1.0,2,0,2,0,1,0,1,1,0,0,nan
shadow_starvation,shadow_on,16,84,1.0,2,0,2,0,1,0,1,1,0,0,nan
shadow_starvation,shadow_on,16,85,1.0,2,0,2,0,1,0,1,1,0,0,nan
shadow_starvation,shadow_on,16,86,1.0,2,0,2,0,1,0,1,1,0,0,nan
shadow_starvation,shadow_on,16,87,1.0,2,0,2,0,1,0,1,1,0,0,nan
shadow_starvation,shadow_on,16,88,1.0,2,0,2,0,1,0,1,1,0,0,nan
shadow_starvation,shadow_on,16,89,1.0,2,0,2,0,1,0,1,1,0,0,nan
shadow_starvation,shadow_on,16,90,1.0,2,0,2,0,1,0,1,1,0,0,nan
shadow_starvation,shadow_on,16,91,1.0,2,0,2,0,1,0,1,1,0,0,nan
shadow_starvation,shadow_on,16,92,1.0,2,0,2,0,1,0,1,1,0,0,nan
shadow_starvation,shadow_on,16,93,1.0,2,0,2,0,1,0,1,1,0,0,nan
shadow_starvation,shadow_on,16,94,1.0,2,0,2,0,1,0,1,1,0,0,nan
shadow_starvation,shadow_on,16,95,1.0,2,0,2,0,1,0,1,1,0,0,nan
shadow_starvation,shadow_on,16,96,1.0,2,0,2,0,1,0,1,1,0,0,nan
shadow_starvation,shadow_on,16,97,1.0,2,0,2,0,1,0,1,1,0,0,nan
shadow_starvation,shadow_on,16,98,1.0,2,0,2,0,1,0,1,1,0,0,nan
shadow_starvation,shadow_on,16,99,1.0,2,0,2,0,1,0,1,1,0,0,nan
shadow_starvation,shadow_on,17,0,nan,1,1,0,0,0,0,0,0,0,0,nan
shadow_starvation,shadow_on,17,1,nan,1,1,0,0,0,0,0,0,0,0,nan
shadow_starvation,shadow_on,17,2,nan,1,1,0,0,0,0,0,0,0,0,nan
shadow_starvation,shadow_on,17,3,nan,1,0,1,0,0,0,0,0,0,0,nan
shadow_starvation,shadow_on,17,4,nan,1,0,1,0,0,0,0,0,0,0,nan
shadow_starvation,shadow_on,17,5,nan,1,0,1,0,0,0,0,0,0,0,nan
shadow_starvation,shadow_on,17,6,nan,1,0,1,0,0,0,0,0,0,0,nan
shadow_starvation,shadow_on,17,7,nan,1,0,1,0,0,0,0,0,0,0,nan
shadow_starvation,shadow_on,17,8,nan,1,0,1,0,0,0,0,0,0,0,nan
shadow_starvation,shadow_on,17,9,nan,1,0,1,0,0,0,0,0,0,0,nan
shadow_starvation,shadow_on,17,10,0.0,2,1,1,0,0,1,1,0,0,0,nan
shadow_starvation,shadow_on,17,11,0.0,2,1,1,0,0,1,1,0,0,0,nan
shadow_starvation,shadow_on,17,12,0.0,2,1,1,0,0,1,1,0,0,0,nan
shadow_starvation,shadow_on,17,13,0.0,2,1,1,0,0,1,1,0,0,0,nan
shadow_starvation,shadow_on,17,14,0.0,2,1,1,0,0,1,1,0,0,0,nan
shadow_starvation,shadow_on,17,15,0.0,2,1,1,0,0,1,1,0,0,0,nan
shadow_starvation,shadow_on,17,16,0.0,2,1,1,0,0,1,1,0,0,0,nan
shadow_starvation,shadow_on,17,17,0.0,2,1,1,0,0,1,1,0,0,0,nan
shadow_starvation,shadow_on,17,18,0.0,2,1,1,0,0,1,1,0,0,0,nan
shadow_starvation,shadow_on,17,19,0.0,2,1,1,0,0,1,1,0,0,0,nan
shadow_starvation,shadow_on,17,20,0.0,2,1,1,0,0,1,1,0,0,0,nan
shadow_starvation,shadow_on,17,21,0.0,2,1,1,0,0,1,1,0,0,0,nan
shadow_starvation,shadow_on,17,22,0.0,2,0,2,0,1,1,1,0,0,0,nan
shadow_starvation,shadow_on,17,23,1.0,2,0,2,0,1,1,1,1,0,0,nan
shadow_starvation,shadow_on,17,24,1.0,2,0,2,0,1,1,1,1,0,0,nan
shadow_starvation,shadow_on,17,25,1.0,2,0,2,0,1,1,1,1,0,0,nan
shadow_starvation,shadow_on,17,26,1.0,2,0,2,0,1,1,1,1,0,0,nan
shadow_starvation,shadow_on,17,27,1.0,2,0,2,0,1,1,1,1,0,0,nan
shadow_starvation,shadow_on,17,28,1.0,2,0,2,0,1,1,1,1,0,0,nan
shadow_starvation,shadow_on,17,29,1.0,2,0,2,0,1,1,1,1,0,0,nan
shadow_starvation,shadow_on,17,30,1.0,2,0,2,0,1,1,1,1,0,0,nan
shadow_starvation,shadow_on,17,31,1.0,2,0,2,0,1,1,1,1,0,0,nan
shadow_starvation,shadow_on,17,32,1.0,2,0,2,0,1,1,1,1,0,0,nan
shadow_starvation,shadow_on,17,33,1.0,2,0,2,0,1,1,1,1,0,0,nan
shadow_starvation,shadow_on,17,34,1.0,2,0,2,0,1,1,1,1,0,0,nan
shadow_starvation,shadow_on,17,35,1.0,2,0,2,0,1,1,1,1,0,0,nan
shadow_starvation,shadow_on,17,36,1.0,2,0,2,0,1,1,1,1,0,0,nan
shadow_starvation,shadow_on,17,37,1.0,2,0,2,0,1,1,1,1,0,0,nan
shadow_starvation,shadow_on,17,38,1.0,2,0,2,0,1,1,1,1,0,0,nan
shadow_starvation,shadow_on,17,39,1.0,2,0,2,0,1,1,1,1,0,0,nan
shadow_starvation,shadow_on,17,40,1.0,2,0,2,0,1,1,1,1,0,0,nan
shadow_starvation,shadow_on,17,41,1.0,2,0,2,0,1,1,1,1,0,0,nan
shadow_starvation,shadow_on,17,42,1.0,2,0,2,0,1,1,1,1,0,0,nan
shadow_starvation,shadow_on,17,43,1.0,2,0,2,0,1,1,1,1,0,0,nan
shadow_starvation,shadow_on,17,44,1.0,2,0,2,0,1,1,1,1,0,0,nan
shadow_starvation,shadow_on,17,45,1.0,2,0,2,0,1,1,1,1,0,0,nan
shadow_starvation,shadow_on,17,46,1.0,2,0,2,0,1,1,1,1,0,0,nan
shadow_starvation,shadow_on,17,47,1.0,2,0,2,0,1,1,1,1,0,0,nan
shadow_starvation,shadow_on,17,48,1.0,2,0,2,0,1,1,1,1,0,0,nan
shadow_starvation,shadow_on,17,49,1.0,2,0,2,0,1,1,1,1,0,0,nan
shadow_starvation,shadow_on,17,50,1.0,2,0,2,0,1,1,1,1,0,0,nan
shadow_starvation,shadow_on,17,51,1.0,2,0,2,0,1,1,1,1,0,0,nan
shadow_starvation,shadow_on,17,52,1.0,2,0,2,0,1,1,1,1,0,0,nan
shadow_starvation,shadow_on,17,53,1.0,2,0,2,0,1,1,1,1,0,0,nan
shadow_starvation,shadow_on,17,54,1.0,2,0,2,0,1,1,1,1,0,0,nan
shadow_starvation,shadow_on,17,55,1.0,2,0,2,0,1,1,1,1,0,0,nan
shadow_starvation,shadow_on,17,56,1.0,2,0,2,0,1,1,1,1,0,0,nan
shadow_starvation,shadow_on,17,57,1.0,2,0,2,0,1,1,1,1,0,0,nan
shadow_starvation,shadow_on,17,58,1.0,2,0,2,0,1,1,1,1,0,0,nan
shadow_starvation,shadow_on,17,59,1.0,2,0,2,0,1,1,1,1,0,0,nan
shadow_starvation,shadow_on,17,60,1.0,2,0,2,0,1,0,1,1,0,0,nan
shadow_starvation,shadow_on,17,61,1.0,2,0,2,0,1,0,1,1,0,0,nan
shadow_starvation,shadow_on,17,62,1.0,2,0,2,0,1,0,1,1,0,0,nan
shadow_starvation,shadow_on,17,63,1.0,2,0,2,0,1,0,1,1,0,0,nan
shadow_starvation,shadow_on,17,64,1.0,2,0,2,0,1,0,1,1,0,0,nan
shadow_starvation,shadow_on,17,65,1.0,2,0,2,0,1,0,1,1,0,0,nan
shadow_starvation,shadow_on,17,66,1.0,2,0,2,0,1,0,1,1,0,0,nan
shadow_starvation,shadow_on,17,67,1.0,2,0,2,0,1,0,1,1,0,0,nan
shadow_starvation,shadow_on,17,68,1.0,2,0,2,0,1,0,1,1,0,0,nan
shadow_starvation,shadow_on,17,69,1.0,2,0,2,0,1,0,1,1,0,0,nan
shadow_starvation,shadow_on,17,70,1.0,2,0,2,0,1,0,1,1,0,0,nan
shadow_starvation,shadow_on,17,71,1.0,2,0,2,0,1,0,1,1,0,0,nan
shadow_starvation,shadow_on,17,72,1.0,2,0,2,0,1,0,1,1,0,0,nan
shadow_starvation,shadow_on,17,73,1.0,2,0,2,0,1,0,1,1,0,0,nan
shadow_starvation,shadow_on,17,74,1.0,2,0,2,0,1,0,1,1,0,0,nan
shadow_starvation,shadow_on,17,75,1.0,2,0,2,0,1,0,1,1,0,0,nan
shadow_starvation,shadow_on,17,76,1.0,2,0,2,0,1,0,1,1,0,0,nan
shadow_starvation,shadow_on,17,77,1.0,2,0,2,0,1,0,1,1,0,0,nan
shadow_starvation,shadow_on,17,78,1.0,2,0,2,0,1,0,1,1,0,0,nan
shadow_starvation,shadow_on,17,79,1.0,2,0,2,0,1,0,1,1,0,0,nan
shadow_starvation,shadow_on,17,80,1.0,2,0,2,0,1,0,1,1,0,0,nan
shadow_starvation,shadow_on,17,81,1.0,2,0,2,0,1,0,1,1,0,0,nan
shadow_starvation,shadow_on,17,82,1.0,2,0,2,0,1,0,1,1,0,0,nan
shadow_starvation,shadow_on,17,83,1.0,2,0,2,0,1,0,1,1,0,0,nan
shadow_starvation,shadow_on,17,84,1.0,2,0,2,0,1,0,1,1,0,0,nan
shadow_starvation,shadow_on,17,85,1.0,2,0,2,0,1,0,1,1,0,0,nan
shadow_starvation,shadow_on,17,86,1.0,2,0,2,0,1,0,1,1,0,0,nan
shadow_starvation,shadow_on,17,87,1.0,2,0,2,0,1,0,1,1,0,0,nan
shadow_starvation,shadow_on,17,88,1.0,2,0,2,0,1,0,1,1,0,0,nan
shadow_starvation,shadow_on,17,89,1.0,2,0,2,0,1,0,1,1,0,0,nan
shadow_starvation,shadow_on,17,90,1.0,2,0,2,0,1,0,1,1,0,0,nan
shadow_starvation,shadow_on,17,91,1.0,2,0,2,0,1,0,1,1,0,0,nan
shadow_starvation,shadow_on,17,92,1.0,2,0,2,0,1,0,1,1,0,0,nan
shadow_starvation,shadow_on,17,93,1.0,2,0,2,0,1,0,1,1,0,0,nan
shadow_starvation,shadow_on,17,94,1.0,2,0,2,0,1,0,1,1,0,0,nan
shadow_starvation,shadow_on,17,95,1.0,2,0,2,0,1,0,1,1,0,0,nan
shadow_starvation,shadow_on,17,96,1.0,2,0,2,0,1,0,1,1,0,0,nan
shadow_starvation,shadow_on,17,97,1.0,2,0,2,0,1,0,1,1,0,0,nan
shadow_starvation,shadow_on,17,98,1.0,2,0,2,0,1,0,1,1,0,0,nan
shadow_starvation,shadow_on,17,99,1.0,2,0,2,0,1,0,1,1,0,0,nan
shadow_starvation,shadow_on,18,0,nan,1,1,0,0,0,0,0,0,0,0,nan
shadow_starvation,shadow_on,18,1,nan,1,1,0,0,0,0,0,0,0,0,nan
shadow_starvation,shadow_on,18,2,nan,1,1,0,0,0,0,0,0,0,0,nan
shadow_starvation,shadow_on,18,3,nan,1,0,1,0,0,0,0,0,0,0,nan
shadow_starvation,shadow_on,18,4,nan,1,0,1,0,0,0,0,0,0,0,nan
shadow_starvation,shadow_on,18,5,nan,1,0,1,0,0,0,0,0,0,0,nan
shadow_starvation,shadow_on,18,6,nan,1,0,1,0,0,0,0,0,0,0,nan
shadow_starvation,shadow_on,18,7,nan,1,0,1,0,0,0,0,0,0,0,nan
shadow_starvation,shadow_on,18,8,nan,1,0,1,0,0,0,0,0,0,0,nan
shadow_starvation,shadow_on,18,9,nan,1,0,1,0,0,0,0,0,0,0,nan
shadow_starvation,shadow_on,18,10,0.0,2,1,1,0,0,1,1,0,0,0,nan
shadow_starvation,shadow_on,18,11,0.0,2,1,1,0,0,1,1,0,0,0,nan
shadow_starvation,shadow_on,18,12,0.0,2,1,1,0,0,1,1,0,0,0,nan
shadow_starvation,shadow_on,18,13,0.0,2,1,1,0,0,1,1,0,0,0,nan
shadow_starvation,shadow_on,18,14,0.0,2,1,1,0,0,1,1,0,0,0,nan
shadow_starvation,shadow_on,18,15,0.0,2,1,1,0,0,1,1,0,0,0,nan
shadow_starvation,shadow_on,18,16,0.0,2,1,1,0,0,1,1,0,0,0,nan
shadow_starvation,shadow_on,18,17,0.0,2,1,1,0,0,1,1,0,0,0,nan
shadow_starvation,shadow_on,18,18,0.0,2,1,1,0,0,1,1,0,0,0,nan
shadow_starvation,shadow_on,18,19,0.0,2,1,1,0,0,1,1,0,0,0,nan
shadow_starvation,shadow_on,18,20,0.0,2,1,1,0,0,1,1,0,0,0,nan
shadow_starvation,shadow_on,18,21,0.0,3,2,1,0,0,3,1,0,0,0,nan
shadow_starvation,shadow_on,18,22,0.0,3,1,2,0,1,3,1,0,0,0,nan
shadow_starvation,shadow_on,18,23,1.0,3,1,2,0,1,3,1,1,0,0,nan
shadow_starvation,shadow_on,18,24,1.0,3,1,2,0,1,3,1,1,0,0,nan
shadow_starvation,shadow_on,18,25,1.0,3,1,2,0,1,3,1,1,0,0,nan
shadow_starvation,shadow_on,18,26,1.0,3,1,2,0,1,3,1,1,0,0,nan
shadow_starvation,shadow_on,18,27,1.0,3,1,2,0,1,3,1,1,0,0,nan
shadow_starvation,shadow_on,18,28,1.0,3,1,2,0,1,3,1,1,0,0,nan
shadow_starvation,shadow_on,18,29,1.0,3,1,2,0,1,3,1,1,0,0,nan
shadow_starvation,shadow_on,18,30,1.0,3,1,2,0,1,3,1,1,0,0,nan
shadow_starvation,shadow_on,18,31,1.0,3,1,2,0,1,3,1,1,0,0,nan
shadow_starvation,shadow_on,18,32,1.0,3,1,2,0,1,3,1,1,0,0,nan
shadow_starvation,shadow_on,18,33,1.0,3,1,2,0,1,3,1,1,0,0,nan
shadow_starvation,shadow_on,18,34,1.0,3,1,2,0,1,3,1,1,0,0,nan
shadow_starvation,shadow_on,18,35,1.0,3,1,2,0,1,3,1,1,0,0,nan
shadow_starvation,shadow_on,18,36,1.0,3,1,2,0,1,3,1,1,0,0,nan
shadow_starvation,shadow_on,18,37,1.0,3,1,2,0,1,3,1,1,0,0,nan
shadow_starvation,shadow_on,18,38,1.0,3,1,2,0,1,3,1,1,0,0,nan
shadow_starvation,shadow_on,18,39,1.0,3,1,2,0,1,3,1,1,0,0,nan
shadow_starvation,shadow_on,18,40,1.0,3,1,2,0,1,3,1,1,0,0,nan
shadow_starvation,shadow_on,18,41,1.0,3,1,2,0,1,3,1,1,0,0,nan
shadow_starvation,shadow_on,18,42,1.0,3,1,2,0,1,3,1,1,0,0,nan
shadow_starvation,shadow_on,18,43,1.0,3,1,2,0,1,3,1,1,0,0,nan
shadow_starvation,shadow_on,18,44,1.0,3,1,2,0,1,3,1,1,0,0,nan
shadow_starvation,shadow_on,18,45,1.0,3,1,2,0,1,3,1,1,0,0,nan
shadow_starvation,shadow_on,18,46,1.0,3,1,2,0,1,3,1,1,0,0,nan
shadow_starvation,shadow_on,18,47,1.0,3,1,2,0,1,3,1,1,0,0,nan
shadow_starvation,shadow_on,18,48,1.0,3,1,2,0,1,3,1,1,0,0,nan
shadow_starvation,shadow_on,18,49,1.0,3,1,2,0,1,3,1,1,0,0,nan
shadow_starvation,shadow_on,18,50,1.0,3,1,2,0,1,3,1,1,0,0,nan
shadow_starvation,shadow_on,18,51,1.0,3,1,2,0,1,3,1,1,0,0,nan
shadow_starvation,shadow_on,18,52,1.0,2,0,2,1,1,3,1,1,0,0,nan
shadow_starvation,shadow_on,18,53,1.0,2,0,2,1,1,3,1,1,0,0,nan
shadow_starvation,shadow_on,18,54,1.0,2,0,2,1,1,3,1,1,0,0,nan
shadow_starvation,shadow_on,18,55,1.0,2,0,2,1,1,3,1,1,0,0,nan
shadow_starvation,shadow_on,18,56,1.0,2,0,2,1,1,3,1,1,0,0,nan
shadow_starvation,shadow_on,18,57,1.0,2,0,2,1,1,3,1,1,0,0,nan
shadow_starvation,shadow_on,18,58,1.0,2,0,2,1,1,3,1,1,0,0,nan
shadow_starvation,shadow_on,18,59,1.0,2,0,2,1,1,3,1,1,0,0,nan
shadow_starvation,shadow_on,18,60,1.0,2,0,2,1,1,2,1,1,0,0,nan
shadow_starvation,shadow_on,18,61,1.0,2,0,2,1,1,2,1,1,0,0,nan
shadow_starvation,shadow_on,18,62,1.0,2,0,2,1,1,2,1,1,0,0,nan
shadow_starvation,shadow_on,18,63,1.0,2,0,2,1,1,2,1,1,0,0,nan
shadow_starvation,shadow_on,18,64,1.0,2,0,2,1,1,2,1,1,0,0,nan
shadow_starvation,shadow_on,18,65,1.0,2,0,2,1,1,2,1,1,0,0,nan
shadow_starvation,shadow_on,18,66,1.0,2,0,2,1,1,2,1,1,0,0,nan
shadow_starvation,shadow_on,18,67,1.0,2,0,2,1,1,2,1,1,0,0,nan
shadow_starvation,shadow_on,18,68,1.0,2,0,2,1,1,2,1,1,0,0,nan
shadow_starvation,shadow_on,18,69,1.0,2,0,2,1,1,2,1,1,0,0,nan
shadow_starvation,shadow_on,18,70,1.0,2,0,2,1,1,2,1,1,0,0,nan
shadow_starvation,shadow_on,18,71,1.0,3,1,2,1,1,1,1,1,0,0,nan
shadow_starvation,shadow_on,18,72,1.0,3,1,2,1,1,3,1,1,0,0,nan
shadow_starvation,shadow_on,18,73,1.0,3,1,2,1,1,3,1,1,0,0,nan
shadow_starvation,shadow_on,18,74,1.0,3,1,2,1,1,3,1,1,0,0,nan
shadow_starvation,shadow_on,18,75,1.0,3,1,2,1,1,3,1,1,0,0,nan
shadow_starvation,shadow_on,18,76,1.0,3,1,2,1,1,3,1,1,0,0,nan
shadow_starvation,shadow_on,18,77,1.0,3,1,2,1,1,3,1,1,0,0,nan
shadow_starvation,shadow_on,18,78,1.0,3,1,2,1,1,3,1,1,0,0,nan
shadow_starvation,shadow_on,18,79,1.0,3,1,2,1,1,3,1,1,0,0,nan
shadow_starvation,shadow_on,18,80,1.0,3,1,2,1,1,3,1,1,0,0,nan
shadow_starvation,shadow_on,18,81,1.0,3,1,2,1,1,3,1,1,0,0,nan
shadow_starvation,shadow_on,18,82,1.0,3,1,2,1,1,3,1,1,0,0,nan
shadow_starvation,shadow_on,18,83,1.0,3,1,2,1,1,3,1,1,0,0,nan
shadow_starvation,shadow_on,18,84,1.0,3,1,2,1,1,3,1,1,0,0,nan
shadow_starvation,shadow_on,18,85,1.0,3,1,2,1,1,3,1,1,0,0,nan
shadow_starvation,shadow_on,18,86,1.0,3,1,2,1,1,3,1,1,0,0,nan
shadow_starvation,shadow_on,18,87,1.0,3,1,2,1,1,3,1,1,0,0,nan
shadow_starvation,shadow_on,18,88,1.0,3,1,2,1,1,3,1,1,0,0,nan
shadow_starvation,shadow_on,18,89,1.0,3,1,2,1,1,3,1,1,0,0,nan
shadow_starvation,shadow_on,18,90,1.0,3,1,2,1,1,3,1,1,0,0,nan
shadow_starvation,shadow_on,18,91,1.0,3,1,2,1,1,3,1,1,0,0,nan
shadow_starvation,shadow_on,18,92,1.0,3,1,2,1,1,3,1,1,0,0,nan
shadow_starvation,shadow_on,18,93,1.0,3,1,2,1,1,3,1,1,0,0,nan
shadow_starvation,shadow_on,18,94,1.0,3,1,2,1,1,3,1,1,0,0,nan
shadow_starvation,shadow_on,18,95,1.0,3,1,2,1,1,3,1,1,0,0,nan
shadow_starvation,shadow_on,18,96,1.0,3,1,2,1,1,3,1,1,0,0,nan
shadow_starvation,shadow_on,18,97,1.0,3,1,2,1,1,3,1,1,0,0,nan
shadow_starvation,shadow_on,18,98,1.0,3,1,2,1,1,3,1,1,0,0,nan
shadow_starvation,shadow_on,18,99,1.0,3,1,2,1,1,3,1,1,0,0,nan
shadow_starvation,shadow_on,19,0,nan,1,1,0,0,0,0,0,0,0,0,nan
shadow_starvation,shadow_on,19,1,nan,1,1,0,0,0,0,0,0,0,0,nan
shadow_starvation,shadow_on,19,2,nan,1,1,0,0,0,0,0,0,0,0,nan
shadow_starvation,shadow_on,19,3,nan,1,0,1,0,0,0,0,0,0,0,nan
shadow_starvation,shadow_on,19,4,nan,1,0,1,0,0,0,0,0,0,0,nan
shadow_starvation,shadow_on,19,5,nan,1,0,1,0,0,0,0,0,0,0,nan
shadow_starvation,shadow_on,19,6,nan,1,0,1,0,0,0,0,0,0,0,nan
shadow_starvation,shadow_on,19,7,nan,1,0,1,0,0,0,0,0,0,0,nan
shadow_starvation,shadow_on,19,8,nan,1,0,1,0,0,0,0,0,0,0,nan
shadow_starvation,shadow_on,19,9,nan,1,0,1,0,0,0,0,0,0,0,nan
shadow_starvation,shadow_on,19,10,0.0,2,1,1,0,0,1,1,0,0,0,nan
shadow_starvation,shadow_on,19,11,0.0,2,1,1,0,0,1,1,0,0,0,nan
shadow_starvation,shadow_on,19,12,0.0,2,1,1,0,0,1,1,0,0,0,nan
shadow_starvation,shadow_on,19,13,0.0,2,1,1,0,0,1,1,0,0,0,nan
shadow_starvation,shadow_on,19,14,0.0,2,1,1,0,0,1,1,0,0,0,nan
shadow_starvation,shadow_on,19,15,0.0,2,1,1,0,0,1,1,0,0,0,nan
shadow_starvation,shadow_on,19,16,0.0,2,1,1,0,0,1,1,0,0,0,nan
shadow_starvation,shadow_on,19,17,0.0,2,1,1,0,0,1,1,0,0,0,nan
shadow_starvation,shadow_on,19,18,0.0,2,1,1,0,0,1,1,0,0,0,nan
shadow_starvation,shadow_on,19,19,0.0,2,1,1,0,0,1,1,0,0,0,nan
shadow_starvation,shadow_on,19,20,0.0,2,1,1,0,0,1,1,0,0,0,nan
shadow_starvation,shadow_on,19,21,0.0,2,1,1,0,0,1,1,0,0,0,nan
shadow_starvation,shadow_on,19,22,0.0,2,0,2,0,1,1,1,0,0,0,nan
shadow_starvation,shadow_on,19,23,1.0,2,0,2,0,1,1,1,1,0,0,nan
shadow_starvation,shadow_on,19,24,1.0,2,0,2,0,1,1,1,1,0,0,nan
shadow_starvation,shadow_on,19,25,1.0,2,0,2,0,1,1,1,1,0,0,nan
shadow_starvation,shadow_on,19,26,1.0,2,0,2,0,1,1,1,1,0,0,nan
shadow_starvation,shadow_on,19,27,1.0,2,0,2,0,1,1,1,1,0,0,nan
shadow_starvation,shadow_on,19,28,1.0,2,0,2,0,1,1,1,1,0,0,nan
shadow_starvation,shadow_on,19,29,1.0,2,0,2,0,1,1,1,1,0,0,nan
shadow_starvation,shadow_on,19,30,1.0,2,0,2,0,1,1,1,1,0,0,nan
shadow_starvation,shadow_on,19,31,1.0,2,0,2,0,1,1,1,1,0,0,nan
shadow_starvation,shadow_on,19,32,1.0,2,0,2,0,1,1,1,1,0,0,nan
shadow_starvation,shadow_on,19,33,1.0,2,0,2,0,1,1,1,1,0,0,nan
shadow_starvation,shadow_on,19,34,1.0,2,0,2,0,1,1,1,1,0,0,nan
shadow_starvation,shadow_on,19,35,1.0,2,0,2,0,1,1,1,1,0,0,nan
shadow_starvation,shadow_on,19,36,1.0,2,0,2,0,1,1,1,1,0,0,nan
shadow_starvation,shadow_on,19,37,1.0,2,0,2,0,1,1,1,1,0,0,nan
shadow_starvation,shadow_on,19,38,1.0,2,0,2,0,1,1,1,1,0,0,nan
shadow_starvation,shadow_on,19,39,1.0,2,0,2,0,1,1,1,1,0,0,nan
shadow_starvation,shadow_on,19,40,1.0,2,0,2,0,1,1,1,1,0,0,nan
shadow_starvation,shadow_on,19,41,1.0,2,0,2,0,1,1,1,1,0,0,nan
shadow_starvation,shadow_on,19,42,1.0,2,0,2,0,1,1,1,1,0,0,nan
shadow_starvation,shadow_on,19,43,1.0,2,0,2,0,1,1,1,1,0,0,nan
shadow_starvation,shadow_on,19,44,1.0,2,0,2,0,1,1,1,1,0,0,nan
shadow_starvation,shadow_on,19,45,1.0,2,0,2,0,1,1,1,1,0,0,nan
shadow_starvation,shadow_on,19,46,1.0,2,0,2,0,1,1,1,1,0,0,nan
shadow_starvation,shadow_on,19,47,1.0,2,0,2,0,1,1,1,1,0,0,nan
shadow_starvation,shadow_on,19,48,1.0,2,0,2,0,1,1,1,1,0,0,nan
shadow_starvation,shadow_on,19,49,1.0,2,0,2,0,1,1,1,1,0,0,nan
shadow_starvation,shadow_on,19,50,1.0,2,0,2,0,1,1,1,1,0,0,nan
shadow_starvation,shadow_on,19,51,1.0,2,0,2,0,1,1,1,1,0,0,nan
shadow_starvation,shadow_on,19,52,1.0,2,0,2,0,1,1,1,1,0,0,nan
shadow_starvation,shadow_on,19,53,1.0,2,0,2,0,1,1,1,1,0,0,nan
shadow_starvation,shadow_on,19,54,1.0,2,0,2,0,1,1,1,1,0,0,nan
shadow_starvation,shadow_on,19,55,1.0,2,0,2,0,1,1,1,1,0,0,nan
shadow_starvation,shadow_on,19,56,1.0,2,0,2,0,1,1,1,1,0,0,nan
shadow_starvation,shadow_on,19,57,1.0,2,0,2,0,1,1,1,1,0,0,nan
shadow_starvation,shadow_on,19,58,1.0,2,0,2,0,1,1,1,1,0,0,nan
shadow_starvation,shadow_on,19,59,1.0,2,0,2,0,1,1,1,1,0,0,nan
shadow_starvation,shadow_on,19,60,1.0,2,0,2,0,1,0,1,1,0,0,nan
shadow_starvation,shadow_on,19,61,1.0,2,0,2,0,1,0,1,1,0,0,nan
shadow_starvation,shadow_on,19,62,1.0,2,0,2,0,1,0,1,1,0,0,nan
shadow_starvation,shadow_on,19,63,1.0,2,0,2,0,1,0,1,1,0,0,nan
shadow_starvation,shadow_on,19,64,1.0,2,0,2,0,1,0,1,1,0,0,nan
shadow_starvation,shadow_on,19,65,1.0,2,0,2,0,1,0,1,1,0,0,nan
shadow_starvation,shadow_on,19,66,1.0,2,0,2,0,1,0,1,1,0,0,nan
shadow_starvation,shadow_on,19,67,1.0,2,0,2,0,1,0,1,1,0,0,nan
shadow_starvation,shadow_on,19,68,1.0,2,0,2,0,1,0,1,1,0,0,nan
shadow_starvation,shadow_on,19,69,1.0,2,0,2,0,1,0,1,1,0,0,nan
shadow_starvation,shadow_on,19,70,1.0,2,0,2,0,1,0,1,1,0,0,nan
shadow_starvation,shadow_on,19,71,1.0,2,0,2,0,1,0,1,1,0,0,nan
shadow_starvation,shadow_on,19,72,1.0,2,0,2,0,1,0,1,1,0,0,nan
shadow_starvation,shadow_on,19,73,1.0,2,0,2,0,1,0,1,1,0,0,nan
shadow_starvation,shadow_on,19,74,1.0,2,0,2,0,1,0,1,1,0,0,nan
shadow_starvation,shadow_on,19,75,1.0,2,0,2,0,1,0,1,1,0,0,nan
shadow_starvation,shadow_on,19,76,1.0,2,0,2,0,1,0,1,1,0,0,nan
shadow_starvation,shadow_on,19,77,1.0,2,0,2,0,1,0,1,1,0,0,nan
shadow_starvation,shadow_on,19,78,1.0,2,0,2,0,1,0,1,1,0,0,nan
shadow_starvation,shadow_on,19,79,1.0,2,0,2,0,1,0,1,1,0,0,nan
shadow_starvation,shadow_on,19,80,1.0,2,0,2,0,1,0,1,1,0,0,nan
shadow_starvation,shadow_on,19,81,1.0,2,0,2,0,1,0,1,1,0,0,nan
shadow_starvation,shadow_on,19,82,1.0,2,0,2,0,1,0,1,1,0,0,nan
shadow_starvation,shadow_on,19,83,1.0,2,0,2,0,1,0,1,1,0,0,nan
shadow_starvation,shadow_on,19,84,1.0,2,0,2,0,1,0,1,1,0,0,nan
shadow_starvation,shadow_on,19,85,1.0,2,0,2,0,1,0,1,1,0,0,nan
shadow_starvation,shadow_on,19,86,1.0,2,0,2,0,1,0,1,1,0,0,nan
shadow_starvation,shadow_on,19,87,1.0,2,0,2,0,1,0,1,1,0,0,nan
shadow_starvation,shadow_on,19,88,1.0,2,0,2,0,1,0,1,1,0,0,nan
shadow_starvation,shadow_on,19,89,1.0,2,0,2,0,1,0,1,1,0,0,nan
shadow_starvation,shadow_on,19,90,1.0,2,0,2,0,1,0,1,1,0,0,nan
shadow_starvation,shadow_on,19,91,1.0,2,0,2,0,1,0,1,1,0,0,nan
shadow_starvation,shadow_on,19,92,1.0,2,0,2,0,1,0,1,1,0,0,nan
shadow_starvation,shadow_on,19,93,1.0,2,0,2,0,1,0,1,1,0,0,nan
shadow_starvation,shadow_on,19,94,1.0,2,0,2,0,1,0,1,1,0,0,nan
shadow_starvation,shadow_on,19,95,1.0,2,0,2,0,1,0,1,1,0,0,nan
shadow_starvation,shadow_on,19,96,1.0,2,0,2,0,1,0,1,1,0,0,nan
shadow_starvation,shadow_on,19,97,1.0,2,0,2,0,1,0,1,1,0,0,nan
shadow_starvation,shadow_on,19,98,1.0,2,0,2,0,1,0,1,1,0,0,nan
shadow_starvation,shadow_on,19,99,1.0,2,0,2,0,1,0,1,1,0,0,nan
shadow_starvation,shadow_off,0,0,nan,1,1,0,0,0,0,0,0,0,0,nan
shadow_starvation,shadow_off,0,1,nan,1,1,0,0,0,0,0,0,0,0,nan
shadow_starvation,shadow_off,0,2,nan,1,1,0,0,0,0,0,0,0,0,nan
shadow_starvation,shadow_off,0,3,nan,1,0,1,0,0,0,0,0,0,0,nan
shadow_starvation,shadow_off,0,4,nan,1,0,1,0,0,0,0,0,0,0,nan
shadow_starvation,shadow_off,0,5,nan,1,0,1,0,0,0,0,0,0,0,nan
shadow_starvation,shadow_off,0,6,nan,1,0,1,0,0,0,0,0,0,0,nan
shadow_starvation,shadow_off,0,7,nan,1,0,1,0,0,0,0,0,0,0,nan
shadow_starvation,shadow_off,0,8,nan,1,0,1,0,0,0,0,0,0,0,nan
shadow_starvation,shadow_off,0,9,nan,1,0,1,0,0,0,0,0,0,0,nan
shadow_starvation,shadow_off,0,10,0.0,2,1,1,0,0,1,1,0,0,0,nan
shadow_starvation,shadow_off,0,11,0.0,2,1,1,0,0,1,1,0,0,0,nan
shadow_starvation,shadow_off,0,12,0.0,2,1,1,0,0,1,1,0,0,0,nan
shadow_starvation,shadow_off,0,13,0.0,2,1,1,0,0,1,1,0,0,0,nan
shadow_starvation,shadow_off,0,14,0.0,2,1,1,0,0,1,1,0,0,0,nan
shadow_starvation,shadow_off,0,15,0.0,2,1,1,0,0,1,1,0,0,0,nan
shadow_starvation,shadow_off,0,16,0.0,2,1,1,0,0,1,1,0,0,0,nan
shadow_starvation,shadow_off,0,17,0.0,2,1,1,0,0,1,1,0,0,0,nan
shadow_starvation,shadow_off,0,18,0.0,2,1,1,0,0,1,1,0,0,0,nan
shadow_starvation,shadow_off,0,19,0.0,2,1,1,0,0,1,1,0,0,0,nan
shadow_starvation,shadow_off,0,20,0.0,2,1,1,0,0,1,1,0,0,0,nan
shadow_starvation,shadow_off,0,21,0.0,2,1,1,0,0,1,1,0,0,0,nan
shadow_starvation,shadow_off,0,22,0.0,2,1,1,0,0,1,1,0,0,0,nan
shadow_starvation,shadow_off,0,23,0.0,2,1,1,0,0,1,1,0,0,0,nan
shadow_starvation,shadow_off,0,24,0.0,2,1,1,0,0,1,1,0,0,0,nan
shadow_starvation,shadow_off,0,25,0.0,2,1,1,0,0,1,1,0,0,0,nan
shadow_starvation,shadow_off,0,26,0.0,2,1,1,0,0,1,1,0,0,0,nan
shadow_starvation,shadow_off,0,27,0.0,2,1,1,0,0,1,1,0,0,0,nan
shadow_starvation,shadow_off,0,28,0.0,2,1,1,0,0,1,1,0,0,0,nan
shadow_starvation,shadow_off,0,29,0.0,2,1,1,0,0,1,1,0,0,0,nan
shadow_starvation,shadow_off,0,30,0.0,2,1,1,0,0,1,1,0,0,0,nan
shadow_starvation,shadow_off,0,31,0.0,2,1,1,0,0,1,1,0,0,0,nan
shadow_starvation,shadow_off,0,32,0.0,2,1,1,0,0,1,1,0,0,0,nan
shadow_starvation,shadow_off,0,33,0.0,2,1,1,0,0,1,1,0,0,0,nan
shadow_starvation,shadow_off,0,34,0.0,2,1,1,0,0,1,1,0,0,0,nan
shadow_starvation,shadow_off,0,35,0.0,2,1,1,0,0,1,1,0,0,0,nan
shadow_starvation,shadow_off,0,36,0.0,2,1,1,0,0,1,1,0,0,0,nan
shadow_starvation,shadow_off,0,37,0.0,2,1,1,0,0,1,1,0,0,0,nan
shadow_starvation,shadow_off,0,38,0.0,2,1,1,0,0,1,1,0,0,0,nan
shadow_starvation,shadow_off,0,39,0.0,2,1,1,0,0,1,1,0,0,0,nan
shadow_starvation,shadow_off,0,40,0.0,2,1,1,0,0,1,1,0,0,0,nan
shadow_starvation,shadow_off,0,41,0.0,1,0,1,1,0,1,1,0,0,0,nan
shadow_starvation,shadow_off,0,42,0.0,2,1,1,1,0,2,1,0,0,0,nan
shadow_starvation,shadow_off,0,43,0.0,2,1,1,1,0,2,1,0,0,0,nan
shadow_starvation,shadow_off,0,44,0.0,2,1,1,1,0,2,1,0,0,0,nan
shadow_starvation,shadow_off,0,45,0.0,2,1,1,1,0,2,1,0,0,0,nan
shadow_starvation,shadow_off,0,46,0.0,2,1,1,1,0,2,1,0,0,0,nan
shadow_starvation,shadow_off,0,47,0.0,2,1,1,1,0,2,1,0,0,0,nan
shadow_starvation,shadow_off,0,48,0.0,2,1,1,1,0,2,1,0,0,0,nan
shadow_starvation,shadow_off,0,49,0.0,2,1,1,1,0,2,1,0,0,0,nan
shadow_starvation,shadow_off,0,50,0.0,2,1,1,1,0,2,1,0,0,0,nan
shadow_starvation,shadow_off,0,51,0.0,2,1,1,1,0,2,1,0,0,0,nan
shadow_starvation,shadow_off,0,52,0.0,2,1,1,1,0,2,1,0,0,0,nan
shadow_starvation,shadow_off,0,53,0.0,2,1,1,1,0,2,1,0,0,0,nan
shadow_starvation,shadow_off,0,54,0.0,2,1,1,1,0,2,1,0,0,0,nan
shadow_starvation,shadow_off,0,55,0.0,2,1,1,1,0,2,1,0,0,0,nan
shadow_starvation,shadow_off,0,56,0.0,2,1,1,1,0,2,1,0,0,0,nan
shadow_starvation,shadow_off,0,57,0.0,2,1,1,1,0,2,1,0,0,0,nan
shadow_starvation,shadow_off,0,58,0.0,2,1,1,1,0,2,1,0,0,0,nan
shadow_starvation,shadow_off,0,59,0.0,2,1,1,1,0,2,1,0,0,0,nan
shadow_starvation,shadow_off,0,60,0.0,2,1,1,1,0,1,1,0,0,0,nan
shadow_starvation,shadow_off,0,61,0.0,2,1,1,1,0,1,1,0,0,0,nan
shadow_starvation,shadow_off,0,62,0.0,2,1,1,1,0,1,1,0,0,0,nan
shadow_starvation,shadow_off,0,63,0.0,2,1,1,1,0,1,1,0,0,0,nan
shadow_starvation,shadow_off,0,64,0.0,2,1,1,1,0,1,1,0,0,0,nan
shadow_starvation,shadow_off,0,65,0.0,2,1,1,1,0,1,1,0,0,0,nan
shadow_starvation,shadow_off,0,66,0.0,2,1,1,1,0,1,1,0,0,0,nan
shadow_starvation,shadow_off,0,67,0.0,2,1,1,1,0,1,1,0,0,0,nan
shadow_starvation,shadow_off,0,68,0.0,2,1,1,1,0,1,1,0,0,0,nan
shadow_starvation,shadow_off,0,69,0.0,2,1,1,1,0,1,1,0,0,0,nan
shadow_starvation,shadow_off,0,70,0.0,2,1,1,1,0,1,1,0,0,0,nan
shadow_starvation,shadow_off,0,71,0.0,2,1,1,1,0,1,1,0,0,0,nan
shadow_starvation,shadow_off,0,72,0.0,2,1,1,1,0,1,1,0,0,0,nan
shadow_starvation,shadow_off,0,73,0.0,1,0,1,2,0,1,1,0,0,0,nan
shadow_starvation,shadow_off,0,74,0.0,2,1,1,2,0,2,1,0,0,0,nan
shadow_starvation,shadow_off,0,75,0.0,2,1,1,2,0,2,1,0,0,0,nan
shadow_starvation,shadow_off,0,76,0.0,2,1,1,2,0,2,1,0,0,0,nan
shadow_starvation,shadow_off,0,77,0.0,2,1,1,2,0,2,1,0,0,0,nan
shadow_starvation,shadow_off,0,78,0.0,2,1,1,2,0,2,1,0,0,0,nan
shadow_starvation,shadow_off,0,79,0.0,2,1,1,2,0,2,1,0,0,0,nan
shadow_starvation,shadow_off,0,80,0.0,2,1,1,2,0,2,1,0,0,0,nan
shadow_starvation,shadow_off,0,81,0.0,2,1,1,2,0,2,1,0,0,0,nan
shadow_starvation,shadow_off,0,82,0.0,2,1,1,2,0,2,1,0,0,0,nan
shadow_starvation,shadow_off,0,83,0.0,2,1,1,2,0,2,1,0,0,0,nan
shadow_starvation,shadow_off,0,84,0.0,2,1,1,2,0,2,1,0,0,0,nan
shadow_starvation,shadow_off,0,85,0.0,2,1,1,2,0,2,1,0,0,0,nan
shadow_starvation,shadow_off,0,86,0.0,2,1,1,2,0,2,1,0,0,0,nan
shadow_starvation,shadow_off,0,87,0.0,2,1,1,2,0,2,1,0,0,0,nan
shadow_starvation,shadow_off,0,88,0.0,2,1,1,2,0,2,1,0,0,0,nan
shadow_starvation,shadow_off,0,89,0.0,2,1,1,2,0,2,1,0,0,0,nan
shadow_starvation,shadow_off,0,90,0.0,2,1,1,2,0,2,1,0,0,0,nan
shadow_starvation,shadow_off,0,91,0.0,2,1,1,2,0,2,1,0,0,0,nan
shadow_starvation,shadow_off,0,92,0.0,2,1,1,2,0,1,1,0,0,0,nan
shadow_starvation,shadow_off,0,93,0.0,2,1,1,2,0,1,1,0,0,0,nan
shadow_starvation,shadow_off,0,94,0.0,2,1,1,2,0,1,1,0,0,0,nan
shadow_starvation,shadow_off,0,95,0.0,2,1,1,2,0,1,1,0,0,0,nan
shadow_starvation,shadow_off,0,96,0.0,2,1,1,2,0,1,1,0,0,0,nan
shadow_starvation,shadow_off,0,97,0.0,2,1,1,2,0,1,1,0,0,0,nan
shadow_starvation,shadow_off,0,98,0.0,2,1,1,2,0,1,1,0,0,0,nan
shadow_starvation,shadow_off,0,99,0.0,2,1,1,2,0,1,1,0,0,0,nan
shadow_starvation,shadow_off,1,0,nan,1,1,0,0,0,0,0,0,0,0,nan
shadow_starvation,shadow_off,1,1,nan,1,1,0,0,0,0,0,0,0,0,nan
shadow_starvation,shadow_off,1,2,nan,1,1,0,0,0,0,0,0,0,0,nan
shadow_starvation,shadow_off,1,3,nan,1,0,1,0,0,0,0,0,0,0,nan
shadow_starvation,shadow_off,1,4,nan,1,0,1,0,0,0,0,0,0,0,nan
shadow_starvation,shadow_off,1,5,nan,1,0,1,0,0,0,0,0,0,0,nan
shadow_starvation,shadow_off,1,6,nan,1,0,1,0,0,0,0,0,0,0,nan
shadow_starvation,shadow_off,1,7,nan,1,0,1,0,0,0,0,0,0,0,nan
shadow_starvation,shadow_off,1,8,nan,1,0,1,0,0,0,0,0,0,0,nan
shadow_starvation,shadow_off,1,9,nan,1,0,1,0,0,0,0,0,0,0,nan
shadow_starvation,shadow_off,1,10,0.0,2,1,1,0,0,1,1,0,0,0,nan
shadow_starvation,shadow_off,1,11,0.0,2,1,1,0,0,1,1,0,0,0,nan
shadow_starvation,shadow_off,1,12,0.0,2,1,1,0,0,1,1,0,0,0,nan
shadow_starvation,shadow_off,1,13,0.0,2,1,1,0,0,1,1,0,0,0,nan
shadow_starvation,shadow_off,1,14,0.0,2,1,1,0,0,1,1,0,0,0,nan
shadow_starvation,shadow_off,1,15,0.0,2,1,1,0,0,1,1,0,0,0,nan
shadow_starvation,shadow_off,1,16,0.0,2,1,1,0,0,1,1,0,0,0,nan
shadow_starvation,shadow_off,1,17,0.0,2,1,1,0,0,1,1,0,0,0,nan
shadow_starvation,shadow_off,1,18,0.0,2,1,1,0,0,1,1,0,0,0,nan
shadow_starvation,shadow_off,1,19,0.0,2,1,1,0,0,1,1,0,0,0,nan
shadow_starvation,shadow_off,1,20,0.0,2,1,1,0,0,1,1,0,0,0,nan
shadow_starvation,shadow_off,1,21,0.0,2,1,1,0,0,1,1,0,0,0,nan
shadow_starvation,shadow_off,1,22,0.0,2,1,1,0,0,1,1,0,0,0,nan
shadow_starvation,shadow_off,1,23,0.0,2,1,1,0,0,1,1,0,0,0,nan
shadow_starvation,shadow_off,1,24,0.0,2,1,1,0,0,1,1,0,0,0,nan
shadow_starvation,shadow_off,1,25,0.0,2,1,1,0,0,1,1,0,0,0,nan
shadow_starvation,shadow_off,1,26,0.0,2,1,1,0,0,1,1,0,0,0,nan
shadow_starvation,shadow_off,1,27,0.0,2,1,1,0,0,1,1,0,0,0,nan
shadow_starvation,shadow_off,1,28,0.0,2,1,1,0,0,1,1,0,0,0,nan
shadow_starvation,shadow_off,1,29,0.0,2,1,1,0,0,1,1,0,0,0,nan
shadow_starvation,shadow_off,1,30,0.0,2,1,1,0,0,1,1,0,0,0,nan
shadow_starvation,shadow_off,1,31,0.0,2,1,1,0,0,1,1,0,0,0,nan
shadow_starvation,shadow_off,1,32,0.0,2,1,1,0,0,1,1,0,0,0,nan
shadow_starvation,shadow_off,1,33,0.0,2,1,1,0,0,1,1,0,0,0,nan
shadow_starvation,shadow_off,1,34,0.0,2,1,1,0,0,1,1,0,0,0,nan
shadow_starvation,shadow_off,1,35,0.0,2,1,1,0,0,1,1,0,0,0,nan
shadow_starvation,shadow_off,1,36,0.0,2,1,1,0,0,1,1,0,0,0,nan
shadow_starvation,shadow_off,1,37,0.0,2,1,1,0,0,1,1,0,0,0,nan
shadow_starvation,shadow_off,1,38,0.0,2,1,1,0,0,1,1,0,0,0,nan
shadow_starvation,shadow_off,1,39,0.0,2,1,1,0,0,1,1,0,0,0,nan
shadow_starvation,shadow_off,1,40,0.0,2,1,1,0,0,1,1,0,0,0,nan
shadow_starvation,shadow_off,1,41,0.0,1,0,1,1,0,1,1,0,0,0,nan
shadow_starvation,shadow_off,1,42,0.0,2,1,1,1,0,2,1,0,0,0,nan
shadow_starvation,shadow_off,1,43,0.0,2,1,1,1,0,2,1,0,0,0,nan
shadow_starvation,shadow_off,1,44,0.0,2,1,1,1,0,2,1,0,0,0,nan
shadow_starvation,shadow_off,1,45,0.0,2,1,1,1,0,2,1,0,0,0,nan
shadow_starvation,shadow_off,1,46,0.0,2,1,1,1,0,2,1,0,0,0,nan
shadow_starvation,shadow_off,1,47,0.0,2,1,1,1,0,2,1,0,0,0,nan
shadow_starvation,shadow_off,1,48,0.0,2,1,1,1,0,2,1,0,0,0,nan
shadow_starvation,shadow_off,1,49,0.0,2,1,1,1,0,2,1,0,0,0,nan
shadow_starvation,shadow_off,1,50,0.0,2,1,1,1,0,2,1,0,0,0,nan
shadow_starvation,shadow_off,1,51,0.0,2,1,1,1,0,2,1,0,0,0,nan
shadow_starvation,shadow_off,1,52,0.0,2,1,1,1,0,2,1,0,0,0,nan
shadow_starvation,shadow_off,1,53,0.0,2,1,1,1,0,2,1,0,0,0,nan
shadow_starvation,shadow_off,1,54,0.0,2,1,1,1,0,2,1,0,0,0,nan
shadow_starvation,shadow_off,1,55,0.0,2,1,1,1,0,2,1,0,0,0,nan
shadow_starvation,shadow_off,1,56,0.0,2,1,1,1,0,2,1,0,0,0,nan
shadow_starvation,shadow_off,1,57,0.0,2,1,1,1,0,2,1,0,0,0,nan
shadow_starvation,shadow_off,1,58,0.0,2,1,1,1,0,2,1,0,0,0,nan
shadow_starvation,shadow_off,1,59,0.0,2,1,1,1,0,2,1,0,0,0,nan
shadow_starvation,shadow_off,1,60,0.0,2,1,1,1,0,1,1,0,0,0,nan
shadow_starvation,shadow_off,1,61,0.0,2,1,1,1,0,1,1,0,0,0,nan
shadow_starvation,shadow_off,1,62,0.0,2,1,1,1,0,1,1,0,0,0,nan
shadow_starvation,shadow_off,1,63,0.0,2,1,1,1,0,1,1,0,0,0,nan
shadow_starvation,shadow_off,1,64,0.0,2,1,1,1,0,1,1,0,0,0,nan
shadow_starvation,shadow_off,1,65,0.0,2,1,1,1,0,1,1,0,0,0,nan
shadow_starvation,shadow_off,1,66,0.0,2,1,1,1,0,1,1,0,0,0,nan
shadow_starvation,shadow_off,1,67,0.0,2,1,1,1,0,1,1,0,0,0,nan
shadow_starvation,shadow_off,1,68,0.0,2,1,1,1,0,1,1,0,0,0,nan
shadow_starvation,shadow_off,1,69,0.0,2,1,1,1,0,1,1,0,0,0,nan
shadow_starvation,shadow_off,1,70,0.0,2,1,1,1,0,1,1,0,0,0,nan
shadow_starvation,shadow_off,1,71,0.0,2,1,1,1,0,1,1,0,0,0,nan
shadow_starvation,shadow_off,1,72,0.0,2,1,1,1,0,1,1,0,0,0,nan
shadow_starvation,shadow_off,1,73,0.0,1,0,1,2,0,1,1,0,0,0,nan
shadow_starvation,shadow_off,1,74,0.0,2,1,1,2,0,2,1,0,0,0,nan
shadow_starvation,shadow_off,1,75,0.0,2,1,1,2,0,2,1,0,0,0,nan
shadow_starvation,shadow_off,1,76,0.0,2,1,1,2,0,2,1,0,0,0,nan
shadow_starvation,shadow_off,1,77,0.0,2,1,1,2,0,2,1,0,0,0,nan
shadow_starvation,shadow_off,1,78,0.0,2,1,1,2,0,2,1,0,0,0,nan
shadow_starvation,shadow_off,1,79,0.0,2,1,1,2,0,2,1,0,0,0,nan
shadow_starvation,shadow_off,1,80,0.0,2,1,1,2,0,2,1,0,0,0,nan
shadow_starvation,shadow_off,1,81,0.0,2,1,1,2,0,2,1,0,0,0,nan
shadow_starvation,shadow_off,1,82,0.0,2,1,1,2,0,2,1,0,0,0,nan
shadow_starvation,shadow_off,1,83,0.0,2,1,1,2,0,2,1,0,0,0,nan
shadow_starvation,shadow_off,1,84,0.0,2,1,1,2,0,2,1,0,0,0,nan
shadow_starvation,shadow_off,1,85,0.0,2,1,1,2,0,2,1,0,0,0,nan
shadow_starvation,shadow_off,1,86,0.0,2,1,1,2,0,2,1,0,0,0,nan
shadow_starvation,shadow_off,1,87,0.0,2,1,1,2,0,2,1,0,0,0,nan
shadow_starvation,shadow_off,1,88,0.0,2,1,1,2,0,2,1,0,0,0,nan
shadow_starvation,shadow_off,1,89,0.0,2,1,1,2,0,2,1,0,0,0,nan
shadow_starvation,shadow_off,1,90,0.0,2,1,1,2,0,2,1,0,0,0,nan
shadow_starvation,shadow_off,1,91,0.0,2,1,1,2,0,2,1,0,0,0,nan
shadow_starvation,shadow_off,1,92,0.0,2,1,1,2,0,1,1,0,0,0,nan
shadow_starvation,shadow_off,1,93,0.0,2,1,1,2,0,1,1,0,0,0,nan
shadow_starvation,shadow_off,1,94,0.0,2,1,1,2,0,1,1,0,0,0,nan
shadow_starvation,shadow_off,1,95,0.0,2,1,1,2,0,1,1,0,0,0,nan
shadow_starvation,shadow_off,1,96,0.0,2,1,1,2,0,1,1,0,0,0,nan
shadow_starvation,shadow_off,1,97,0.0,2,1,1,2,0,1,1,0,0,0,nan
shadow_starvation,shadow_off,1,98,0.0,2,1,1,2,0,1,1,0,0,0,nan
shadow_starvation,shadow_off,1,99,0.0,2,1,1,2,0,1,1,0,0,0,nan
shadow_starvation,shadow_off,2,0,nan,1,1,0,0,0,0,0,0,0,0,nan
shadow_starvation,shadow_off,2,1,nan,1,1,0,0,0,0,0,0,0,0,nan
shadow_starvation,shadow_off,2,2,nan,1,1,0,0,0,0,0,0,0,0,nan
shadow_starvation,shadow_off,2,3,nan,1,0,1,0,0,0,0,0,0,0,nan
shadow_starvation,shadow_off,2,4,nan,1,0,1,0,0,0,0,0,0,0,nan
shadow_starvation,shadow_off,2,5,nan,1,0,1,0,0,0,0,0,0,0,nan
shadow_starvation,shadow_off,2,6,nan,1,0,1,0,0,0,0,0,0,0,nan
shadow_starvation,shadow_off,2,7,nan,1,0,1,0,0,0,0,0,0,0,nan
shadow_starvation,shadow_off,2,8,nan,1,0,1,0,0,0,0,0,0,0,nan
shadow_starvation,shadow_off,2,9,nan,1,0,1,0,0,0,0,0,0,0,nan
shadow_starvation,shadow_off,2,10,0.0,2,1,1,0,0,1,1,0,0,0,nan
shadow_starvation,shadow_off,2,11,0.0,2,1,1,0,0,1,1,0,0,0,nan
shadow_starvation,shadow_off,2,12,0.0,2,1,1,0,0,1,1,0,0,0,nan
shadow_starvation,shadow_off,2,13,0.0,2,1,1,0,0,1,1,0,0,0,nan
shadow_starvation,shadow_off,2,14,0.0,2,1,1,0,0,1,1,0,0,0,nan
shadow_starvation,shadow_off,2,15,0.0,2,1,1,0,0,1,1,0,0,0,nan
shadow_starvation,shadow_off,2,16,0.0,2,1,1,0,0,1,1,0,0,0,nan
shadow_starvation,shadow_off,2,17,0.0,2,1,1,0,0,1,1,0,0,0,nan
shadow_starvation,shadow_off,2,18,0.0,2,1,1,0,0,1,1,0,0,0,nan
shadow_starvation,shadow_off,2,19,0.0,2,1,1,0,0,1,1,0,0,0,nan
shadow_starvation,shadow_off,2,20,0.0,2,1,1,0,0,1,1,0,0,0,nan
shadow_starvation,shadow_off,2,21,0.0,2,1,1,0,0,1,1,0,0,0,nan
shadow_starvation,shadow_off,2,22,0.0,2,1,1,0,0,1,1,0,0,0,nan
shadow_starvation,shadow_off,2,23,0.0,2,1,1,0,0,1,1,0,0,0,nan
shadow_starvation,shadow_off,2,24,0.0,2,1,1,0,0,1,1,0,0,0,nan
shadow_starvation,shadow_off,2,25,0.0,2,1,1,0,0,1,1,0,0,0,nan
shadow_starvation,shadow_off,2,26,0.0,2,1,1,0,0,1,1,0,0,0,nan
shadow_starvation,shadow_off,2,27,0.0,2,1,1,0,0,1,1,0,0,0,nan
shadow_starvation,shadow_off,2,28,0.0,2,1,1,0,0,1,1,0,0,0,nan
shadow_starvation,shadow_off,2,29,0.0,2,1,1,0,0,1,1,0,0,0,nan
shadow_starvation,shadow_off,2,30,0.0,2,1,1,0,0,1,1,0,0,0,nan
shadow_starvation,shadow_off,2,31,0.0,2,1,1,0,0,1,1,0,0,0,nan
shadow_starvation,shadow_off,2,32,0.0,2,1,1,0,0,1,1,0,0,0,nan
shadow_starvation,shadow_off,2,33,0.0,2,1,1,0,0,1,1,0,0,0,nan
shadow_starvation,shadow_off,2,34,0.0,2,1,1,0,0,1,1,0,0,0,nan
shadow_starvation,shadow_off,2,35,0.0,2,1,1,0,0,1,1,0,0,0,nan
shadow_starvation,shadow_off,2,36,0.0,2,1,1,0,0,1,1,0,0,0,nan
shadow_starvation,shadow_off,2,37,0.0,2,1,1,0,0,1,1,0,0,0,nan
shadow_starvation,shadow_off,2,38,0.0,2,1,1,0,0,1,1,0,0,0,nan
shadow_starvation,shadow_off,2,39,0.0,2,1,1,0,0,1,1,0,0,0,nan
shadow_starvation,shadow_off,2,40,0.0,2,1,1,0,0,1,1,0,0,0,nan
shadow_starvation,shadow_off,2,41,0.0,1,0,1,1,0,1,1,0,0,0,nan
shadow_starvation,shadow_off,2,42,0.0,2,1,1,1,0,2,1,0,0,0,nan
shadow_starvation,shadow_off,2,43,0.0,2,1,1,1,0,2,1,0,0,0,nan
shadow_starvation,shadow_off,2,44,0.0,2,1,1,1,0,2,1,0,0,0,nan
shadow_starvation,shadow_off,2,45,0.0,2,1,1,1,0,2,1,0,0,0,nan
shadow_starvation,shadow_off,2,46,0.0,2,1,1,1,0,2,1,0,0,0,nan
shadow_starvation,shadow_off,2,47,0.0,2,1,1,1,0,2,1,0,0,0,nan
shadow_starvation,shadow_off,2,48,0.0,2,1,1,1,0,2,1,0,0,0,nan
shadow_starvation,shadow_off,2,49,0.0,2,1,1,1,0,2,1,0,0,0,nan
shadow_starvation,shadow_off,2,50,0.0,2,1,1,1,0,2,1,0,0,0,nan
shadow_starvation,shadow_off,2,51,0.0,2,1,1,1,0,2,1,0,0,0,nan
shadow_starvation,shadow_off,2,52,0.0,2,1,1,1,0,2,1,0,0,0,nan
shadow_starvation,shadow_off,2,53,0.0,2,1,1,1,0,2,1,0,0,0,nan
shadow_starvation,shadow_off,2,54,0.0,2,1,1,1,0,2,1,0,0,0,nan
shadow_starvation,shadow_off,2,55,0.0,2,1,1,1,0,2,1,0,0,0,nan
shadow_starvation,shadow_off,2,56,0.0,2,1,1,1,0,2,1,0,0,0,nan
shadow_starvation,shadow_off,2,57,0.0,2,1,1,1,0,2,1,0,0,0,nan
shadow_starvation,shadow_off,2,58,0.0,2,1,1,1,0,2,1,0,0,0,nan
shadow_starvation,shadow_off,2,59,0.0,2,1,1,1,0,2,1,0,0,0,nan
shadow_starvation,shadow_off,2,60,0.0,2,1,1,1,0,1,1,0,0,0,nan
shadow_starvation,shadow_off,2,61,0.0,2,1,1,1,0,1,1,0,0,0,nan
shadow_starvation,shadow_off,2,62,0.0,2,1,1,1,0,1,1,0,0,0,nan
shadow_starvation,shadow_off,2,63,0.0,2,1,1,1,0,1,1,0,0,0,nan
shadow_starvation,shadow_off,2,64,0.0,2,1,1,1,0,1,1,0,0,0,nan
shadow_starvation,shadow_off,2,65,0.0,2,1,1,1,0,1,1,0,0,0,nan
shadow_starvation,shadow_off,2,66,0.0,2,1,1,1,0,1,1,0,0,0,nan
shadow_starvation,shadow_off,2,67,0.0,2,1,1,1,0,1,1,0,0,0,nan
shadow_starvation,shadow_off,2,68,0.0,2,1,1,1,0,1,1,0,0,0,nan
shadow_starvation,shadow_off,2,69,0.0,2,1,1,1,0,1,1,0,0,0,nan
shadow_starvation,shadow_off,2,70,0.0,2,1,1,1,0,1,1,0,0,0,nan
shadow_starvation,shadow_off,2,71,0.0,2,1,1,1,0,1,1,0,0,0,nan
shadow_starvation,shadow_off,2,72,0.0,2,1,1,1,0,1,1,0,0,0,nan
shadow_starvation,shadow_off,2,73,0.0,1,0,1,2,0,1,1,0,0,0,nan
shadow_starvation,shadow_off,2,74,0.0,2,1,1,2,0,2,1,0,0,0,nan
shadow_starvation,shadow_off,2,75,0.0,2,1,1,2,0,2,1,0,0,0,nan
shadow_starvation,shadow_off,2,76,0.0,2,1,1,2,0,2,1,0,0,0,nan
shadow_starvation,shadow_off,2,77,0.0,2,1,1,2,0,2,1,0,0,0,nan
shadow_starvation,shadow_off,2,78,0.0,3,2,1,2,0,3,1,0,0,0,nan
shadow_starvation,shadow_off,2,79,0.0,3,2,1,2,0,3,1,0,0,0,nan
shadow_starvation,shadow_off,2,80,0.0,3,2,1,2,0,3,1,0,0,0,nan
shadow_starvation,shadow_off,2,81,0.0,3,2,1,2,0,3,1,0,0,0,nan
shadow_starvation,shadow_off,2,82,0.0,3,2,1,2,0,3,1,0,0,0,nan
shadow_starvation,shadow_off,2,83,0.0,3,2,1,2,0,3,1,0,0,0,nan
shadow_starvation,shadow_off,2,84,0.0,3,2,1,2,0,3,1,0,0,0,nan
shadow_starvation,shadow_off,2,85,0.0,3,2,1,2,0,3,1,0,0,0,nan
shadow_starvation,shadow_off,2,86,0.0,3,2,1,2,0,3,1,0,0,0,nan
shadow_starvation,shadow_off,2,87,0.0,3,2,1,2,0,3,1,0,0,0,nan
shadow_starvation,shadow_off,2,88,0.0,3,2,1,2,0,3,1,0,0,0,nan
shadow_starvation,shadow_off,2,89,0.0,3,2,1,2,0,3,1,0,0,0,nan
shadow_starvation,shadow_off,2,90,0.0,3,2,1,2,0,3,1,0,0,0,nan
shadow_starvation,shadow_off,2,91,0.0,3,2,1,2,0,3,1,0,0,0,nan
shadow_starvation,shadow_off,2,92,0.0,3,2,1,2,0,2,1,0,0,0,nan
shadow_starvation,shadow_off,2,93,0.0,3,2,1,2,0,2,1,0,0,0,nan
shadow_starvation,shadow_off,2,94,0.0,3,2,1,2,0,2,1,0,0,0,nan
shadow_starvation,shadow_off,2,95,0.0,3,2,1,2,0,2,1,0,0,0,nan
shadow_starvation,shadow_off,2,96,0.0,3,2,1,2,0,2,1,0,0,0,nan
shadow_starvation,shadow_off,2,97,0.0,3,2,1,2,0,2,1,0,0,0,nan
shadow_starvation,shadow_off,2,98,0.0,3,2,1,2,0,2,1,0,0,0,nan
shadow_starvation,shadow_off,2,99,0.0,3,2,1,2,0,2,1,0,0,0,nan
shadow_starvation,shadow_off,3,0,nan,1,1,0,0,0,0,0,0,0,0,nan
shadow_starvation,shadow_off,3,1,nan,1,1,0,0,0,0,0,0,0,0,nan
shadow_starvation,shadow_off,3,2,nan,1,1,0,0,0,0,0,0,0,0,nan
shadow_starvation,shadow_off,3,3,nan,1,0,1,0,0,0,0,0,0,0,nan
shadow_starvation,shadow_off,3,4,nan,1,0,1,0,0,0,0,0,0,0,nan
shadow_starvation,shadow_off,3,5,nan,1,0,1,0,0,0,0,0,0,0,nan
shadow_starvation,shadow_off,3,6,nan,1,0,1,0,0,0,0,0,0,0,nan
shadow_starvation,shadow_off,3,7,nan,1,0,1,0,0,0,0,0,0,0,nan
shadow_starvation,shadow_off,3,8,nan,1,0,1,0,0,0,0,0,0,0,nan
shadow_starvation,shadow_off,3,9,nan,1,0,1,0,0,0,0,0,0,0,nan
shadow_starvation,shadow_off,3,10,0.0,2,1,1,0,0,1,1,0,0,0,nan
shadow_starvation,shadow_off,3,11,0.0,2,1,1,0,0,1,1,0,0,0,nan
shadow_starvation,shadow_off,3,12,0.0,2,1,1,0,0,1,1,0,0,0,nan
shadow_starvation,shadow_off,3,13,0.0,2,1,1,0,0,1,1,0,0,0,nan
shadow_starvation,shadow_off,3,14,0.0,2,1,1,0,0,1,1,0,0,0,nan
shadow_starvation,shadow_off,3,15,0.0,2,1,1,0,0,1,1,0,0,0,nan
shadow_starvation,shadow_off,3,16,0.0,2,1,1,0,0,1,1,0,0,0,nan
shadow_starvation,shadow_off,3,17,0.0,2,1,1,0,0,1,1,0,0,0,nan
shadow_starvation,shadow_off,3,18,0.0,2,1,1,0,0,1,1,0,0,0,nan
shadow_starvation,shadow_off,3,19,0.0,2,1,1,0,0,1,1,0,0,0,nan
shadow_starvation,shadow_off,3,20,0.0,2,1,1,0,0,1,1,0,0,0,nan
shadow_starvation,shadow_off,3,21,0.0,2,1,1,0,0,1,1,0,0,0,nan
shadow_starvation,shadow_off,3,22,0.0,2,1,1,0,0,1,1,0,0,0,nan
shadow_starvation,shadow_off,3,23,0.0,2,1,1,0,0,1,1,0,0,0,nan
shadow_starvation,shadow_off,3,24,0.0,2,1,1,0,0,1,1,0,0,0,nan
shadow_starvation,shadow_off,3,25,0.0,2,1,1,0,0,1,1,0,0,0,nan
shadow_starvation,shadow_off,3,26,0.0,2,1,1,0,0,1,1,0,0,0,nan
shadow_starvation,shadow_off,3,27,0.0,2,1,1,0,0,1,1,0,0,0,nan
shadow_starvation,shadow_off,3,28,0.0,2,1,1,0,0,1,1,0,0,0,nan
shadow_starvation,shadow_off,3,29,0.0,2,1,1,0,0,1,1,0,0,0,nan
shadow_starvation,shadow_off,3,30,0.0,2,1,1,0,0,1,1,0,0,0,nan
shadow_starvation,shadow_off,3,31,0.0,2,1,1,0,0,1,1,0,0,0,nan
shadow_starvation,shadow_off,3,32,0.0,2,1,1,0,0,1,1,0,0,0,nan
shadow_starvation,shadow_off,3,33,0.0,2,1,1,0,0,1,1,0,0,0,nan
shadow_starvation,shadow_off,3,34,0.0,2,1,1,0,0,1,1,0,0,0,nan
shadow_starvation,shadow_off,3,35,0.0,2,1,1,0,0,1,1,0,0,0,nan
shadow_starvation,shadow_off,3,36,0.0,2,1,1,0,0,1,1,0,0,0,nan
shadow_starvation,shadow_off,3,37,0.0,2,1,1,0,0,1,1,0,0,0,nan
shadow_starvation,shadow_off,3,38,0.0,2,1,1,0,0,1,1,0,0,0,nan
shadow_starvation,shadow_off,3,39,0.0,2,1,1,0,0,1,1,0,0,0,nan
shadow_starvation,shadow_off,3,40,0.0,2,1,1,0,0,1,1,0,0,0,nan
shadow_starvation,shadow_off,3,41,0.0,1,0,1,1,0,1,1,0,0,0,nan
shadow_starvation,shadow_off,3,42,0.0,2,1,1,1,0,2,1,0,0,0,nan
shadow_starvation,shadow_off,3,43,0.0,2,1,1,1,0,2,1,0,0,0,nan
shadow_starvation,shadow_off,3,44,0.0,2,1,1,1,0,2,1,0,0,0,nan
shadow_starvation,shadow_off,3,45,0.0,2,1,1,1,0,2,1,0,0,0,nan
shadow_starvation,shadow_off,3,46,0.0,2,1,1,1,0,2,1,0,0,0,nan
shadow_starvation,shadow_off,3,47,0.0,2,1,1,1,0,2,1,0,0,0,nan
shadow_starvation,shadow_off,3,48,0.0,2,1,1,1,0,2,1,0,0,0,nan
shadow_starvation,shadow_off,3,49,0.0,2,1,1,1,0,2,1,0,0,0,nan
shadow_starvation,shadow_off,3,50,0.0,2,1,1,1,0,2,1,0,0,0,nan
shadow_starvation,shadow_off,3,51,0.0,2,1,1,1,0,2,1,0,0,0,nan
shadow_starvation,shadow_off,3,52,0.0,2,1,1,1,0,2,1,0,0,0,nan
shadow_starvation,shadow_off,3,53,0.0,2,1,1,1,0,2,1,0,0,0,nan
shadow_starvation,shadow_off,3,54,0.0,2,1,1,1,0,2,1,0,0,0,nan
shadow_starvation,shadow_off,3,55,0.0,2,1,1,1,0,2,1,0,0,0,nan
shadow_starvation,shadow_off,3,56,0.0,2,1,1,1,0,2,1,0,0,0,nan
shadow_starvation,shadow_off,3,57,0.0,2,1,1,1,0,2,1,0,0,0,nan
shadow_starvation,shadow_off,3,58,0.0,2,1,1,1,0,2,1,0,0,0,nan
shadow_starvation,shadow_off,3,59,0.0,2,1,1,1,0,2,1,0,0,0,nan
shadow_starvation,shadow_off,3,60,0.0,2,1,1,1,0,1,1,0,0,0,nan
shadow_starvation,shadow_off,3,61,0.0,2,1,1,1,0,1,1,0,0,0,nan
shadow_starvation,shadow_off,3,62,0.0,2,1,1,1,0,1,1,0,0,0,nan
shadow_starvation,shadow_off,3,63,0.0,2,1,1,1,0,1,1,0,0,0,nan
shadow_starvation,shadow_off,3,64,0.0,2,1,1,1,0,1,1,0,0,0,nan
shadow_starvation,shadow_off,3,65,0.0,2,1,1,1,0,1,1,0,0,0,nan
shadow_starvation,shadow_off,3,66,0.0,2,1,1,1,0,1,1,0,0,0,nan
shadow_starvation,shadow_off,3,67,0.0,2,1,1,1,0,1,1,0,0,0,nan
shadow_starvation,shadow_off,3,68,0.0,2,1,1,1,0,1,1,0,0,0,nan
shadow_starvation,shadow_off,3,69,0.0,2,1,1,1,0,1,1,0,0,0,nan
shadow_starvation,shadow_off,3,70,0.0,2,1,1,1,0,1,1,0,0,0,nan
shadow_starvation,shadow_off,3,71,0.0,2,1,1,1,0,1,1,0,0,0,nan
shadow_starvation,shadow_off,3,72,0.0,2,1,1,1,0,1,1,0,0,0,nan
shadow_starvation,shadow_off,3,73,0.0,1,0,1,2,0,1,1,0,0,0,nan
shadow_starvation,shadow_off,3,74,0.0,2,1,1,2,0,2,1,0,0,0,nan
shadow_starvation,shadow_off,3,75,0.0,2,1,1,2,0,2,1,0,0,0,nan
shadow_starvation,shadow_off,3,76,0.0,2,1,1,2,0,2,1,0,0,0,nan
shadow_starvation,shadow_off,3,77,0.0,2,1,1,2,0,2,1,0,0,0,nan
shadow_starvation,shadow_off,3,78,0.0,2,1,1,2,0,2,1,0,0,0,nan
shadow_starvation,shadow_off,3,79,0.0,2,1,1,2,0,2,1,0,0,0,nan
shadow_starvation,shadow_off,3,80,0.0,2,1,1,2,0,2,1,0,0,0,nan
shadow_starvation,shadow_off,3,81,0.0,2,1,1,2,0,2,1,0,0,0,nan
shadow_starvation,shadow_off,3,82,0.0,2,1,1,2,0,2,1,0,0,0,nan
shadow_starvation,shadow_off,3,83,0.0,2,1,1,2,0,2,1,0,0,0,nan
shadow_starvation,shadow_off,3,84,0.0,2,1,1,2,0,2,1,0,0,0,nan
shadow_starvation,shadow_off,3,85,0.0,2,1,1,2,0,2,1,0,0,0,nan
shadow_starvation,shadow_off,3,86,0.0,2,1,1,2,0,2,1,0,0,0,nan
shadow_starvation,shadow_off,3,87,0.0,2,1,1,2,0,2,1,0,0,0,nan
shadow_starvation,shadow_off,3,88,0.0,2,1,1,2,0,2,1,0,0,0,nan
shadow_starvation,shadow_off,3,89,0.0,2,1,1,2,0,2,1,0,0,0,nan
shadow_starvation,shadow_off,3,90,0.0,2,1,1,2,0,2,1,0,0,0,nan
shadow_starvation,shadow_off,3,91,0.0,2,1,1,2,0,2,1,0,0,0,nan
shadow_starvation,shadow_off,3,92,0.0,2,1,1,2,0,1,1,0,0,0,nan
shadow_starvation,shadow_off,3,93,0.0,2,1,1,2,0,1,1,0,0,0,nan
shadow_starvation,shadow_off,3,94,0.0,2,1,1,2,0,1,1,0,0,0,nan
shadow_starvation,shadow_off,3,95,0.0,2,1,1,2,0,1,1,0,0,0,nan
shadow_starvation,shadow_off,3,96,0.0,2,1,1,2,0,1,1,0,0,0,nan
shadow_starvation,shadow_off,3,97,0.0,2,1,1,2,0,1,1,0,0,0,nan
shadow_starvation,shadow_off,3,98,0.0,2,1,1,2,0,1,1,0,0,0,nan
shadow_starvation,shadow_off,3,99,0.0,2,1,1,2,0,1,1,0,0,0,nan
shadow_starvation,shadow_off,4,0,nan,1,1,0,0,0,0,0,0,0,0,nan
shadow_starvation,shadow_off,4,1,nan,1,1,0,0,0,0,0,0,0,0,nan
shadow_starvation,shadow_off,4,2,nan,1,1,0,0,0,0,0,0,0,0,nan
shadow_starvation,shadow_off,4,3,nan,1,0,1,0,0,0,0,0,0,0,nan
shadow_starvation,shadow_off,4,4,nan,1,0,1,0,0,0,0,0,0,0,nan
shadow_starvation,shadow_off,4,5,nan,1,0,1,0,0,0,0,0,0,0,nan
shadow_starvation,shadow_off,4,6,nan,1,0,1,0,0,0,0,0,0,0,nan
shadow_starvation,shadow_off,4,7,nan,1,0,1,0,0,0,0,0,0,0,nan
shadow_starvation,shadow_off,4,8,nan,1,0,1,0,0,0,0,0,0,0,nan
shadow_starvation,shadow_off,4,9,nan,1,0,1,0,0,0,0,0,0,0,nan
shadow_starvation,shadow_off,4,10,0.0,2,1,1,0,0,1,1,0,0,0,nan
shadow_starvation,shadow_off,4,11,0.0,2,1,1,0,0,1,1,0,0,0,nan
shadow_starvation,shadow_off,4,12,0.0,2,1,1,0,0,1,1,0,0,0,nan
shadow_starvation,shadow_off,4,13,0.0,2,1,1,0,0,1,1,0,0,0,nan
shadow_starvation,shadow_off,4,14,0.0,2,1,1,0,0,1,1,0,0,0,nan
shadow_starvation,shadow_off,4,15,0.0,2,1,1,0,0,1,1,0,0,0,nan
shadow_starvation,shadow_off,4,16,0.0,2,1,1,0,0,1,1,0,0,0,nan
shadow_starvation,shadow_off,4,17,0.0,2,1,1,0,0,1,1,0,0,0,nan
shadow_starvation,shadow_off,4,18,0.0,2,1,1,0,0,1,1,0,0,0,nan
shadow_starvation,shadow_off,4,19,0.0,2,1,1,0,0,1,1,0,0,0,nan
shadow_starvation,shadow_off,4,20,0.0,2,1,1,0,0,1,1,0,0,0,nan
shadow_starvation,shadow_off,4,21,0.0,2,1,1,0,0,1,1,0,0,0,nan
shadow_starvation,shadow_off,4,22,0.0,2,1,1,0,0,1,1,0,0,0,nan
shadow_starvation,shadow_off,4,23,0.0,2,1,1,0,0,1,1,0,0,0,nan
shadow_starvation,shadow_off,4,24,0.0,2,1,1,0,0,1,1,0,0,0,nan
shadow_starvation,shadow_off,4,25,0.0,2,1,1,0,0,1,1,0,0,0,nan
shadow_starvation,shadow_off,4,26,0.0,2,1,1,0,0,1,1,0,0,0,nan
shadow_starvation,shadow_off,4,27,0.0,2,1,1,0,0,1,1,0,0,0,nan
shadow_starvation,shadow_off,4,28,0.0,2,1,1,0,0,1,1,0,0,0,nan
shadow_starvation,shadow_off,4,29,0.0,2,1,1,0,0,1,1,0,0,0,nan
shadow_starvation,shadow_off,4,30,0.0,2,1,1,0,0,1,1,0,0,0,nan
shadow_starvation,shadow_off,4,31,0.0,2,1,1,0,0,1,1,0,0,0,nan
shadow_starvation,shadow_off,4,32,0.0,2,1,1,0,0,1,1,0,0,0,nan
shadow_starvation,shadow_off,4,33,0.0,2,1,1,0,0,1,1,0,0,0,nan
shadow_starvation,shadow_off,4,34,0.0,2,1,1,0,0,1,1,0,0,0,nan
shadow_starvation,shadow_off,4,35,0.0,2,1,1,0,0,1,1,0,0,0,nan
shadow_starvation,shadow_off,4,36,0.0,2,1,1,0,0,1,1,0,0,0,nan
shadow_starvation,shadow_off,4,37,0.0,2,1,1,0,0,1,1,0,0,0,nan
shadow_starvation,shadow_off,4,38,0.0,2,1,1,0,0,1,1,0,0,0,nan
shadow_starvation,shadow_off,4,39,0.0,2,1,1,0,0,1,1,0,0,0,nan
shadow_starvation,shadow_off,4,40,0.0,2,1,1,0,0,1,1,0,0,0,nan
shadow_starvation,shadow_off,4,41,0.0,1,0,1,1,0,1,1,0,0,0,nan
shadow_starvation,shadow_off,4,42,0.0,2,1,1,1,0,2,1,0,0,0,nan
shadow_starvation,shadow_off,4,43,0.0,2,1,1,1,0,2,1,0,0,0,nan
shadow_starvation,shadow_off,4,44,0.0,2,1,1,1,0,2,1,0,0,0,nan
shadow_starvation,shadow_off,4,45,0.0,2,1,1,1,0,2,1,0,0,0,nan
shadow_starvation,shadow_off,4,46,0.0,2,1,1,1,0,2,1,0,0,0,nan
shadow_starvation,shadow_off,4,47,0.0,2,1,1,1,0,2,1,0,0,0,nan
shadow_starvation,shadow_off,4,48,0.0,2,1,1,1,0,2,1,0,0,0,nan
shadow_starvation,shadow_off,4,49,0.0,2,1,1,1,0,2,1,0,0,0,nan
shadow_starvation,shadow_off,4,50,0.0,2,1,1,1,0,2,1,0,0,0,nan
shadow_starvation,shadow_off,4,51,0.0,2,1,1,1,0,2,1,0,0,0,nan
shadow_starvation,shadow_off,4,52,0.0,2,1,1,1,0,2,1,0,0,0,nan
shadow_starvation,shadow_off,4,53,0.0,2,1,1,1,0,2,1,0,0,0,nan
shadow_starvation,shadow_off,4,54,0.0,2,1,1,1,0,2,1,0,0,0,nan
shadow_starvation,shadow_off,4,55,0.0,2,1,1,1,0,2,1,0,0,0,nan
shadow_starvation,shadow_off,4,56,0.0,2,1,1,1,0,2,1,0,0,0,nan
shadow_starvation,shadow_off,4,57,0.0,2,1,1,1,0,2,1,0,0,0,nan
shadow_starvation,shadow_off,4,58,0.0,2,1,1,1,0,2,1,0,0,0,nan
shadow_starvation,shadow_off,4,59,0.0,2,1,1,1,0,2,1,0,0,0,nan
shadow_starvation,shadow_off,4,60,0.0,2,1,1,1,0,1,1,0,0,0,nan
shadow_starvation,shadow_off,4,61,0.0,2,1,1,1,0,1,1,0,0,0,nan
shadow_starvation,shadow_off,4,62,0.0,2,1,1,1,0,1,1,0,0,0,nan
shadow_starvation,shadow_off,4,63,0.0,2,1,1,1,0,1,1,0,0,0,nan
shadow_starvation,shadow_off,4,64,0.0,2,1,1,1,0,1,1,0,0,0,nan
shadow_starvation,shadow_off,4,65,0.0,2,1,1,1,0,1,1,0,0,0,nan
shadow_starvation,shadow_off,4,66,0.0,2,1,1,1,0,1,1,0,0,0,nan
shadow_starvation,shadow_off,4,67,0.0,2,1,1,1,0,1,1,0,0,0,nan
shadow_starvation,shadow_off,4,68,0.0,2,1,1,1,0,1,1,0,0,0,nan
shadow_starvation,shadow_off,4,69,0.0,2,1,1,1,0,1,1,0,0,0,nan
shadow_starvation,shadow_off,4,70,0.0,2,1,1,1,0,1,1,0,0,0,nan
shadow_starvation,shadow_off,4,71,0.0,2,1,1,1,0,1,1,0,0,0,nan
shadow_starvation,shadow_off,4,72,0.0,2,1,1,1,0,1,1,0,0,0,nan
shadow_starvation,shadow_off,4,73,0.0,1,0,1,2,0,1,1,0,0,0,nan
shadow_starvation,shadow_off,4,74,0.0,2,1,1,2,0,2,1,0,0,0,nan
shadow_starvation,shadow_off,4,75,0.0,2,1,1,2,0,2,1,0,0,0,nan
shadow_starvation,shadow_off,4,76,0.0,2,1,1,2,0,2,1,0,0,0,nan
shadow_starvation,shadow_off,4,77,0.0,2,1,1,2,0,2,1,0,0,0,nan
shadow_starvation,shadow_off,4,78,0.0,2,1,1,2,0,2,1,0,0,0,nan
shadow_starvation,shadow_off,4,79,0.0,2,1,1,2,0,2,1,0,0,0,nan
shadow_starvation,shadow_off,4,80,0.0,2,1,1,2,0,2,1,0,0,0,nan
shadow_starvation,shadow_off,4,81,0.0,2,1,1,2,0,2,1,0,0,0,nan
shadow_starvation,shadow_off,4,82,0.0,2,1,1,2,0,2,1,0,0,0,nan
shadow_starvation,shadow_off,4,83,0.0,2,1,1,2,0,2,1,0,0,0,nan
shadow_starvation,shadow_off,4,84,0.0,2,1,1,2,0,2,1,0,0,0,nan
shadow_starvation,shadow_off,4,85,0.0,2,1,1,2,0,2,1,0,0,0,nan
shadow_starvation,shadow_off,4,86,0.0,2,1,1,2,0,2,1,0,0,0,nan
shadow_starvation,shadow_off,4,87,0.0,2,1,1,2,0,2,1,0,0,0,nan
shadow_starvation,shadow_off,4,88,0.0,2,1,1,2,0,2,1,0,0,0,nan
shadow_starvation,shadow_off,4,89,0.0,2,1,1,2,0,2,1,0,0,0,nan
shadow_starvation,shadow_off,4,90,0.0,2,1,1,2,0,2,1,0,0,0,nan
shadow_starvation,shadow_off,4,91,0.0,2,1,1,2,0,2,1,0,0,0,nan
shadow_starvation,shadow_off,4,92,0.0,2,1,1,2,0,1,1,0,0,0,nan
shadow_starvation,shadow_off,4,93,0.0,2,1,1,2,0,1,1,0,0,0,nan
shadow_starvation,shadow_off,4,94,0.0,2,1,1,2,0,1,1,0,0,0,nan
shadow_starvation,shadow_off,4,95,0.0,2,1,1,2,0,1,1,0,0,0,nan
shadow_starvation,shadow_off,4,96,0.0,2,1,1,2,0,1,1,0,0,0,nan
shadow_starvation,shadow_off,4,97,0.0,2,1,1,2,0,1,1,0,0,0,nan
shadow_starvation,shadow_off,4,98,0.0,2,1,1,2,0,1,1,0,0,0,nan
shadow_starvation,shadow_off,4,99,0.0,2,1,1,2,0,1,1,0,0,0,nan
shadow_starvation,shadow_off,5,0,nan,1,1,0,0,0,0,0,0,0,0,nan
shadow_starvation,shadow_off,5,1,nan,1,1,0,0,0,0,0,0,0,0,nan
shadow_starvation,shadow_off,5,2,nan,1,1,0,0,0,0,0,0,0,0,nan
shadow_starvation,shadow_off,5,3,nan,1,0,1,0,0,0,0,0,0,0,nan
shadow_starvation,shadow_off,5,4,nan,1,0,1,0,0,0,0,0,0,0,nan
shadow_starvation,shadow_off,5,5,nan,1,0,1,0,0,0,0,0,0,0,nan
shadow_starvation,shadow_off,5,6,nan,1,0,1,0,0,0,0,0,0,0,nan
shadow_starvation,shadow_off,5,7,nan,1,0,1,0,0,0,0,0,0,0,nan
shadow_starvation,shadow_off,5,8,nan,1,0,1,0,0,0,0,0,0,0,nan
shadow_starvation,shadow_off,5,9,nan,1,0,1,0,0,0,0,0,0,0,nan
shadow_starvation,shadow_off,5,10,0.0,2,1,1,0,0,1,1,0,0,0,nan
shadow_starvation,shadow_off,5,11,0.0,2,1,1,0,0,1,1,0,0,0,nan
shadow_starvation,shadow_off,5,12,0.0,2,1,1,0,0,1,1,0,0,0,nan
shadow_starvation,shadow_off,5,13,0.0,2,1,1,0,0,1,1,0,0,0,nan
shadow_starvation,shadow_off,5,14,0.0,2,1,1,0,0,1,1,0,0,0,nan
shadow_starvation,shadow_off,5,15,0.0,2,1,1,0,0,1,1,0,0,0,nan
shadow_starvation,shadow_off,5,16,0.0,2,1,1,0,0,1,1,0,0,0,nan
shadow_starvation,shadow_off,5,17,0.0,2,1,1,0,0,1,1,0,0,0,nan
shadow_starvation,shadow_off,5,18,0.0,2,1,1,0,0,1,1,0,0,0,nan
shadow_starvation,shadow_off,5,19,0.0,2,1,1,0,0,1,1,0,0,0,nan
shadow_starvation,shadow_off,5,20,0.0,2,1,1,0,0,1,1,0,0,0,nan
shadow_starvation,shadow_off,5,21,0.0,2,1,1,0,0,1,1,0,0,0,nan
shadow_starvation,shadow_off,5,22,0.0,2,1,1,0,0,1,1,0,0,0,nan
shadow_starvation,shadow_off,5,23,0.0,2,1,1,0,0,1,1,0,0,0,nan
shadow_starvation,shadow_off,5,24,0.0,2,1,1,0,0,1,1,0,0,0,nan
shadow_starvation,shadow_off,5,25,0.0,2,1,1,0,0,1,1,0,0,0,nan
shadow_starvation,shadow_off,5,26,0.0,2,1,1,0,0,1,1,0,0,0,nan
shadow_starvation,shadow_off,5,27,0.0,2,1,1,0,0,1,1,0,0,0,nan
shadow_starvation,shadow_off,5,28,0.0,2,1,1,0,0,1,1,0,0,0,nan
shadow_starvation,shadow_off,5,29,0.0,2,1,1,0,0,1,1,0,0,0,nan
shadow_starvation,shadow_off,5,30,0.0,2,1,1,0,0,1,1,0,0,0,nan
shadow_starvation,shadow_off,5,31,0.0,2,1,1,0,0,1,1,0,0,0,nan
shadow_starvation,shadow_off,5,32,0.0,2,1,1,0,0,1,1,0,0,0,nan
shadow_starvation,shadow_off,5,33,0.0,2,1,1,0,0,1,1,0,0,0,nan
shadow_starvation,shadow_off,5,34,0.0,2,1,1,0,0,1,1,0,0,0,nan
shadow_starvation,shadow_off,5,35,0.0,2,1,1,0,0,1,1,0,0,0,nan
shadow_starvation,shadow_off,5,36,0.0,2,1,1,0,0,1,1,0,0,0,nan
shadow_starvation,shadow_off,5,37,0.0,2,1,1,0,0,1,1,0,0,0,nan
shadow_starvation,shadow_off,5,38,0.0,2,1,1,0,0,1,1,0,0,0,nan
shadow_starvation,shadow_off,5,39,0.0,2,1,1,0,0,1,1,0,0,0,nan
shadow_starvation,shadow_off,5,40,0.0,2,1,1,0,0,1,1,0,0,0,nan
shadow_starvation,shadow_off,5,41,0.0,1,0,1,1,0,1,1,0,0,0,nan
shadow_starvation,shadow_off,5,42,0.0,2,1,1,1,0,2,1,0,0,0,nan
shadow_starvation,shadow_off,5,43,0.0,2,1,1,1,0,2,1,0,0,0,nan
shadow_starvation,shadow_off,5,44,0.0,2,1,1,1,0,2,1,0,0,0,nan
shadow_starvation,shadow_off,5,45,0.0,2,1,1,1,0,2,1,0,0,0,nan
shadow_starvation,shadow_off,5,46,0.0,2,1,1,1,0,2,1,0,0,0,nan
shadow_starvation,shadow_off,5,47,0.0,2,1,1,1,0,2,1,0,0,0,nan
shadow_starvation,shadow_off,5,48,0.0,2,1,1,1,0,2,1,0,0,0,nan
shadow_starvation,shadow_off,5,49,0.0,2,1,1,1,0,2,1,0,0,0,nan
shadow_starvation,shadow_off,5,50,0.0,2,1,1,1,0,2,1,0,0,0,nan
shadow_starvation,shadow_off,5,51,0.0,2,1,1,1,0,2,1,0,0,0,nan
shadow_starvation,shadow_off,5,52,0.0,2,1,1,1,0,2,1,0,0,0,nan
shadow_starvation,shadow_off,5,53,0.0,2,1,1,1,0,2,1,0,0,0,nan
shadow_starvation,shadow_off,5,54,0.0,2,1,1,1,0,2,1,0,0,0,nan
shadow_starvation,shadow_off,5,55,0.0,2,1,1,1,0,2,1,0,0,0,nan
shadow_starvation,shadow_off,5,56,0.0,2,1,1,1,0,2,1,0,0,0,nan
shadow_starvation,shadow_off,5,57,0.0,2,1,1,1,0,2,1,0,0,0,nan
shadow_starvation,shadow_off,5,58,0.0,2,1,1,1,0,2,1,0,0,0,nan
shadow_starvation,shadow_off,5,59,0.0,2,1,1,1,0,2,1,0,0,0,nan
shadow_starvation,shadow_off,5,60,0.0,2,1,1,1,0,1,1,0,0,0,nan
shadow_starvation,shadow_off,5,61,0.0,2,1,1,1,0,1,1,0,0,0,nan
shadow_starvation,shadow_off,5,62,0.0,2,1,1,1,0,1,1,0,0,0,nan
shadow_starvation,shadow_off,5,63,0.0,2,1,1,1,0,1,1,0,0,0,nan
shadow_starvation,shadow_off,5,64,0.0,2,1,1,1,0,1,1,0,0,0,nan
shadow_starvation,shadow_off,5,65,0.0,3,2,1,1,0,3,1,0,0,0,nan
shadow_starvation,shadow_off,5,66,0.0,3,2,1,1,0,3,1,0,0,0,nan
shadow_starvation,shadow_off,5,67,0.0,3,2,1,1,0,3,1,0,0,0,nan
shadow_starvation,shadow_off,5,68,0.0,3,2,1,1,0,3,1,0,0,0,nan
shadow_starvation,shadow_off,5,69,0.0,3,2,1,1,0,3,1,0,0,0,nan
shadow_starvation,shadow_off,5,70,0.0,3,2,1,1,0,3,1,0,0,0,nan
shadow_starvation,shadow_off,5,71,0.0,3,2,1,1,0,3,1,0,0,0,nan
shadow_starvation,shadow_off,5,72,0.0,3,2,1,1,0,3,1,0,0,0,nan
shadow_starvation,shadow_off,5,73,0.0,2,1,1,2,0,3,1,0,0,0,nan
shadow_starvation,shadow_off,5,74,0.0,3,2,1,2,0,5,1,0,0,0,nan
shadow_starvation,shadow_off,5,75,0.0,3,2,1,2,0,5,1,0,0,0,nan
shadow_starvation,shadow_off,5,76,0.0,3,2,1,2,0,5,1,0,0,0,nan
shadow_starvation,shadow_off,5,77,0.0,3,2,1,2,0,5,1,0,0,0,nan
shadow_starvation,shadow_off,5,78,0.0,3,2,1,2,0,5,1,0,0,0,nan
shadow_starvation,shadow_off,5,79,0.0,3,2,1,2,0,5,1,0,0,0,nan
shadow_starvation,shadow_off,5,80,0.0,3,2,1,2,0,5,1,0,0,0,nan
shadow_starvation,shadow_off,5,81,0.0,3,2,1,2,0,5,1,0,0,0,nan
shadow_starvation,shadow_off,5,82,0.0,3,2,1,2,0,5,1,0,0,0,nan
shadow_starvation,shadow_off,5,83,0.0,3,2,1,2,0,5,1,0,0,0,nan
shadow_starvation,shadow_off,5,84,0.0,3,2,1,2,0,5,1,0,0,0,nan
shadow_starvation,shadow_off,5,85,0.0,3,2,1,2,0,5,1,0,0,0,nan
shadow_starvation,shadow_off,5,86,0.0,3,2,1,2,0,5,1,0,0,0,nan
shadow_starvation,shadow_off,5,87,0.0,3,2,1,2,0,5,1,0,0,0,nan
shadow_starvation,shadow_off,5,88,0.0,3,2,1,2,0,5,1,0,0,0,nan
shadow_starvation,shadow_off,5,89,0.0,3,2,1,2,0,5,1,0,0,0,nan
shadow_starvation,shadow_off,5,90,0.0,3,2,1,2,0,5,1,0,0,0,nan
shadow_starvation,shadow_off,5,91,0.0,3,2,1,2,0,5,1,0,0,0,nan
shadow_starvation,shadow_off,5,92,0.0,3,2,1,2,0,4,1,0,0,0,nan
shadow_starvation,shadow_off,5,93,0.0,3,2,1,2,0,4,1,0,0,0,nan
shadow_starvation,shadow_off,5,94,0.0,3,2,1,2,0,4,1,0,0,0,nan
shadow_starvation,shadow_off,5,95,0.0,3,2,1,2,0,4,1,0,0,0,nan
shadow_starvation,shadow_off,5,96,0.0,2,1,1,3,0,4,1,0,0,0,nan
shadow_starvation,shadow_off,5,97,0.0,2,1,1,3,0,4,1,0,0,0,nan
shadow_starvation,shadow_off,5,98,0.0,2,1,1,3,0,4,1,0,0,0,nan
shadow_starvation,shadow_off,5,99,0.0,2,1,1,3,0,4,1,0,0,0,nan
shadow_starvation,shadow_off,6,0,nan,1,1,0,0,0,0,0,0,0,0,nan
shadow_starvation,shadow_off,6,1,nan,1,1,0,0,0,0,0,0,0,0,nan
shadow_starvation,shadow_off,6,2,nan,1,1,0,0,0,0,0,0,0,0,nan
shadow_starvation,shadow_off,6,3,nan,1,0,1,0,0,0,0,0,0,0,nan
shadow_starvation,shadow_off,6,4,nan,1,0,1,0,0,0,0,0,0,0,nan
shadow_starvation,shadow_off,6,5,nan,1,0,1,0,0,0,0,0,0,0,nan
shadow_starvation,shadow_off,6,6,nan,1,0,1,0,0,0,0,0,0,0,nan
shadow_starvation,shadow_off,6,7,nan,1,0,1,0,0,0,0,0,0,0,nan
shadow_starvation,shadow_off,6,8,nan,1,0,1,0,0,0,0,0,0,0,nan
shadow_starvation,shadow_off,6,9,nan,1,0,1,0,0,0,0,0,0,0,nan
shadow_starvation,shadow_off,6,10,0.0,2,1,1,0,0,1,1,0,0,0,nan
shadow_starvation,shadow_off,6,11,0.0,2,1,1,0,0,1,1,0,0,0,nan
shadow_starvation,shadow_off,6,12,0.0,2,1,1,0,0,1,1,0,0,0,nan
shadow_starvation,shadow_off,6,13,0.0,2,1,1,0,0,1,1,0,0,0,nan
shadow_starvation,shadow_off,6,14,0.0,2,1,1,0,0,1,1,0,0,0,nan
shadow_starvation,shadow_off,6,15,0.0,2,1,1,0,0,1,1,0,0,0,nan
shadow_starvation,shadow_off,6,16,0.0,2,1,1,0,0,1,1,0,0,0,nan
shadow_starvation,shadow_off,6,17,0.0,2,1,1,0,0,1,1,0,0,0,nan
shadow_starvation,shadow_off,6,18,0.0,2,1,1,0,0,1,1,0,0,0,nan
shadow_starvation,shadow_off,6,19,0.0,2,1,1,0,0,1,1,0,0,0,nan
shadow_starvation,shadow_off,6,20,0.0,2,1,1,0,0,1,1,0,0,0,nan
shadow_starvation,shadow_off,6,21,0.0,2,1,1,0,0,1,1,0,0,0,nan
shadow_starvation,shadow_off,6,22,0.0,2,1,1,0,0,1,1,0,0,0,nan
shadow_starvation,shadow_off,6,23,0.0,3,2,1,0,0,3,1,0,0,0,nan
shadow_starvation,shadow_off,6,24,0.0,3,2,1,0,0,3,1,0,0,0,nan
shadow_starvation,shadow_off,6,25,0.0,3,2,1,0,0,3,1,0,0,0,nan
shadow_starvation,shadow_off,6,26,0.0,3,2,1,0,0,3,1,0,0,0,nan
shadow_starvation,shadow_off,6,27,0.0,3,2,1,0,0,3,1,0,0,0,nan
shadow_starvation,shadow_off,6,28,0.0,3,2,1,0,0,3,1,0,0,0,nan
shadow_starvation,shadow_off,6,29,0.0,3,2,1,0,0,3,1,0,0,0,nan
shadow_starvation,shadow_off,6,30,0.0,3,2,1,0,0,3,1,0,0,0,nan
shadow_starvation,shadow_off,6,31,0.0,3,2,1,0,0,3,1,0,0,0,nan
shadow_starvation,shadow_off,6,32,0.0,3,2,1,0,0,3,1,0,0,0,nan
shadow_starvation,shadow_off,6,33,0.0,4,3,1,0,0,4,1,0,0,0,nan
shadow_starvation,shadow_off,6,34,0.0,4,3,1,0,0,4,1,0,0,0,nan
shadow_starvation,shadow_off,6,35,0.0,4,3,1,0,0,4,1,0,0,0,nan
shadow_starvation,shadow_off,6,36,0.0,4,3,1,0,0,4,1,0,0,0,nan
shadow_starvation,shadow_off,6,37,0.0,4,3,1,0,0,4,1,0,0,0,nan
shadow_starvation,shadow_off,6,38,0.0,4,3,1,0,0,4,1,0,0,0,nan
shadow_starvation,shadow_off,6,39,0.0,4,3,1,0,0,4,1,0,0,0,nan
shadow_starvation,shadow_off,6,40,0.0,4,3,1,0,0,4,1,0,0,0,nan
shadow_starvation,shadow_off,6,41,0.0,3,2,1,1,0,4,1,0,0,0,nan
shadow_starvation,shadow_off,6,42,0.0,3,2,1,1,0,4,1,0,0,0,nan
shadow_starvation,shadow_off,6,43,0.0,3,2,1,1,0,4,1,0,0,0,nan
shadow_starvation,shadow_off,6,44,0.0,3,2,1,1,0,4,1,0,0,0,nan
shadow_starvation,shadow_off,6,45,0.0,3,2,1,1,0,4,1,0,0,0,nan
shadow_starvation,shadow_off,6,46,0.0,3,2,1,1,0,4,1,0,0,0,nan
shadow_starvation,shadow_off,6,47,0.0,3,2,1,1,0,4,1,0,0,0,nan
shadow_starvation,shadow_off,6,48,0.0,3,2,1,1,0,4,1,0,0,0,nan
shadow_starvation,shadow_off,6,49,0.0,3,2,1,1,0,4,1,0,0,0,nan
shadow_starvation,shadow_off,6,50,0.0,3,2,1,1,0,4,1,0,0,0,nan
shadow_starvation,shadow_off,6,51,0.0,3,2,1,1,0,4,1,0,0,0,nan
shadow_starvation,shadow_off,6,52,0.0,3,2,1,1,0,4,1,0,0,0,nan
shadow_starvation,shadow_off,6,53,0.0,3,2,1,1,0,4,1,0,0,0,nan
shadow_starvation,shadow_off,6,54,0.0,2,1,1,2,0,4,1,0,0,0,nan
shadow_starvation,shadow_off,6,55,0.0,2,1,1,2,0,4,1,0,0,0,nan
shadow_starvation,shadow_off,6,56,0.0,2,1,1,2,0,4,1,0,0,0,nan
shadow_starvation,shadow_off,6,57,0.0,2,1,1,2,0,4,1,0,0,0,nan
shadow_starvation,shadow_off,6,58,0.0,3,2,1,2,0,6,1,0,0,0,nan
shadow_starvation,shadow_off,6,59,0.0,3,2,1,2,0,6,1,0,0,0,nan
shadow_starvation,shadow_off,6,60,0.0,4,3,1,2,0,7,1,0,0,0,nan
shadow_starvation,shadow_off,6,61,0.0,4,3,1,2,0,7,1,0,0,0,nan
shadow_starvation,shadow_off,6,62,0.0,4,3,1,2,0,7,1,0,0,0,nan
shadow_starvation,shadow_off,6,63,0.0,4,3,1,2,0,7,1,0,0,0,nan
shadow_starvation,shadow_off,6,64,0.0,3,2,1,3,0,7,1,0,0,0,nan
shadow_starvation,shadow_off,6,65,0.0,4,3,1,3,0,9,1,0,0,0,nan
shadow_starvation,shadow_off,6,66,0.0,4,3,1,3,0,9,1,0,0,0,nan
shadow_starvation,shadow_off,6,67,0.0,4,3,1,3,0,9,1,0,0,0,nan
shadow_starvation,shadow_off,6,68,0.0,4,3,1,3,0,9,1,0,0,0,nan
shadow_starvation,shadow_off,6,69,0.0,4,3,1,3,0,9,1,0,0,0,nan
shadow_starvation,shadow_off,6,70,0.0,4,3,1,3,0,9,1,0,0,0,nan
shadow_starvation,shadow_off,6,71,0.0,4,3,1,3,0,9,1,0,0,0,nan
shadow_starvation,shadow_off,6,72,0.0,5,4,1,3,0,11,1,0,0,0,nan
shadow_starvation,shadow_off,6,73,0.0,5,4,1,3,0,9,1,0,0,0,nan
shadow_starvation,shadow_off,6,74,0.0,5,4,1,3,0,9,1,0,0,0,nan
shadow_starvation,shadow_off,6,75,0.0,5,4,1,3,0,9,1,0,0,0,nan
shadow_starvation,shadow_off,6,76,0.0,6,5,1,3,0,11,1,0,0,0,nan
shadow_starvation,shadow_off,6,77,0.0,6,5,1,3,0,11,1,0,0,0,nan
shadow_starvation,shadow_off,6,78,0.0,6,5,1,3,0,11,1,0,0,0,nan
shadow_starvation,shadow_off,6,79,0.0,6,5,1,3,0,11,1,0,0,0,nan
shadow_starvation,shadow_off,6,80,0.0,6,5,1,3,0,11,1,0,0,0,nan
shadow_starvation,shadow_off,6,81,0.0,6,5,1,3,0,11,1,0,0,0,nan
shadow_starvation,shadow_off,6,82,0.0,6,5,1,3,0,11,1,0,0,0,nan
shadow_starvation,shadow_off,6,83,0.0,6,5,1,3,0,10,1,0,0,0,nan
shadow_starvation,shadow_off,6,84,0.0,6,5,1,3,0,10,1,0,0,0,nan
shadow_starvation,shadow_off,6,85,0.0,6,5,1,3,0,10,1,0,0,0,nan
shadow_starvation,shadow_off,6,86,0.0,6,5,1,3,0,10,1,0,0,0,nan
shadow_starvation,shadow_off,6,87,0.0,6,5,1,3,0,10,1,0,0,0,nan
shadow_starvation,shadow_off,6,88,0.0,7,6,1,3,0,12,1,0,0,0,nan
shadow_starvation,shadow_off,6,89,0.0,6,5,1,4,0,12,1,0,0,0,nan
shadow_starvation,shadow_off,6,90,0.0,6,5,1,4,0,12,1,0,0,0,nan
shadow_starvation,shadow_off,6,91,0.0,5,4,1,5,0,12,1,0,0,0,nan
shadow_starvation,shadow_off,6,92,0.0,5,4,1,5,0,12,1,0,0,0,nan
shadow_starvation,shadow_off,6,93,0.0,5,4,1,5,0,12,1,0,0,0,nan
shadow_starvation,shadow_off,6,94,0.0,5,4,1,5,0,12,1,0,0,0,nan
shadow_starvation,shadow_off,6,95,0.0,5,4,1,5,0,12,1,0,0,0,nan
shadow_starvation,shadow_off,6,96,0.0,4,3,1,6,0,12,1,0,0,0,nan
shadow_starvation,shadow_off,6,97,0.0,4,3,1,6,0,12,1,0,0,0,nan
shadow_starvation,shadow_off,6,98,0.0,4,3,1,6,0,12,1,0,0,0,nan
shadow_starvation,shadow_off,6,99,0.0,4,3,1,6,0,12,1,0,0,0,nan
shadow_starvation,shadow_off,7,0,nan,1,1,0,0,0,0,0,0,0,0,nan
shadow_starvation,shadow_off,7,1,nan,1,1,0,0,0,0,0,0,0,0,nan
shadow_starvation,shadow_off,7,2,nan,1,1,0,0,0,0,0,0,0,0,nan
shadow_starvation,shadow_off,7,3,nan,1,0,1,0,0,0,0,0,0,0,nan
shadow_starvation,shadow_off,7,4,nan,1,0,1,0,0,0,0,0,0,0,nan
shadow_starvation,shadow_off,7,5,nan,1,0,1,0,0,0,0,0,0,0,nan
shadow_starvation,shadow_off,7,6,nan,1,0,1,0,0,0,0,0,0,0,nan
shadow_starvation,shadow_off,7,7,nan,1,0,1,0,0,0,0,0,0,0,nan
shadow_starvation,shadow_off,7,8,nan,1,0,1,0,0,0,0,0,0,0,nan
shadow_starvation,shadow_off,7,9,nan,1,0,1,0,0,0,0,0,0,0,nan
shadow_starvation,shadow_off,7,10,0.0,2,1,1,0,0,1,1,0,0,0,nan
shadow_starvation,shadow_off,7,11,0.0,2,1,1,0,0,1,1,0,0,0,nan
shadow_starvation,shadow_off,7,12,0.0,2,1,1,0,0,1,1,0,0,0,nan
shadow_starvation,shadow_off,7,13,0.0,2,1,1,0,0,1,1,0,0,0,nan
shadow_starvation,shadow_off,7,14,0.0,2,1,1,0,0,1,1,0,0,0,nan
shadow_starvation,shadow_off,7,15,0.0,2,1,1,0,0,1,1,0,0,0,nan
shadow_starvation,shadow_off,7,16,0.0,2,1,1,0,0,1,1,0,0,0,nan
shadow_starvation,shadow_off,7,17,0.0,2,1,1,0,0,1,1,0,0,0,nan
shadow_starvation,shadow_off,7,18,0.0,2,1,1,0,0,1,1,0,0,0,nan
shadow_starvation,shadow_off,7,19,0.0,2,1,1,0,0,1,1,0,0,0,nan
shadow_starvation,shadow_off,7,20,0.0,2,1,1,0,0,1,1,0,0,0,nan
shadow_starvation,shadow_off,7,21,0.0,2,1,1,0,0,1,1,0,0,0,nan
shadow_starvation,shadow_off,7,22,0.0,2,1,1,0,0,1,1,0,0,0,nan
shadow_starvation,shadow_off,7,23,0.0,2,1,1,0,0,1,1,0,0,0,nan
shadow_starvation,shadow_off,7,24,0.0,2,1,1,0,0,1,1,0,0,0,nan
shadow_starvation,shadow_off,7,25,0.0,2,1,1,0,0,1,1,0,0,0,nan
shadow_starvation,shadow_off,7,26,0.0,2,1,1,0,0,1,1,0,0,0,nan
shadow_starvation,shadow_off,7,27,0.0,2,1,1,0,0,1,1,0,0,0,nan
shadow_starvation,shadow_off,7,28,0.0,2,1,1,0,0,1,1,0,0,0,nan
shadow_starvation,shadow_off,7,29,0.0,2,1,1,0,0,1,1,0,0,0,nan
shadow_starvation,shadow_off,7,30,0.0,2,1,1,0,0,1,1,0,0,0,nan
shadow_starvation,shadow_off,7,31,0.0,2,1,1,0,0,1,1,0,0,0,nan
shadow_starvation,shadow_off,7,32,0.0,2,1,1,0,0,1,1,0,0,0,nan
shadow_starvation,shadow_off,7,33,0.0,2,1,1,0,0,1,1,0,0,0,nan
shadow_starvation,shadow_off,7,34,0.0,2,1,1,0,0,1,1,0,0,0,nan
shadow_starvation,shadow_off,7,35,0.0,2,1,1,0,0,1,1,0,0,0,nan
shadow_starvation,shadow_off,7,36,0.0,2,1,1,0,0,1,1,0,0,0,nan
shadow_starvation,shadow_off,7,37,0.0,2,1,1,0,0,1,1,0,0,0,nan
shadow_starvation,shadow_off,7,38,0.0,2,1,1,0,0,1,1,0,0,0,nan
shadow_starvation,shadow_off,7,39,0.0,2,1,1,0,0,1,1,0,0,0,nan
shadow_starvation,shadow_off,7,40,0.0,2,1,1,0,0,1,1,0,0,0,nan
shadow_starvation,shadow_off,7,41,0.0,1,0,1,1,0,1,1,0,0,0,nan
shadow_starvation,shadow_off,7,42,0.0,2,1,1,1,0,2,1,0,0,0,nan
shadow_starvation,shadow_off,7,43,0.0,2,1,1,1,0,2,1,0,0,0,nan
shadow_starvation,shadow_off,7,44,0.0,2,1,1,1,0,2,1,0,0,0,nan
shadow_starvation,shadow_off,7,45,0.0,2,1,1,1,0,2,1,0,0,0,nan
shadow_starvation,shadow_off,7,46,0.0,2,1,1,1,0,2,1,0,0,0,nan
shadow_starvation,shadow_off,7,47,0.0,2,1,1,1,0,2,1,0,0,0,nan
shadow_starvation,shadow_off,7,48,0.0,2,1,1,1,0,2,1,0,0,0,nan
shadow_starvation,shadow_off,7,49,0.0,2,1,1,1,0,2,1,0,0,0,nan
shadow_starvation,shadow_off,7,50,0.0,2,1,1,1,0,2,1,0,0,0,nan
shadow_starvation,shadow_off,7,51,0.0,2,1,1,1,0,2,1,0,0,0,nan
shadow_starvation,shadow_off,7,52,0.0,2,1,1,1,0,2,1,0,0,0,nan
shadow_starvation,shadow_off,7,53,0.0,2,1,1,1,0,2,1,0,0,0,nan
shadow_starvation,shadow_off,7,54,0.0,2,1,1,1,0,2,1,0,0,0,nan
shadow_starvation,shadow_off,7,55,0.0,2,1,1,1,0,2,1,0,0,0,nan
shadow_starvation,shadow_off,7,56,0.0,2,1,1,1,0,2,1,0,0,0,nan
shadow_starvation,shadow_off,7,57,0.0,2,1,1,1,0,2,1,0,0,0,nan
shadow_starvation,shadow_off,7,58,0.0,2,1,1,1,0,2,1,0,0,0,nan
shadow_starvation,shadow_off,7,59,0.0,2,1,1,1,0,2,1,0,0,0,nan
shadow_starvation,shadow_off,7,60,0.0,2,1,1,1,0,1,1,0,0,0,nan
shadow_starvation,shadow_off,7,61,0.0,2,1,1,1,0,1,1,0,0,0,nan
shadow_starvation,shadow_off,7,62,0.0,2,1,1,1,0,1,1,0,0,0,nan
shadow_starvation,shadow_off,7,63,0.0,2,1,1,1,0,1,1,0,0,0,nan
shadow_starvation,shadow_off,7,64,0.0,2,1,1,1,0,1,1,0,0,0,nan
shadow_starvation,shadow_off,7,65,0.0,2,1,1,1,0,1,1,0,0,0,nan
shadow_starvation,shadow_off,7,66,0.0,2,1,1,1,0,1,1,0,0,0,nan
shadow_starvation,shadow_off,7,67,0.0,2,1,1,1,0,1,1,0,0,0,nan
shadow_starvation,shadow_off,7,68,0.0,2,1,1,1,0,1,1,0,0,0,nan
shadow_starvation,shadow_off,7,69,0.0,2,1,1,1,0,1,1,0,0,0,nan
shadow_starvation,shadow_off,7,70,0.0,2,1,1,1,0,1,1,0,0,0,nan
shadow_starvation,shadow_off,7,71,0.0,2,1,1,1,0,1,1,0,0,0,nan
shadow_starvation,shadow_off,7,72,0.0,2,1,1,1,0,1,1,0,0,0,nan
shadow_starvation,shadow_off,7,73,0.0,1,0,1,2,0,1,1,0,0,0,nan
shadow_starvation,shadow_off,7,74,0.0,2,1,1,2,0,2,1,0,0,0,nan
shadow_starvation,shadow_off,7,75,0.0,2,1,1,2,0,2,1,0,0,0,nan
shadow_starvation,shadow_off,7,76,0.0,2,1,1,2,0,2,1,0,0,0,nan
shadow_starvation,shadow_off,7,77,0.0,2,1,1,2,0,2,1,0,0,0,nan
shadow_starvation,shadow_off,7,78,0.0,2,1,1,2,0,2,1,0,0,0,nan
shadow_starvation,shadow_off,7,79,0.0,2,1,1,2,0,2,1,0,0,0,nan
shadow_starvation,shadow_off,7,80,0.0,2,1,1,2,0,2,1,0,0,0,nan
shadow_starvation,shadow_off,7,81,0.0,2,1,1,2,0,2,1,0,0,0,nan
shadow_starvation,shadow_off,7,82,0.0,2,1,1,2,0,2,1,0,0,0,nan
shadow_starvation,shadow_off,7,83,0.0,2,1,1,2,0,2,1,0,0,0,nan
shadow_starvation,shadow_off,7,84,0.0,2,1,1,2,0,2,1,0,0,0,nan
shadow_starvation,shadow_off,7,85,0.0,2,1,1,2,0,2,1,0,0,0,nan
shadow_starvation,shadow_off,7,86,0.0,2,1,1,2,0,2,1,0,0,0,nan
shadow_starvation,shadow_off,7,87,0.0,2,1,1,2,0,2,1,0,0,0,nan
shadow_starvation,shadow_off,7,88,0.0,2,1,1,2,0,2,1,0,0,0,nan
shadow_starvation,shadow_off,7,89,0.0,2,1,1,2,0,2,1,0,0,0,nan
shadow_starvation,shadow_off,7,90,0.0,2,1,1,2,0,2,1,0,0,0,nan
shadow_starvation,shadow_off,7,91,0.0,2,1,1,2,0,2,1,0,0,0,nan
shadow_starvation,shadow_off,7,92,0.0,2,1,1,2,0,1,1,0,0,0,nan
shadow_starvation,shadow_off,7,93,0.0,2,1,1,2,0,1,1,0,0,0,nan
shadow_starvation,shadow_off,7,94,0.0,2,1,1,2,0,1,1,0,0,0,nan
shadow_starvation,shadow_off,7,95,0.0,2,1,1,2,0,1,1,0,0,0,nan
shadow_starvation,shadow_off,7,96,0.0,2,1,1,2,0,1,1,0,0,0,nan
shadow_starvation,shadow_off,7,97,0.0,2,1,1,2,0,1,1,0,0,0,nan
shadow_starvation,shadow_off,7,98,0.0,2,1,1,2,0,1,1,0,0,0,nan
shadow_starvation,shadow_off,7,99,0.0,2,1,1,2,0,1,1,0,0,0,nan
shadow_starvation,shadow_off,8,0,nan,1,1,0,0,0,0,0,0,0,0,nan
shadow_starvation,shadow_off,8,1,nan,1,1,0,0,0,0,0,0,0,0,nan
shadow_starvation,shadow_off,8,2,nan,1,1,0,0,0,0,0,0,0,0,nan
shadow_starvation,shadow_off,8,3,nan,1,0,1,0,0,0,0,0,0,0,nan
shadow_starvation,shadow_off,8,4,nan,1,0,1,0,0,0,0,0,0,0,nan
shadow_starvation,shadow_off,8,5,nan,1,0,1,0,0,0,0,0,0,0,nan
shadow_starvation,shadow_off,8,6,nan,1,0,1,0,0,0,0,0,0,0,nan
shadow_starvation,shadow_off,8,7,nan,1,0,1,0,0,0,0,0,0,0,nan
shadow_starvation,shadow_off,8,8,nan,1,0,1,0,0,0,0,0,0,0,nan
shadow_starvation,shadow_off,8,9,nan,1,0,1,0,0,0,0,0,0,0,nan
shadow_starvation,shadow_off,8,10,0.0,2,1,1,0,0,1,1,0,0,0,nan
shadow_starvation,shadow_off,8,11,0.0,2,1,1,0,0,1,1,0,0,0,nan
shadow_starvation,shadow_off,8,12,0.0,2,1,1,0,0,1,1,0,0,0,nan
shadow_starvation,shadow_off,8,13,0.0,2,1,1,0,0,1,1,0,0,0,nan
shadow_starvation,shadow_off,8,14,0.0,2,1,1,0,0,1,1,0,0,0,nan
shadow_starvation,shadow_off,8,15,0.0,2,1,1,0,0,1,1,0,0,0,nan
shadow_starvation,shadow_off,8,16,0.0,2,1,1,0,0,1,1,0,0,0,nan
shadow_starvation,shadow_off,8,17,0.0,2,1,1,0,0,1,1,0,0,0,nan
shadow_starvation,shadow_off,8,18,0.0,2,1,1,0,0,1,1,0,0,0,nan
shadow_starvation,shadow_off,8,19,0.0,2,1,1,0,0,1,1,0,0,0,nan
shadow_starvation,shadow_off,8,20,0.0,2,1,1,0,0,1,1,0,0,0,nan
shadow_starvation,shadow_off,8,21,0.0,2,1,1,0,0,1,1,0,0,0,nan
shadow_starvation,shadow_off,8,22,0.0,2,1,1,0,0,1,1,0,0,0,nan
shadow_starvation,shadow_off,8,23,0.0,2,1,1,0,0,1,1,0,0,0,nan
shadow_starvation,shadow_off,8,24,0.0,2,1,1,0,0,1,1,0,0,0,nan
shadow_starvation,shadow_off,8,25,0.0,2,1,1,0,0,1,1,0,0,0,nan
shadow_starvation,shadow_off,8,26,0.0,2,1,1,0,0,1,1,0,0,0,nan
shadow_starvation,shadow_off,8,27,0.0,2,1,1,0,0,1,1,0,0,0,nan
shadow_starvation,shadow_off,8,28,0.0,2,1,1,0,0,1,1,0,0,0,nan
shadow_starvation,shadow_off,8,29,0.0,2,1,1,0,0,1,1,0,0,0,nan
shadow_starvation,shadow_off,8,30,0.0,2,1,1,0,0,1,1,0,0,0,nan
shadow_starvation,shadow_off,8,31,0.0,2,1,1,0,0,1,1,0,0,0,nan
shadow_starvation,shadow_off,8,32,0.0,2,1,1,0,0,1,1,0,0,0,nan
shadow_starvation,shadow_off,8,33,0.0,2,1,1,0,0,1,1,0,0,0,nan
shadow_starvation,shadow_off,8,34,0.0,2,1,1,0,0,1,1,0,0,0,nan
shadow_starvation,shadow_off,8,35,0.0,2,1,1,0,0,1,1,0,0,0,nan
shadow_starvation,shadow_off,8,36,0.0,2,1,1,0,0,1,1,0,0,0,nan
shadow_starvation,shadow_off,8,37,0.0,2,1,1,0,0,1,1,0,0,0,nan
shadow_starvation,shadow_off,8,38,0.0,2,1,1,0,0,1,1,0,0,0,nan
shadow_starvation,shadow_off,8,39,0.0,2,1,1,0,0,1,1,0,0,0,nan
shadow_starvation,shadow_off,8,40,0.0,2,1,1,0,0,1,1,0,0,0,nan
shadow_starvation,shadow_off,8,41,0.0,1,0,1,1,0,1,1,0,0,0,nan
shadow_starvation,shadow_off,8,42,0.0,2,1,1,1,0,2,1,0,0,0,nan
shadow_starvation,shadow_off,8,43,0.0,2,1,1,1,0,2,1,0,0,0,nan
shadow_starvation,shadow_off,8,44,0.0,2,1,1,1,0,2,1,0,0,0,nan
shadow_starvation,shadow_off,8,45,0.0,2,1,1,1,0,2,1,0,0,0,nan
shadow_starvation,shadow_off,8,46,0.0,2,1,1,1,0,2,1,0,0,0,nan
shadow_starvation,shadow_off,8,47,0.0,2,1,1,1,0,2,1,0,0,0,nan
shadow_starvation,shadow_off,8,48,0.0,2,1,1,1,0,2,1,0,0,0,nan
shadow_starvation,shadow_off,8,49,0.0,2,1,1,1,0,2,1,0,0,0,nan
shadow_starvation,shadow_off,8,50,0.0,2,1,1,1,0,2,1,0,0,0,nan
shadow_starvation,shadow_off,8,51,0.0,2,1,1,1,0,2,1,0,0,0,nan
shadow_starvation,shadow_off,8,52,0.0,2,1,1,1,0,2,1,0,0,0,nan
shadow_starvation,shadow_off,8,53,0.0,2,1,1,1,0,2,1,0,0,0,nan
shadow_starvation,shadow_off,8,54,0.0,2,1,1,1,0,2,1,0,0,0,nan
shadow_starvation,shadow_off,8,55,0.0,2,1,1,1,0,2,1,0,0,0,nan
shadow_starvation,shadow_off,8,56,0.0,2,1,1,1,0,2,1,0,0,0,nan
shadow_starvation,shadow_off,8,57,0.0,2,1,1,1,0,2,1,0,0,0,nan
shadow_starvation,shadow_off,8,58,0.0,2,1,1,1,0,2,1,0,0,0,nan
shadow_starvation,shadow_off,8,59,0.0,2,1,1,1,0,2,1,0,0,0,nan
shadow_starvation,shadow_off,8,60,0.0,2,1,1,1,0,1,1,0,0,0,nan
shadow_starvation,shadow_off,8,61,0.0,2,1,1,1,0,1,1,0,0,0,nan
shadow_starvation,shadow_off,8,62,0.0,2,1,1,1,0,1,1,0,0,0,nan
shadow_starvation,shadow_off,8,63,0.0,2,1,1,1,0,1,1,0,0,0,nan
shadow_starvation,shadow_off,8,64,0.0,2,1,1,1,0,1,1,0,0,0,nan
shadow_starvation,shadow_off,8,65,0.0,2,1,1,1,0,1,1,0,0,0,nan
shadow_starvation,shadow_off,8,66,0.0,2,1,1,1,0,1,1,0,0,0,nan
shadow_starvation,shadow_off,8,67,0.0,2,1,1,1,0,1,1,0,0,0,nan
shadow_starvation,shadow_off,8,68,0.0,2,1,1,1,0,1,1,0,0,0,nan
shadow_starvation,shadow_off,8,69,0.0,2,1,1,1,0,1,1,0,0,0,nan
shadow_starvation,shadow_off,8,70,0.0,2,1,1,1,0,1,1,0,0,0,nan
shadow_starvation,shadow_off,8,71,0.0,2,1,1,1,0,1,1,0,0,0,nan
shadow_starvation,shadow_off,8,72,0.0,2,1,1,1,0,1,1,0,0,0,nan
shadow_starvation,shadow_off,8,73,0.0,1,0,1,2,0,1,1,0,0,0,nan
shadow_starvation,shadow_off,8,74,0.0,2,1,1,2,0,2,1,0,0,0,nan
shadow_starvation,shadow_off,8,75,0.0,2,1,1,2,0,2,1,0,0,0,nan
shadow_starvation,shadow_off,8,76,0.0,2,1,1,2,0,2,1,0,0,0,nan
shadow_starvation,shadow_off,8,77,0.0,2,1,1,2,0,2,1,0,0,0,nan
shadow_starvation,shadow_off,8,78,0.0,2,1,1,2,0,2,1,0,0,0,nan
shadow_starvation,shadow_off,8,79,0.0,2,1,1,2,0,2,1,0,0,0,nan
shadow_starvation,shadow_off,8,80,0.0,2,1,1,2,0,2,1,0,0,0,nan
shadow_starvation,shadow_off,8,81,0.0,2,1,1,2,0,2,1,0,0,0,nan
shadow_starvation,shadow_off,8,82,0.0,2,1,1,2,0,2,1,0,0,0,nan
shadow_starvation,shadow_off,8,83,0.0,2,1,1,2,0,2,1,0,0,0,nan
shadow_starvation,shadow_off,8,84,0.0,2,1,1,2,0,2,1,0,0,0,nan
shadow_starvation,shadow_off,8,85,0.0,2,1,1,2,0,2,1,0,0,0,nan
shadow_starvation,shadow_off,8,86,0.0,2,1,1,2,0,2,1,0,0,0,nan
shadow_starvation,shadow_off,8,87,0.0,2,1,1,2,0,2,1,0,0,0,nan
shadow_starvation,shadow_off,8,88,0.0,2,1,1,2,0,2,1,0,0,0,nan
shadow_starvation,shadow_off,8,89,0.0,2,1,1,2,0,2,1,0,0,0,nan
shadow_starvation,shadow_off,8,90,0.0,2,1,1,2,0,2,1,0,0,0,nan
shadow_starvation,shadow_off,8,91,0.0,2,1,1,2,0,2,1,0,0,0,nan
shadow_starvation,shadow_off,8,92,0.0,2,1,1,2,0,1,1,0,0,0,nan
shadow_starvation,shadow_off,8,93,0.0,2,1,1,2,0,1,1,0,0,0,nan
shadow_starvation,shadow_off,8,94,0.0,2,1,1,2,0,1,1,0,0,0,nan
shadow_starvation,shadow_off,8,95,0.0,2,1,1,2,0,1,1,0,0,0,nan
shadow_starvation,shadow_off,8,96,0.0,2,1,1,2,0,1,1,0,0,0,nan
shadow_starvation,shadow_off,8,97,0.0,2,1,1,2,0,1,1,0,0,0,nan
shadow_starvation,shadow_off,8,98,0.0,2,1,1,2,0,1,1,0,0,0,nan
shadow_starvation,shadow_off,8,99,0.0,2,1,1,2,0,1,1,0,0,0,nan
shadow_starvation,shadow_off,9,0,nan,1,1,0,0,0,0,0,0,0,0,nan
shadow_starvation,shadow_off,9,1,nan,1,1,0,0,0,0,0,0,0,0,nan
shadow_starvation,shadow_off,9,2,nan,1,1,0,0,0,0,0,0,0,0,nan
shadow_starvation,shadow_off,9,3,nan,1,0,1,0,0,0,0,0,0,0,nan
shadow_starvation,shadow_off,9,4,nan,1,0,1,0,0,0,0,0,0,0,nan
shadow_starvation,shadow_off,9,5,nan,1,0,1,0,0,0,0,0,0,0,nan
shadow_starvation,shadow_off,9,6,nan,1,0,1,0,0,0,0,0,0,0,nan
shadow_starvation,shadow_off,9,7,nan,1,0,1,0,0,0,0,0,0,0,nan
shadow_starvation,shadow_off,9,8,nan,1,0,1,0,0,0,0,0,0,0,nan
shadow_starvation,shadow_off,9,9,nan,1,0,1,0,0,0,0,0,0,0,nan
shadow_starvation,shadow_off,9,10,0.0,2,1,1,0,0,1,1,0,0,0,nan
shadow_starvation,shadow_off,9,11,0.0,2,1,1,0,0,1,1,0,0,0,nan
shadow_starvation,shadow_off,9,12,0.0,2,1,1,0,0,1,1,0,0,0,nan
shadow_starvation,shadow_off,9,13,0.0,2,1,1,0,0,1,1,0,0,0,nan
shadow_starvation,shadow_off,9,14,0.0,2,1,1,0,0,1,1,0,0,0,nan
shadow_starvation,shadow_off,9,15,0.0,2,1,1,0,0,1,1,0,0,0,nan
shadow_starvation,shadow_off,9,16,0.0,2,1,1,0,0,1,1,0,0,0,nan
shadow_starvation,shadow_off,9,17,0.0,2,1,1,0,0,1,1,0,0,0,nan
shadow_starvation,shadow_off,9,18,0.0,2,1,1,0,0,1,1,0,0,0,nan
shadow_starvation,shadow_off,9,19,0.0,2,1,1,0,0,1,1,0,0,0,nan
shadow_starvation,shadow_off,9,20,0.0,2,1,1,0,0,1,1,0,0,0,nan
shadow_starvation,shadow_off,9,21,0.0,2,1,1,0,0,1,1,0,0,0,nan
shadow_starvation,shadow_off,9,22,0.0,2,1,1,0,0,1,1,0,0,0,nan
shadow_starvation,shadow_off,9,23,0.0,2,1,1,0,0,1,1,0,0,0,nan
shadow_starvation,shadow_off,9,24,0.0,2,1,1,0,0,1,1,0,0,0,nan
shadow_starvation,shadow_off,9,25,0.0,2,1,1,0,0,1,1,0,0,0,nan
shadow_starvation,shadow_off,9,26,0.0,2,1,1,0,0,1,1,0,0,0,nan
shadow_starvation,shadow_off,9,27,0.0,2,1,1,0,0,1,1,0,0,0,nan
shadow_starvation,shadow_off,9,28,0.0,2,1,1,0,0,1,1,0,0,0,nan
shadow_starvation,shadow_off,9,29,0.0,2,1,1,0,0,1,1,0,0,0,nan
shadow_starvation,shadow_off,9,30,0.0,2,1,1,0,0,1,1,0,0,0,nan
shadow_starvation,shadow_off,9,31,0.0,2,1,1,0,0,1,1,0,0,0,nan
shadow_starvation,shadow_off,9,32,0.0,2,1,1,0,0,1,1,0,0,0,nan
shadow_starvation,shadow_off,9,33,0.0,2,1,1,0,0,1,1,0,0,0,nan
shadow_starvation,shadow_off,9,34,0.0,2,1,1,0,0,1,1,0,0,0,nan
shadow_starvation,shadow_off,9,35,0.0,2,1,1,0,0,1,1,0,0,0,nan
shadow_starvation,shadow_off,9,36,0.0,2,1,1,0,0,1,1,0,0,0,nan
shadow_starvation,shadow_off,9,37,0.0,2,1,1,0,0,1,1,0,0,0,nan
shadow_starvation,shadow_off,9,38,0.0,2,1,1,0,0,1,1,0,0,0,nan
shadow_starvation,shadow_off,9,39,0.0,2,1,1,0,0,1,1,0,0,0,nan
shadow_starvation,shadow_off,9,40,0.0,2,1,1,0,0,1,1,0,0,0,nan
shadow_starvation,shadow_off,9,41,0.0,1,0,1,1,0,1,1,0,0,0,nan
shadow_starvation,shadow_off,9,42,0.0,2,1,1,1,0,2,1,0,0,0,nan
shadow_starvation,shadow_off,9,43,0.0,2,1,1,1,0,2,1,0,0,0,nan
shadow_starvation,shadow_off,9,44,0.0,2,1,1,1,0,2,1,0,0,0,nan
shadow_starvation,shadow_off,9,45,0.0,2,1,1,1,0,2,1,0,0,0,nan
shadow_starvation,shadow_off,9,46,0.0,2,1,1,1,0,2,1,0,0,0,nan
shadow_starvation,shadow_off,9,47,0.0,2,1,1,1,0,2,1,0,0,0,nan
shadow_starvation,shadow_off,9,48,0.0,2,1,1,1,0,2,1,0,0,0,nan
shadow_starvation,shadow_off,9,49,0.0,2,1,1,1,0,2,1,0,0,0,nan
shadow_starvation,shadow_off,9,50,0.0,2,1,1,1,0,2,1,0,0,0,nan
shadow_starvation,shadow_off,9,51,0.0,2,1,1,1,0,2,1,0,0,0,nan
shadow_starvation,shadow_off,9,52,0.0,2,1,1,1,0,2,1,0,0,0,nan
shadow_starvation,shadow_off,9,53,0.0,2,1,1,1,0,2,1,0,0,0,nan
shadow_starvation,shadow_off,9,54,0.0,2,1,1,1,0,2,1,0,0,0,nan
shadow_starvation,shadow_off,9,55,0.0,2,1,1,1,0,2,1,0,0,0,nan
shadow_starvation,shadow_off,9,56,0.0,2,1,1,1,0,2,1,0,0,0,nan
shadow_starvation,shadow_off,9,57,0.0,2,1,1,1,0,2,1,0,0,0,nan
shadow_starvation,shadow_off,9,58,0.0,2,1,1,1,0,2,1,0,0,0,nan
shadow_starvation,shadow_off,9,59,0.0,2,1,1,1,0,2,1,0,0,0,nan
shadow_starvation,shadow_off,9,60,0.0,2,1,1,1,0,1,1,0,0,0,nan
shadow_starvation,shadow_off,9,61,0.0,2,1,1,1,0,1,1,0,0,0,nan
shadow_starvation,shadow_off,9,62,0.0,2,1,1,1,0,1,1,0,0,0,nan
shadow_starvation,shadow_off,9,63,0.0,2,1,1,1,0,1,1,0,0,0,nan
shadow_starvation,shadow_off,9,64,0.0,2,1,1,1,0,1,1,0,0,0,nan
shadow_starvation,shadow_off,9,65,0.0,2,1,1,1,0,1,1,0,0,0,nan
shadow_starvation,shadow_off,9,66,0.0,2,1,1,1,0,1,1,0,0,0,nan
shadow_starvation,shadow_off,9,67,0.0,2,1,1,1,0,1,1,0,0,0,nan
shadow_starvation,shadow_off,9,68,0.0,2,1,1,1,0,1,1,0,0,0,nan
shadow_starvation,shadow_off,9,69,0.0,2,1,1,1,0,1,1,0,0,0,nan
shadow_starvation,shadow_off,9,70,0.0,2,1,1,1,0,1,1,0,0,0,nan
shadow_starvation,shadow_off,9,71,0.0,2,1,1,1,0,1,1,0,0,0,nan
shadow_starvation,shadow_off,9,72,0.0,2,1,1,1,0,1,1,0,0,0,nan
shadow_starvation,shadow_off,9,73,0.0,1,0,1,2,0,1,1,0,0,0,nan
shadow_starvation,shadow_off,9,74,0.0,2,1,1,2,0,2,1,0,0,0,nan
shadow_starvation,shadow_off,9,75,0.0,2,1,1,2,0,2,1,0,0,0,nan
shadow_starvation,shadow_off,9,76,0.0,2,1,1,2,0,2,1,0,0,0,nan
shadow_starvation,shadow_off,9,77,0.0,2,1,1,2,0,2,1,0,0,0,nan
shadow_starvation,shadow_off,9,78,0.0,2,1,1,2,0,2,1,0,0,0,nan
shadow_starvation,shadow_off,9,79,0.0,2,1,1,2,0,2,1,0,0,0,nan
shadow_starvation,shadow_off,9,80,0.0,2,1,1,2,0,2,1,0,0,0,nan
shadow_starvation,shadow_off,9,81,0.0,2,1,1,2,0,2,1,0,0,0,nan
shadow_starvation,shadow_off,9,82,0.0,2,1,1,2,0,2,1,0,0,0,nan
shadow_starvation,shadow_off,9,83,0.0,2,1,1,2,0,2,1,0,0,0,nan
shadow_starvation,shadow_off,9,84,0.0,2,1,1,2,0,2,1,0,0,0,nan
shadow_starvation,shadow_off,9,85,0.0,2,1,1,2,0,2,1,0,0,0,nan
shadow_starvation,shadow_off,9,86,0.0,2,1,1,2,0,2,1,0,0,0,nan
shadow_starvation,shadow_off,9,87,0.0,2,1,1,2,0,2,1,0,0,0,nan
shadow_starvation,shadow_off,9,88,0.0,2,1,1,2,0,2,1,0,0,0,nan
shadow_starvation,shadow_off,9,89,0.0,2,1,1,2,0,2,1,0,0,0,nan
shadow_starvation,shadow_off,9,90,0.0,2,1,1,2,0,2,1,0,0,0,nan
shadow_starvation,shadow_off,9,91,0.0,2,1,1,2,0,2,1,0,0,0,nan
shadow_starvation,shadow_off,9,92,0.0,2,1,1,2,0,1,1,0,0,0,nan
shadow_starvation,shadow_off,9,93,0.0,2,1,1,2,0,1,1,0,0,0,nan
shadow_starvation,shadow_off,9,94,0.0,2,1,1,2,0,1,1,0,0,0,nan
shadow_starvation,shadow_off,9,95,0.0,2,1,1,2,0,1,1,0,0,0,nan
shadow_starvation,shadow_off,9,96,0.0,2,1,1,2,0,1,1,0,0,0,nan
shadow_starvation,shadow_off,9,97,0.0,2,1,1,2,0,1,1,0,0,0,nan
shadow_starvation,shadow_off,9,98,0.0,2,1,1,2,0,1,1,0,0,0,nan
shadow_starvation,shadow_off,9,99,0.0,2,1,1,2,0,1,1,0,0,0,nan
shadow_starvation,shadow_off,10,0,nan,1,1,0,0,0,0,0,0,0,0,nan
shadow_starvation,shadow_off,10,1,nan,1,1,0,0,0,0,0,0,0,0,nan
shadow_starvation,shadow_off,10,2,nan,1,1,0,0,0,0,0,0,0,0,nan
shadow_starvation,shadow_off,10,3,nan,1,0,1,0,0,0,0,0,0,0,nan
shadow_starvation,shadow_off,10,4,nan,1,0,1,0,0,0,0,0,0,0,nan
shadow_starvation,shadow_off,10,5,nan,1,0,1,0,0,0,0,0,0,0,nan
shadow_starvation,shadow_off,10,6,nan,1,0,1,0,0,0,0,0,0,0,nan
shadow_starvation,shadow_off,10,7,nan,1,0,1,0,0,0,0,0,0,0,nan
shadow_starvation,shadow_off,10,8,nan,1,0,1,0,0,0,0,0,0,0,nan
shadow_starvation,shadow_off,10,9,nan,1,0,1,0,0,0,0,0,0,0,nan
shadow_starvation,shadow_off,10,10,0.0,2,1,1,0,0,1,1,0,0,0,nan
shadow_starvation,shadow_off,10,11,0.0,2,1,1,0,0,1,1,0,0,0,nan
shadow_starvation,shadow_off,10,12,0.0,2,1,1,0,0,1,1,0,0,0,nan
shadow_starvation,shadow_off,10,13,0.0,2,1,1,0,0,1,1,0,0,0,nan
shadow_starvation,shadow_off,10,14,0.0,2,1,1,0,0,1,1,0,0,0,nan
shadow_starvation,shadow_off,10,15,0.0,2,1,1,0,0,1,1,0,0,0,nan
shadow_starvation,shadow_off,10,16,0.0,2,1,1,0,0,1,1,0,0,0,nan
shadow_starvation,shadow_off,10,17,0.0,2,1,1,0,0,1,1,0,0,0,nan
shadow_starvation,shadow_off,10,18,0.0,2,1,1,0,0,1,1,0,0,0,nan
shadow_starvation,shadow_off,10,19,0.0,2,1,1,0,0,1,1,0,0,0,nan
shadow_starvation,shadow_off,10,20,0.0,2,1,1,0,0,1,1,0,0,0,nan
shadow_starvation,shadow_off,10,21,0.0,2,1,1,0,0,1,1,0,0,0,nan
shadow_starvation,shadow_off,10,22,0.0,2,1,1,0,0,1,1,0,0,0,nan
shadow_starvation,shadow_off,10,23,0.0,2,1,1,0,0,1,1,0,0,0,nan
shadow_starvation,shadow_off,10,24,0.0,2,1,1,0,0,1,1,0,0,0,nan
shadow_starvation,shadow_off,10,25,0.0,2,1,1,0,0,1,1,0,0,0,nan
shadow_starvation,shadow_off,10,26,0.0,2,1,1,0,0,1,1,0,0,0,nan
shadow_starvation,shadow_off,10,27,0.0,2,1,1,0,0,1,1,0,0,0,nan
shadow_starvation,shadow_off,10,28,0.0,2,1,1,0,0,1,1,0,0,0,nan
shadow_starvation,shadow_off,10,29,0.0,2,1,1,0,0,1,1,0,0,0,nan
shadow_starvation,shadow_off,10,30,0.0,2,1,1,0,0,1,1,0,0,0,nan
shadow_starvation,shadow_off,10,31,0.0,2,1,1,0,0,1,1,0,0,0,nan
shadow_starvation,shadow_off,10,32,0.0,2,1,1,0,0,1,1,0,0,0,nan
shadow_starvation,shadow_off,10,33,0.0,2,1,1,0,0,1,1,0,0,0,nan
shadow_starvation,shadow_off,10,34,0.0,2,1,1,0,0,1,1,0,0,0,nan
shadow_starvation,shadow_off,10,35,0.0,2,1,1,0,0,1,1,0,0,0,nan
shadow_starvation,shadow_off,10,36,0.0,2,1,1,0,0,1,1,0,0,0,nan
shadow_starvation,shadow_off,10,37,0.0,2,1,1,0,0,1,1,0,0,0,nan
shadow_starvation,shadow_off,10,38,0.0,2,1,1,0,0,1,1,0,0,0,nan
shadow_starvation,shadow_off,10,39,0.0,2,1,1,0,0,1,1,0,0,0,nan
shadow_starvation,shadow_off,10,40,0.0,2,1,1,0,0,1,1,0,0,0,nan
shadow_starvation,shadow_off,10,41,0.0,1,0,1,1,0,1,1,0,0,0,nan
shadow_starvation,shadow_off,10,42,0.0,2,1,1,1,0,2,1,0,0,0,nan
shadow_starvation,shadow_off,10,43,0.0,2,1,1,1,0,2,1,0,0,0,nan
shadow_starvation,shadow_off,10,44,0.0,2,1,1,1,0,2,1,0,0,0,nan
shadow_starvation,shadow_off,10,45,0.0,2,1,1,1,0,2,1,0,0,0,nan
shadow_starvation,shadow_off,10,46,0.0,2,1,1,1,0,2,1,0,0,0,nan
shadow_starvation,shadow_off,10,47,0.0,2,1,1,1,0,2,1,0,0,0,nan
shadow_starvation,shadow_off,10,48,0.0,2,1,1,1,0,2,1,0,0,0,nan
shadow_starvation,shadow_off,10,49,0.0,2,1,1,1,0,2,1,0,0,0,nan
shadow_starvation,shadow_off,10,50,0.0,2,1,1,1,0,2,1,0,0,0,nan
shadow_starvation,shadow_off,10,51,0.0,2,1,1,1,0,2,1,0,0,0,nan
shadow_starvation,shadow_off,10,52,0.0,2,1,1,1,0,2,1,0,0,0,nan
shadow_starvation,shadow_off,10,53,0.0,2,1,1,1,0,2,1,0,0,0,nan
shadow_starvation,shadow_off,10,54,0.0,2,1,1,1,0,2,1,0,0,0,nan
shadow_starvation,shadow_off,10,55,0.0,2,1,1,1,0,2,1,0,0,0,nan
shadow_starvation,shadow_off,10,56,0.0,2,1,1,1,0,2,1,0,0,0,nan
shadow_starvation,shadow_off,10,57,0.0,2,1,1,1,0,2,1,0,0,0,nan
shadow_starvation,shadow_off,10,58,0.0,2,1,1,1,0,2,1,0,0,0,nan
shadow_starvation,shadow_off,10,59,0.0,2,1,1,1,0,2,1,0,0,0,nan
shadow_starvation,shadow_off,10,60,0.0,2,1,1,1,0,1,1,0,0,0,nan
shadow_starvation,shadow_off,10,61,0.0,2,1,1,1,0,1,1,0,0,0,nan
shadow_starvation,shadow_off,10,62,0.0,2,1,1,1,0,1,1,0,0,0,nan
shadow_starvation,shadow_off,10,63,0.0,2,1,1,1,0,1,1,0,0,0,nan
shadow_starvation,shadow_off,10,64,0.0,2,1,1,1,0,1,1,0,0,0,nan
shadow_starvation,shadow_off,10,65,0.0,2,1,1,1,0,1,1,0,0,0,nan
shadow_starvation,shadow_off,10,66,0.0,2,1,1,1,0,1,1,0,0,0,nan
shadow_starvation,shadow_off,10,67,0.0,2,1,1,1,0,1,1,0,0,0,nan
shadow_starvation,shadow_off,10,68,0.0,2,1,1,1,0,1,1,0,0,0,nan
shadow_starvation,shadow_off,10,69,0.0,2,1,1,1,0,1,1,0,0,0,nan
shadow_starvation,shadow_off,10,70,0.0,2,1,1,1,0,1,1,0,0,0,nan
shadow_starvation,shadow_off,10,71,0.0,2,1,1,1,0,1,1,0,0,0,nan
shadow_starvation,shadow_off,10,72,0.0,2,1,1,1,0,1,1,0,0,0,nan
shadow_starvation,shadow_off,10,73,0.0,1,0,1,2,0,1,1,0,0,0,nan
shadow_starvation,shadow_off,10,74,0.0,2,1,1,2,0,2,1,0,0,0,nan
shadow_starvation,shadow_off,10,75,0.0,2,1,1,2,0,2,1,0,0,0,nan
shadow_starvation,shadow_off,10,76,0.0,2,1,1,2,0,2,1,0,0,0,nan
shadow_starvation,shadow_off,10,77,0.0,2,1,1,2,0,2,1,0,0,0,nan
shadow_starvation,shadow_off,10,78,0.0,2,1,1,2,0,2,1,0,0,0,nan
shadow_starvation,shadow_off,10,79,0.0,2,1,1,2,0,2,1,0,0,0,nan
shadow_starvation,shadow_off,10,80,0.0,2,1,1,2,0,2,1,0,0,0,nan
shadow_starvation,shadow_off,10,81,0.0,2,1,1,2,0,2,1,0,0,0,nan
shadow_starvation,shadow_off,10,82,0.0,2,1,1,2,0,2,1,0,0,0,nan
shadow_starvation,shadow_off,10,83,0.0,2,1,1,2,0,2,1,0,0,0,nan
shadow_starvation,shadow_off,10,84,0.0,2,1,1,2,0,2,1,0,0,0,nan
shadow_starvation,shadow_off,10,85,0.0,2,1,1,2,0,2,1,0,0,0,nan
shadow_starvation,shadow_off,10,86,0.0,2,1,1,2,0,2,1,0,0,0,nan
shadow_starvation,shadow_off,10,87,0.0,2,1,1,2,0,2,1,0,0,0,nan
shadow_starvation,shadow_off,10,88,0.0,2,1,1,2,0,2,1,0,0,0,nan
shadow_starvation,shadow_off,10,89,0.0,2,1,1,2,0,2,1,0,0,0,nan
shadow_starvation,shadow_off,10,90,0.0,2,1,1,2,0,2,1,0,0,0,nan
shadow_starvation,shadow_off,10,91,0.0,2,1,1,2,0,2,1,0,0,0,nan
shadow_starvation,shadow_off,10,92,0.0,2,1,1,2,0,1,1,0,0,0,nan
shadow_starvation,shadow_off,10,93,0.0,2,1,1,2,0,1,1,0,0,0,nan
shadow_starvation,shadow_off,10,94,0.0,2,1,1,2,0,1,1,0,0,0,nan
shadow_starvation,shadow_off,10,95,0.0,2,1,1,2,0,1,1,0,0,0,nan
shadow_starvation,shadow_off,10,96,0.0,2,1,1,2,0,1,1,0,0,0,nan
shadow_starvation,shadow_off,10,97,0.0,2,1,1,2,0,1,1,0,0,0,nan
shadow_starvation,shadow_off,10,98,0.0,2,1,1,2,0,1,1,0,0,0,nan
shadow_starvation,shadow_off,10,99,0.0,2,1,1,2,0,1,1,0,0,0,nan
shadow_starvation,shadow_off,11,0,nan,1,1,0,0,0,0,0,0,0,0,nan
shadow_starvation,shadow_off,11,1,nan,1,1,0,0,0,0,0,0,0,0,nan
shadow_starvation,shadow_off,11,2,nan,1,1,0,0,0,0,0,0,0,0,nan
shadow_starvation,shadow_off,11,3,nan,1,0,1,0,0,0,0,0,0,0,nan
shadow_starvation,shadow_off,11,4,nan,1,0,1,0,0,0,0,0,0,0,nan
shadow_starvation,shadow_off,11,5,nan,1,0,1,0,0,0,0,0,0,0,nan
shadow_starvation,shadow_off,11,6,nan,1,0,1,0,0,0,0,0,0,0,nan
shadow_starvation,shadow_off,11,7,nan,1,0,1,0,0,0,0,0,0,0,nan
shadow_starvation,shadow_off,11,8,nan,1,0,1,0,0,0,0,0,0,0,nan
shadow_starvation,shadow_off,11,9,nan,1,0,1,0,0,0,0,0,0,0,nan
shadow_starvation,shadow_off,11,10,0.0,2,1,1,0,0,1,1,0,0,0,nan
shadow_starvation,shadow_off,11,11,0.0,2,1,1,0,0,1,1,0,0,0,nan
shadow_starvation,shadow_off,11,12,0.0,2,1,1,0,0,1,1,0,0,0,nan
shadow_starvation,shadow_off,11,13,0.0,2,1,1,0,0,1,1,0,0,0,nan
shadow_starvation,shadow_off,11,14,0.0,2,1,1,0,0,1,1,0,0,0,nan
shadow_starvation,shadow_off,11,15,0.0,2,1,1,0,0,1,1,0,0,0,nan
shadow_starvation,shadow_off,11,16,0.0,2,1,1,0,0,1,1,0,0,0,nan
shadow_starvation,shadow_off,11,17,0.0,2,1,1,0,0,1,1,0,0,0,nan
shadow_starvation,shadow_off,11,18,0.0,2,1,1,0,0,1,1,0,0,0,nan
shadow_starvation,shadow_off,11,19,0.0,2,1,1,0,0,1,1,0,0,0,nan
shadow_starvation,shadow_off,11,20,0.0,2,1,1,0,0,1,1,0,0,0,nan
shadow_starvation,shadow_off,11,21,0.0,2,1,1,0,0,1,1,0,0,0,nan
shadow_starvation,shadow_off,11,22,0.0,2,1,1,0,0,1,1,0,0,0,nan
shadow_starvation,shadow_off,11,23,0.0,2,1,1,0,0,1,1,0,0,0,nan
shadow_starvation,shadow_off,11,24,0.0,2,1,1,0,0,1,1,0,0,0,nan
shadow_starvation,shadow_off,11,25,0.0,2,1,1,0,0,1,1,0,0,0,nan
shadow_starvation,shadow_off,11,26,0.0,2,1,1,0,0,1,1,0,0,0,nan
shadow_starvation,shadow_off,11,27,0.0,2,1,1,0,0,1,1,0,0,0,nan
shadow_starvation,shadow_off,11,28,0.0,2,1,1,0,0,1,1,0,0,0,nan
shadow_starvation,shadow_off,11,29,0.0,2,1,1,0,0,1,1,0,0,0,nan
shadow_starvation,shadow_off,11,30,0.0,2,1,1,0,0,1,1,0,0,0,nan
shadow_starvation,shadow_off,11,31,0.0,2,1,1,0,0,1,1,0,0,0,nan
shadow_starvation,shadow_off,11,32,0.0,2,1,1,0,0,1,1,0,0,0,nan
shadow_starvation,shadow_off,11,33,0.0,2,1,1,0,0,1,1,0,0,0,nan
shadow_starvation,shadow_off,11,34,0.0,2,1,1,0,0,1,1,0,0,0,nan
shadow_starvation,shadow_off,11,35,0.0,2,1,1,0,0,1,1,0,0,0,nan
shadow_starvation,shadow_off,11,36,0.0,2,1,1,0,0,1,1,0,0,0,nan
shadow_starvation,shadow_off,11,37,0.0,2,1,1,0,0,1,1,0,0,0,nan
shadow_starvation,shadow_off,11,38,0.0,2,1,1,0,0,1,1,0,0,0,nan
shadow_starvation,shadow_off,11,39,0.0,2,1,1,0,0,1,1,0,0,0,nan
shadow_starvation,shadow_off,11,40,0.0,2,1,1,0,0,1,1,0,0,0,nan
shadow_starvation,shadow_off,11,41,0.0,1,0,1,1,0,1,1,0,0,0,nan
shadow_starvation,shadow_off,11,42,0.0,2,1,1,1,0,2,1,0,0,0,nan
shadow_starvation,shadow_off,11,43,0.0,2,1,1,1,0,2,1,0,0,0,nan
shadow_starvation,shadow_off,11,44,0.0,2,1,1,1,0,2,1,0,0,0,nan
shadow_starvation,shadow_off,11,45,0.0,2,1,1,1,0,2,1,0,0,0,nan
shadow_starvation,shadow_off,11,46,0.0,2,1,1,1,0,2,1,0,0,0,nan
shadow_starvation,shadow_off,11,47,0.0,2,1,1,1,0,2,1,0,0,0,nan
shadow_starvation,shadow_off,11,48,0.0,2,1,1,1,0,2,1,0,0,0,nan
shadow_starvation,shadow_off,11,49,0.0,2,1,1,1,0,2,1,0,0,0,nan
shadow_starvation,shadow_off,11,50,0.0,2,1,1,1,0,2,1,0,0,0,nan
shadow_starvation,shadow_off,11,51,0.0,2,1,1,1,0,2,1,0,0,0,nan
shadow_starvation,shadow_off,11,52,0.0,2,1,1,1,0,2,1,0,0,0,nan
shadow_starvation,shadow_off,11,53,0.0,2,1,1,1,0,2,1,0,0,0,nan
shadow_starvation,shadow_off,11,54,0.0,2,1,1,1,0,2,1,0,0,0,nan
shadow_starvation,shadow_off,11,55,0.0,2,1,1,1,0,2,1,0,0,0,nan
shadow_starvation,shadow_off,11,56,0.0,2,1,1,1,0,2,1,0,0,0,nan
shadow_starvation,shadow_off,11,57,0.0,2,1,1,1,0,2,1,0,0,0,nan
shadow_starvation,shadow_off,11,58,0.0,2,1,1,1,0,2,1,0,0,0,nan
shadow_starvation,shadow_off,11,59,0.0,2,1,1,1,0,2,1,0,0,0,nan
shadow_starvation,shadow_off,11,60,0.0,2,1,1,1,0,1,1,0,0,0,nan
shadow_starvation,shadow_off,11,61,0.0,2,1,1,1,0,1,1,0,0,0,nan
shadow_starvation,shadow_off,11,62,0.0,2,1,1,1,0,1,1,0,0,0,nan
shadow_starvation,shadow_off,11,63,0.0,2,1,1,1,0,1,1,0,0,0,nan
shadow_starvation,shadow_off,11,64,0.0,2,1,1,1,0,1,1,0,0,0,nan
shadow_starvation,shadow_off,11,65,0.0,2,1,1,1,0,1,1,0,0,0,nan
shadow_starvation,shadow_off,11,66,0.0,2,1,1,1,0,1,1,0,0,0,nan
shadow_starvation,shadow_off,11,67,0.0,2,1,1,1,0,1,1,0,0,0,nan
shadow_starvation,shadow_off,11,68,0.0,2,1,1,1,0,1,1,0,0,0,nan
shadow_starvation,shadow_off,11,69,0.0,2,1,1,1,0,1,1,0,0,0,nan
shadow_starvation,shadow_off,11,70,0.0,2,1,1,1,0,1,1,0,0,0,nan
shadow_starvation,shadow_off,11,71,0.0,2,1,1,1,0,1,1,0,0,0,nan
shadow_starvation,shadow_off,11,72,0.0,2,1,1,1,0,1,1,0,0,0,nan
shadow_starvation,shadow_off,11,73,0.0,1,0,1,2,0,1,1,0,0,0,nan
shadow_starvation,shadow_off,11,74,0.0,2,1,1,2,0,2,1,0,0,0,nan
shadow_starvation,shadow_off,11,75,0.0,2,1,1,2,0,2,1,0,0,0,nan
shadow_starvation,shadow_off,11,76,0.0,2,1,1,2,0,2,1,0,0,0,nan
shadow_starvation,shadow_off,11,77,0.0,2,1,1,2,0,2,1,0,0,0,nan
shadow_starvation,shadow_off,11,78,0.0,2,1,1,2,0,2,1,0,0,0,nan
shadow_starvation,shadow_off,11,79,0.0,2,1,1,2,0,2,1,0,0,0,nan
shadow_starvation,shadow_off,11,80,0.0,2,1,1,2,0,2,1,0,0,0,nan
shadow_starvation,shadow_off,11,81,0.0,2,1,1,2,0,2,1,0,0,0,nan
shadow_starvation,shadow_off,11,82,0.0,2,1,1,2,0,2,1,0,0,0,nan
shadow_starvation,shadow_off,11,83,0.0,2,1,1,2,0,2,1,0,0,0,nan
shadow_starvation,shadow_off,11,84,0.0,2,1,1,2,0,2,1,0,0,0,nan
shadow_starvation,shadow_off,11,85,0.0,2,1,1,2,0,2,1,0,0,0,nan
shadow_starvation,shadow_off,11,86,0.0,2,1,1,2,0,2,1,0,0,0,nan
shadow_starvation,shadow_off,11,87,0.0,2,1,1,2,0,2,1,0,0,0,nan
shadow_starvation,shadow_off,11,88,0.0,2,1,1,2,0,2,1,0,0,0,nan
shadow_starvation,shadow_off,11,89,0.0,2,1,1,2,0,2,1,0,0,0,nan
shadow_starvation,shadow_off,11,90,0.0,2,1,1,2,0,2,1,0,0,0,nan
shadow_starvation,shadow_off,11,91,0.0,2,1,1,2,0,2,1,0,0,0,nan
shadow_starvation,shadow_off,11,92,0.0,2,1,1,2,0,1,1,0,0,0,nan
shadow_starvation,shadow_off,11,93,0.0,2,1,1,2,0,1,1,0,0,0,nan
shadow_starvation,shadow_off,11,94,0.0,2,1,1,2,0,1,1,0,0,0,nan
shadow_starvation,shadow_off,11,95,0.0,2,1,1,2,0,1,1,0,0,0,nan
shadow_starvation,shadow_off,11,96,0.0,2,1,1,2,0,1,1,0,0,0,nan
shadow_starvation,shadow_off,11,97,0.0,2,1,1,2,0,1,1,0,0,0,nan
shadow_starvation,shadow_off,11,98,0.0,2,1,1,2,0,1,1,0,0,0,nan
shadow_starvation,shadow_off,11,99,0.0,2,1,1,2,0,1,1,0,0,0,nan
shadow_starvation,shadow_off,12,0,nan,1,1,0,0,0,0,0,0,0,0,nan
shadow_starvation,shadow_off,12,1,nan,1,1,0,0,0,0,0,0,0,0,nan
shadow_starvation,shadow_off,12,2,nan,1,1,0,0,0,0,0,0,0,0,nan
shadow_starvation,shadow_off,12,3,nan,1,0,1,0,0,0,0,0,0,0,nan
shadow_starvation,shadow_off,12,4,nan,1,0,1,0,0,0,0,0,0,0,nan
shadow_starvation,shadow_off,12,5,nan,1,0,1,0,0,0,0,0,0,0,nan
shadow_starvation,shadow_off,12,6,nan,1,0,1,0,0,0,0,0,0,0,nan
shadow_starvation,shadow_off,12,7,nan,1,0,1,0,0,0,0,0,0,0,nan
shadow_starvation,shadow_off,12,8,nan,1,0,1,0,0,0,0,0,0,0,nan
shadow_starvation,shadow_off,12,9,nan,1,0,1,0,0,0,0,0,0,0,nan
shadow_starvation,shadow_off,12,10,0.0,2,1,1,0,0,1,1,0,0,0,nan
shadow_starvation,shadow_off,12,11,0.0,2,1,1,0,0,1,1,0,0,0,nan
shadow_starvation,shadow_off,12,12,0.0,2,1,1,0,0,1,1,0,0,0,nan
shadow_starvation,shadow_off,12,13,0.0,2,1,1,0,0,1,1,0,0,0,nan
shadow_starvation,shadow_off,12,14,0.0,2,1,1,0,0,1,1,0,0,0,nan
shadow_starvation,shadow_off,12,15,0.0,2,1,1,0,0,1,1,0,0,0,nan
shadow_starvation,shadow_off,12,16,0.0,2,1,1,0,0,1,1,0,0,0,nan
shadow_starvation,shadow_off,12,17,0.0,2,1,1,0,0,1,1,0,0,0,nan
shadow_starvation,shadow_off,12,18,0.0,2,1,1,0,0,1,1,0,0,0,nan
shadow_starvation,shadow_off,12,19,0.0,2,1,1,0,0,1,1,0,0,0,nan
shadow_starvation,shadow_off,12,20,0.0,2,1,1,0,0,1,1,0,0,0,nan
shadow_starvation,shadow_off,12,21,0.0,2,1,1,0,0,1,1,0,0,0,nan
shadow_starvation,shadow_off,12,22,0.0,2,1,1,0,0,1,1,0,0,0,nan
shadow_starvation,shadow_off,12,23,0.0,2,1,1,0,0,1,1,0,0,0,nan
shadow_starvation,shadow_off,12,24,0.0,2,1,1,0,0,1,1,0,0,0,nan
shadow_starvation,shadow_off,12,25,0.0,2,1,1,0,0,1,1,0,0,0,nan
shadow_starvation,shadow_off,12,26,0.0,2,1,1,0,0,1,1,0,0,0,nan
shadow_starvation,shadow_off,12,27,0.0,2,1,1,0,0,1,1,0,0,0,nan
shadow_starvation,shadow_off,12,28,0.0,2,1,1,0,0,1,1,0,0,0,nan
shadow_starvation,shadow_off,12,29,0.0,2,1,1,0,0,1,1,0,0,0,nan
shadow_starvation,shadow_off,12,30,0.0,2,1,1,0,0,1,1,0,0,0,nan
shadow_starvation,shadow_off,12,31,0.0,2,1,1,0,0,1,1,0,0,0,nan
shadow_starvation,shadow_off,12,32,0.0,2,1,1,0,0,1,1,0,0,0,nan
shadow_starvation,shadow_off,12,33,0.0,2,1,1,0,0,1,1,0,0,0,nan
shadow_starvation,shadow_off,12,34,0.0,2,1,1,0,0,1,1,0,0,0,nan
shadow_starvation,shadow_off,12,35,0.0,2,1,1,0,0,1,1,0,0,0,nan
shadow_starvation,shadow_off,12,36,0.0,2,1,1,0,0,1,1,0,0,0,nan
shadow_starvation,shadow_off,12,37,0.0,2,1,1,0,0,1,1,0,0,0,nan
shadow_starvation,shadow_off,12,38,0.0,2,1,1,0,0,1,1,0,0,0,nan
shadow_starvation,shadow_off,12,39,0.0,2,1,1,0,0,1,1,0,0,0,nan
shadow_starvation,shadow_off,12,40,0.0,2,1,1,0,0,1,1,0,0,0,nan
shadow_starvation,shadow_off,12,41,0.0,1,0,1,1,0,1,1,0,0,0,nan
shadow_starvation,shadow_off,12,42,0.0,2,1,1,1,0,2,1,0,0,0,nan
shadow_starvation,shadow_off,12,43,0.0,2,1,1,1,0,2,1,0,0,0,nan
shadow_starvation,shadow_off,12,44,0.0,2,1,1,1,0,2,1,0,0,0,nan
shadow_starvation,shadow_off,12,45,0.0,2,1,1,1,0,2,1,0,0,0,nan
shadow_starvation,shadow_off,12,46,0.0,2,1,1,1,0,2,1,0,0,0,nan
shadow_starvation,shadow_off,12,47,0.0,2,1,1,1,0,2,1,0,0,0,nan
shadow_starvation,shadow_off,12,48,0.0,2,1,1,1,0,2,1,0,0,0,nan
shadow_starvation,shadow_off,12,49,0.0,2,1,1,1,0,2,1,0,0,0,nan
shadow_starvation,shadow_off,12,50,0.0,2,1,1,1,0,2,1,0,0,0,nan
shadow_starvation,shadow_off,12,51,0.0,2,1,1,1,0,2,1,0,0,0,nan
shadow_starvation,shadow_off,12,52,0.0,2,1,1,1,0,2,1,0,0,0,nan
shadow_starvation,shadow_off,12,53,0.0,2,1,1,1,0,2,1,0,0,0,nan
shadow_starvation,shadow_off,12,54,0.0,2,1,1,1,0,2,1,0,0,0,nan
shadow_starvation,shadow_off,12,55,0.0,2,1,1,1,0,2,1,0,0,0,nan
shadow_starvation,shadow_off,12,56,0.0,2,1,1,1,0,2,1,0,0,0,nan
shadow_starvation,shadow_off,12,57,0.0,2,1,1,1,0,2,1,0,0,0,nan
shadow_starvation,shadow_off,12,58,0.0,2,1,1,1,0,2,1,0,0,0,nan
shadow_starvation,shadow_off,12,59,0.0,2,1,1,1,0,2,1,0,0,0,nan
shadow_starvation,shadow_off,12,60,0.0,2,1,1,1,0,1,1,0,0,0,nan
shadow_starvation,shadow_off,12,61,0.0,2,1,1,1,0,1,1,0,0,0,nan
shadow_starvation,shadow_off,12,62,0.0,2,1,1,1,0,1,1,0,0,0,nan
shadow_starvation,shadow_off,12,63,0.0,2,1,1,1,0,1,1,0,0,0,nan
shadow_starvation,shadow_off,12,64,0.0,2,1,1,1,0,1,1,0,0,0,nan
shadow_starvation,shadow_off,12,65,0.0,2,1,1,1,0,1,1,0,0,0,nan
shadow_starvation,shadow_off,12,66,0.0,2,1,1,1,0,1,1,0,0,0,nan
shadow_starvation,shadow_off,12,67,0.0,2,1,1,1,0,1,1,0,0,0,nan
shadow_starvation,shadow_off,12,68,0.0,2,1,1,1,0,1,1,0,0,0,nan
shadow_starvation,shadow_off,12,69,0.0,2,1,1,1,0,1,1,0,0,0,nan
shadow_starvation,shadow_off,12,70,0.0,3,2,1,1,0,2,1,0,0,0,nan
shadow_starvation,shadow_off,12,71,0.0,3,2,1,1,0,2,1,0,0,0,nan
shadow_starvation,shadow_off,12,72,0.0,3,2,1,1,0,2,1,0,0,0,nan
shadow_starvation,shadow_off,12,73,0.0,2,1,1,2,0,2,1,0,0,0,nan
shadow_starvation,shadow_off,12,74,0.0,2,1,1,2,0,2,1,0,0,0,nan
shadow_starvation,shadow_off,12,75,0.0,2,1,1,2,0,2,1,0,0,0,nan
shadow_starvation,shadow_off,12,76,0.0,2,1,1,2,0,2,1,0,0,0,nan
shadow_starvation,shadow_off,12,77,0.0,2,1,1,2,0,2,1,0,0,0,nan
shadow_starvation,shadow_off,12,78,0.0,2,1,1,2,0,2,1,0,0,0,nan
shadow_starvation,shadow_off,12,79,0.0,2,1,1,2,0,2,1,0,0,0,nan
shadow_starvation,shadow_off,12,80,0.0,2,1,1,2,0,2,1,0,0,0,nan
shadow_starvation,shadow_off,12,81,0.0,2,1,1,2,0,2,1,0,0,0,nan
shadow_starvation,shadow_off,12,82,0.0,2,1,1,2,0,2,1,0,0,0,nan
shadow_starvation,shadow_off,12,83,0.0,2,1,1,2,0,2,1,0,0,0,nan
shadow_starvation,shadow_off,12,84,0.0,2,1,1,2,0,2,1,0,0,0,nan
shadow_starvation,shadow_off,12,85,0.0,2,1,1,2,0,2,1,0,0,0,nan
shadow_starvation,shadow_off,12,86,0.0,2,1,1,2,0,2,1,0,0,0,nan
shadow_starvation,shadow_off,12,87,0.0,2,1,1,2,0,2,1,0,0,0,nan
shadow_starvation,shadow_off,12,88,0.0,2,1,1,2,0,2,1,0,0,0,nan
shadow_starvation,shadow_off,12,89,0.0,2,1,1,2,0,2,1,0,0,0,nan
shadow_starvation,shadow_off,12,90,0.0,2,1,1,2,0,2,1,0,0,0,nan
shadow_starvation,shadow_off,12,91,0.0,2,1,1,2,0,2,1,0,0,0,nan
shadow_starvation,shadow_off,12,92,0.0,2,1,1,2,0,1,1,0,0,0,nan
shadow_starvation,shadow_off,12,93,0.0,2,1,1,2,0,1,1,0,0,0,nan
shadow_starvation,shadow_off,12,94,0.0,2,1,1,2,0,1,1,0,0,0,nan
shadow_starvation,shadow_off,12,95,0.0,2,1,1,2,0,1,1,0,0,0,nan
shadow_starvation,shadow_off,12,96,0.0,2,1,1,2,0,1,1,0,0,0,nan
shadow_starvation,shadow_off,12,97,0.0,2,1,1,2,0,1,1,0,0,0,nan
shadow_starvation,shadow_off,12,98,0.0,2,1,1,2,0,1,1,0,0,0,nan
shadow_starvation,shadow_off,12,99,0.0,2,1,1,2,0,1,1,0,0,0,nan
shadow_starvation,shadow_off,13,0,nan,1,1,0,0,0,0,0,0,0,0,nan
shadow_starvation,shadow_off,13,1,nan,1,1,0,0,0,0,0,0,0,0,nan
shadow_starvation,shadow_off,13,2,nan,1,1,0,0,0,0,0,0,0,0,nan
shadow_starvation,shadow_off,13,3,nan,1,0,1,0,0,0,0,0,0,0,nan
shadow_starvation,shadow_off,13,4,nan,1,0,1,0,0,0,0,0,0,0,nan
shadow_starvation,shadow_off,13,5,nan,1,0,1,0,0,0,0,0,0,0,nan
shadow_starvation,shadow_off,13,6,nan,1,0,1,0,0,0,0,0,0,0,nan
shadow_starvation,shadow_off,13,7,nan,1,0,1,0,0,0,0,0,0,0,nan
shadow_starvation,shadow_off,13,8,nan,1,0,1,0,0,0,0,0,0,0,nan
shadow_starvation,shadow_off,13,9,nan,1,0,1,0,0,0,0,0,0,0,nan
shadow_starvation,shadow_off,13,10,0.0,2,1,1,0,0,1,1,0,0,0,nan
shadow_starvation,shadow_off,13,11,0.0,2,1,1,0,0,1,1,0,0,0,nan
shadow_starvation,shadow_off,13,12,0.0,2,1,1,0,0,1,1,0,0,0,nan
shadow_starvation,shadow_off,13,13,0.0,2,1,1,0,0,1,1,0,0,0,nan
shadow_starvation,shadow_off,13,14,0.0,2,1,1,0,0,1,1,0,0,0,nan
shadow_starvation,shadow_off,13,15,0.0,2,1,1,0,0,1,1,0,0,0,nan
shadow_starvation,shadow_off,13,16,0.0,2,1,1,0,0,1,1,0,0,0,nan
shadow_starvation,shadow_off,13,17,0.0,2,1,1,0,0,1,1,0,0,0,nan
shadow_starvation,shadow_off,13,18,0.0,2,1,1,0,0,1,1,0,0,0,nan
shadow_starvation,shadow_off,13,19,0.0,2,1,1,0,0,1,1,0,0,0,nan
shadow_starvation,shadow_off,13,20,0.0,2,1,1,0,0,1,1,0,0,0,nan
shadow_starvation,shadow_off,13,21,0.0,2,1,1,0,0,1,1,0,0,0,nan
shadow_starvation,shadow_off,13,22,0.0,2,1,1,0,0,1,1,0,0,0,nan
shadow_starvation,shadow_off,13,23,0.0,2,1,1,0,0,1,1,0,0,0,nan
shadow_starvation,shadow_off,13,24,0.0,2,1,1,0,0,1,1,0,0,0,nan
shadow_starvation,shadow_off,13,25,0.0,2,1,1,0,0,1,1,0,0,0,nan
shadow_starvation,shadow_off,13,26,0.0,2,1,1,0,0,1,1,0,0,0,nan
shadow_starvation,shadow_off,13,27,0.0,2,1,1,0,0,1,1,0,0,0,nan
shadow_starvation,shadow_off,13,28,0.0,2,1,1,0,0,1,1,0,0,0,nan
shadow_starvation,shadow_off,13,29,0.0,2,1,1,0,0,1,1,0,0,0,nan
shadow_starvation,shadow_off,13,30,0.0,2,1,1,0,0,1,1,0,0,0,nan
shadow_starvation,shadow_off,13,31,0.0,2,1,1,0,0,1,1,0,0,0,nan
shadow_starvation,shadow_off,13,32,0.0,2,1,1,0,0,1,1,0,0,0,nan
shadow_starvation,shadow_off,13,33,0.0,2,1,1,0,0,1,1,0,0,0,nan
shadow_starvation,shadow_off,13,34,0.0,2,1,1,0,0,1,1,0,0,0,nan
shadow_starvation,shadow_off,13,35,0.0,2,1,1,0,0,1,1,0,0,0,nan
shadow_starvation,shadow_off,13,36,0.0,2,1,1,0,0,1,1,0,0,0,nan
shadow_starvation,shadow_off,13,37,0.0,2,1,1,0,0,1,1,0,0,0,nan
shadow_starvation,shadow_off,13,38,0.0,2,1,1,0,0,1,1,0,0,0,nan
shadow_starvation,shadow_off,13,39,0.0,2,1,1,0,0,1,1,0,0,0,nan
shadow_starvation,shadow_off,13,40,0.0,2,1,1,0,0,1,1,0,0,0,nan
shadow_starvation,shadow_off,13,41,0.0,1,0,1,1,0,1,1,0,0,0,nan
shadow_starvation,shadow_off,13,42,0.0,2,1,1,1,0,2,1,0,0,0,nan
shadow_starvation,shadow_off,13,43,0.0,2,1,1,1,0,2,1,0,0,0,nan
shadow_starvation,shadow_off,13,44,0.0,2,1,1,1,0,2,1,0,0,0,nan
shadow_starvation,shadow_off,13,45,0.0,2,1,1,1,0,2,1,0,0,0,nan
shadow_starvation,shadow_off,13,46,0.0,2,1,1,1,0,2,1,0,0,0,nan
shadow_starvation,shadow_off,13,47,0.0,2,1,1,1,0,2,1,0,0,0,nan
shadow_starvation,shadow_off,13,48,0.0,2,1,1,1,0,2,1,0,0,0,nan
shadow_starvation,shadow_off,13,49,0.0,2,1,1,1,0,2,1,0,0,0,nan
shadow_starvation,shadow_off,13,50,0.0,2,1,1,1,0,2,1,0,0,0,nan
shadow_starvation,shadow_off,13,51,0.0,2,1,1,1,0,2,1,0,0,0,nan
shadow_starvation,shadow_off,13,52,0.0,2,1,1,1,0,2,1,0,0,0,nan
shadow_starvation,shadow_off,13,53,0.0,2,1,1,1,0,2,1,0,0,0,nan
shadow_starvation,shadow_off,13,54,0.0,2,1,1,1,0,2,1,0,0,0,nan
shadow_starvation,shadow_off,13,55,0.0,2,1,1,1,0,2,1,0,0,0,nan
shadow_starvation,shadow_off,13,56,0.0,2,1,1,1,0,2,1,0,0,0,nan
shadow_starvation,shadow_off,13,57,0.0,2,1,1,1,0,2,1,0,0,0,nan
shadow_starvation,shadow_off,13,58,0.0,2,1,1,1,0,2,1,0,0,0,nan
shadow_starvation,shadow_off,13,59,0.0,2,1,1,1,0,2,1,0,0,0,nan
shadow_starvation,shadow_off,13,60,0.0,2,1,1,1,0,1,1,0,0,0,nan
shadow_starvation,shadow_off,13,61,0.0,2,1,1,1,0,1,1,0,0,0,nan
shadow_starvation,shadow_off,13,62,0.0,2,1,1,1,0,1,1,0,0,0,nan
shadow_starvation,shadow_off,13,63,0.0,2,1,1,1,0,1,1,0,0,0,nan
shadow_starvation,shadow_off,13,64,0.0,2,1,1,1,0,1,1,0,0,0,nan
shadow_starvation,shadow_off,13,65,0.0,2,1,1,1,0,1,1,0,0,0,nan
shadow_starvation,shadow_off,13,66,0.0,2,1,1,1,0,1,1,0,0,0,nan
shadow_starvation,shadow_off,13,67,0.0,2,1,1,1,0,1,1,0,0,0,nan
shadow_starvation,shadow_off,13,68,0.0,2,1,1,1,0,1,1,0,0,0,nan
shadow_starvation,shadow_off,13,69,0.0,2,1,1,1,0,1,1,0,0,0,nan
shadow_starvation,shadow_off,13,70,0.0,2,1,1,1,0,1,1,0,0,0,nan
shadow_starvation,shadow_off,13,71,0.0,2,1,1,1,0,1,1,0,0,0,nan
shadow_starvation,shadow_off,13,72,0.0,2,1,1,1,0,1,1,0,0,0,nan
shadow_starvation,shadow_off,13,73,0.0,1,0,1,2,0,1,1,0,0,0,nan
shadow_starvation,shadow_off,13,74,0.0,2,1,1,2,0,2,1,0,0,0,nan
shadow_starvation,shadow_off,13,75,0.0,2,1,1,2,0,2,1,0,0,0,nan
shadow_starvation,shadow_off,13,76,0.0,2,1,1,2,0,2,1,0,0,0,nan
shadow_starvation,shadow_off,13,77,0.0,2,1,1,2,0,2,1,0,0,0,nan
shadow_starvation,shadow_off,13,78,0.0,2,1,1,2,0,2,1,0,0,0,nan
shadow_starvation,shadow_off,13,79,0.0,2,1,1,2,0,2,1,0,0,0,nan
shadow_starvation,shadow_off,13,80,0.0,2,1,1,2,0,2,1,0,0,0,nan
shadow_starvation,shadow_off,13,81,0.0,2,1,1,2,0,2,1,0,0,0,nan
shadow_starvation,shadow_off,13,82,0.0,2,1,1,2,0,2,1,0,0,0,nan
shadow_starvation,shadow_off,13,83,0.0,2,1,1,2,0,2,1,0,0,0,nan
shadow_starvation,shadow_off,13,84,0.0,2,1,1,2,0,2,1,0,0,0,nan
shadow_starvation,shadow_off,13,85,0.0,2,1,1,2,0,2,1,0,0,0,nan
shadow_starvation,shadow_off,13,86,0.0,2,1,1,2,0,2,1,0,0,0,nan
shadow_starvation,shadow_off,13,87,0.0,2,1,1,2,0,2,1,0,0,0,nan
shadow_starvation,shadow_off,13,88,0.0,2,1,1,2,0,2,1,0,0,0,nan
shadow_starvation,shadow_off,13,89,0.0,2,1,1,2,0,2,1,0,0,0,nan
shadow_starvation,shadow_off,13,90,0.0,2,1,1,2,0,2,1,0,0,0,nan
shadow_starvation,shadow_off,13,91,0.0,2,1,1,2,0,2,1,0,0,0,nan
shadow_starvation,shadow_off,13,92,0.0,2,1,1,2,0,1,1,0,0,0,nan
shadow_starvation,shadow_off,13,93,0.0,2,1,1,2,0,1,1,0,0,0,nan
shadow_starvation,shadow_off,13,94,0.0,2,1,1,2,0,1,1,0,0,0,nan
shadow_starvation,shadow_off,13,95,0.0,2,1,1,2,0,1,1,0,0,0,nan
shadow_starvation,shadow_off,13,96,0.0,2,1,1,2,0,1,1,0,0,0,nan
shadow_starvation,shadow_off,13,97,0.0,2,1,1,2,0,1,1,0,0,0,nan
shadow_starvation,shadow_off,13,98,0.0,2,1,1,2,0,1,1,0,0,0,nan
shadow_starvation,shadow_off,13,99,0.0,2,1,1,2,0,1,1,0,0,0,nan
shadow_starvation,shadow_off,14,0,nan,1,1,0,0,0,0,0,0,0,0,nan
shadow_starvation,shadow_off,14,1,nan,1,1,0,0,0,0,0,0,0,0,nan
shadow_starvation,shadow_off,14,2,nan,1,1,0,0,0,0,0,0,0,0,nan
shadow_starvation,shadow_off,14,3,nan,1,0,1,0,0,0,0,0,0,0,nan
shadow_starvation,shadow_off,14,4,nan,1,0,1,0,0,0,0,0,0,0,nan
shadow_starvation,shadow_off,14,5,nan,1,0,1,0,0,0,0,0,0,0,nan
shadow_starvation,shadow_off,14,6,nan,1,0,1,0,0,0,0,0,0,0,nan
shadow_starvation,shadow_off,14,7,nan,1,0,1,0,0,0,0,0,0,0,nan
shadow_starvation,shadow_off,14,8,nan,1,0,1,0,0,0,0,0,0,0,nan
shadow_starvation,shadow_off,14,9,nan,1,0,1,0,0,0,0,0,0,0,nan
shadow_starvation,shadow_off,14,10,0.0,2,1,1,0,0,1,1,0,0,0,nan
shadow_starvation,shadow_off,14,11,0.0,2,1,1,0,0,1,1,0,0,0,nan
shadow_starvation,shadow_off,14,12,0.0,2,1,1,0,0,1,1,0,0,0,nan
shadow_starvation,shadow_off,14,13,0.0,2,1,1,0,0,1,1,0,0,0,nan
shadow_starvation,shadow_off,14,14,0.0,2,1,1,0,0,1,1,0,0,0,nan
shadow_starvation,shadow_off,14,15,0.0,2,1,1,0,0,1,1,0,0,0,nan
shadow_starvation,shadow_off,14,16,0.0,2,1,1,0,0,1,1,0,0,0,nan
shadow_starvation,shadow_off,14,17,0.0,2,1,1,0,0,1,1,0,0,0,nan
shadow_starvation,shadow_off,14,18,0.0,2,1,1,0,0,1,1,0,0,0,nan
shadow_starvation,shadow_off,14,19,0.0,2,1,1,0,0,1,1,0,0,0,nan
shadow_starvation,shadow_off,14,20,0.0,2,1,1,0,0,1,1,0,0,0,nan
shadow_starvation,shadow_off,14,21,0.0,2,1,1,0,0,1,1,0,0,0,nan
shadow_starvation,shadow_off,14,22,0.0,2,1,1,0,0,1,1,0,0,0,nan
shadow_starvation,shadow_off,14,23,0.0,2,1,1,0,0,1,1,0,0,0,nan
shadow_starvation,shadow_off,14,24,0.0,2,1,1,0,0,1,1,0,0,0,nan
shadow_starvation,shadow_off,14,25,0.0,2,1,1,0,0,1,1,0,0,0,nan
shadow_starvation,shadow_off,14,26,0.0,2,1,1,0,0,1,1,0,0,0,nan
shadow_starvation,shadow_off,14,27,0.0,2,1,1,0,0,1,1,0,0,0,nan
shadow_starvation,shadow_off,14,28,0.0,2,1,1,0,0,1,1,0,0,0,nan
shadow_starvation,shadow_off,14,29,0.0,2,1,1,0,0,1,1,0,0,0,nan
shadow_starvation,shadow_off,14,30,0.0,2,1,1,0,0,1,1,0,0,0,nan
shadow_starvation,shadow_off,14,31,0.0,2,1,1,0,0,1,1,0,0,0,nan
shadow_starvation,shadow_off,14,32,0.0,2,1,1,0,0,1,1,0,0,0,nan
shadow_starvation,shadow_off,14,33,0.0,2,1,1,0,0,1,1,0,0,0,nan
shadow_starvation,shadow_off,14,34,0.0,2,1,1,0,0,1,1,0,0,0,nan
shadow_starvation,shadow_off,14,35,0.0,2,1,1,0,0,1,1,0,0,0,nan
shadow_starvation,shadow_off,14,36,0.0,2,1,1,0,0,1,1,0,0,0,nan
shadow_starvation,shadow_off,14,37,0.0,2,1,1,0,0,1,1,0,0,0,nan
shadow_starvation,shadow_off,14,38,0.0,2,1,1,0,0,1,1,0,0,0,nan
shadow_starvation,shadow_off,14,39,0.0,2,1,1,0,0,1,1,0,0,0,nan
shadow_starvation,shadow_off,14,40,0.0,2,1,1,0,0,1,1,0,0,0,nan
shadow_starvation,shadow_off,14,41,0.0,1,0,1,1,0,1,1,0,0,0,nan
shadow_starvation,shadow_off,14,42,0.0,2,1,1,1,0,2,1,0,0,0,nan
shadow_starvation,shadow_off,14,43,0.0,2,1,1,1,0,2,1,0,0,0,nan
shadow_starvation,shadow_off,14,44,0.0,2,1,1,1,0,2,1,0,0,0,nan
shadow_starvation,shadow_off,14,45,0.0,2,1,1,1,0,2,1,0,0,0,nan
shadow_starvation,shadow_off,14,46,0.0,2,1,1,1,0,2,1,0,0,0,nan
shadow_starvation,shadow_off,14,47,0.0,2,1,1,1,0,2,1,0,0,0,nan
shadow_starvation,shadow_off,14,48,0.0,2,1,1,1,0,2,1,0,0,0,nan
shadow_starvation,shadow_off,14,49,0.0,2,1,1,1,0,2,1,0,0,0,nan
shadow_starvation,shadow_off,14,50,0.0,2,1,1,1,0,2,1,0,0,0,nan
shadow_starvation,shadow_off,14,51,0.0,2,1,1,1,0,2,1,0,0,0,nan
shadow_starvation,shadow_off,14,52,0.0,2,1,1,1,0,2,1,0,0,0,nan
shadow_starvation,shadow_off,14,53,0.0,2,1,1,1,0,2,1,0,0,0,nan
shadow_starvation,shadow_off,14,54,0.0,2,1,1,1,0,2,1,0,0,0,nan
shadow_starvation,shadow_off,14,55,0.0,2,1,1,1,0,2,1,0,0,0,nan
shadow_starvation,shadow_off,14,56,0.0,2,1,1,1,0,2,1,0,0,0,nan
shadow_starvation,shadow_off,14,57,0.0,2,1,1,1,0,2,1,0,0,0,nan
shadow_starvation,shadow_off,14,58,0.0,2,1,1,1,0,2,1,0,0,0,nan
shadow_starvation,shadow_off,14,59,0.0,2,1,1,1,0,2,1,0,0,0,nan
shadow_starvation,shadow_off,14,60,0.0,2,1,1,1,0,1,1,0,0,0,nan
shadow_starvation,shadow_off,14,61,0.0,2,1,1,1,0,1,1,0,0,0,nan
shadow_starvation,shadow_off,14,62,0.0,2,1,1,1,0,1,1,0,0,0,nan
shadow_starvation,shadow_off,14,63,0.0,2,1,1,1,0,1,1,0,0,0,nan
shadow_starvation,shadow_off,14,64,0.0,2,1,1,1,0,1,1,0,0,0,nan
shadow_starvation,shadow_off,14,65,0.0,2,1,1,1,0,1,1,0,0,0,nan
shadow_starvation,shadow_off,14,66,0.0,2,1,1,1,0,1,1,0,0,0,nan
shadow_starvation,shadow_off,14,67,0.0,2,1,1,1,0,1,1,0,0,0,nan
shadow_starvation,shadow_off,14,68,0.0,2,1,1,1,0,1,1,0,0,0,nan
shadow_starvation,shadow_off,14,69,0.0,2,1,1,1,0,1,1,0,0,0,nan
shadow_starvation,shadow_off,14,70,0.0,2,1,1,1,0,1,1,0,0,0,nan
shadow_starvation,shadow_off,14,71,0.0,2,1,1,1,0,1,1,0,0,0,nan
shadow_starvation,shadow_off,14,72,0.0,2,1,1,1,0,1,1,0,0,0,nan
shadow_starvation,shadow_off,14,73,0.0,1,0,1,2,0,1,1,0,0,0,nan
shadow_starvation,shadow_off,14,74,0.0,2,1,1,2,0,2,1,0,0,0,nan
shadow_starvation,shadow_off,14,75,0.0,2,1,1,2,0,2,1,0,0,0,nan
shadow_starvation,shadow_off,14,76,0.0,2,1,1,2,0,2,1,0,0,0,nan
shadow_starvation,shadow_off,14,77,0.0,2,1,1,2,0,2,1,0,0,0,nan
shadow_starvation,shadow_off,14,78,0.0,2,1,1,2,0,2,1,0,0,0,nan
shadow_starvation,shadow_off,14,79,0.0,2,1,1,2,0,2,1,0,0,0,nan
shadow_starvation,shadow_off,14,80,0.0,2,1,1,2,0,2,1,0,0,0,nan
shadow_starvation,shadow_off,14,81,0.0,2,1,1,2,0,2,1,0,0,0,nan
shadow_starvation,shadow_off,14,82,0.0,2,1,1,2,0,2,1,0,0,0,nan
shadow_starvation,shadow_off,14,83,0.0,2,1,1,2,0,2,1,0,0,0,nan
shadow_starvation,shadow_off,14,84,0.0,2,1,1,2,0,2,1,0,0,0,nan
shadow_starvation,shadow_off,14,85,0.0,2,1,1,2,0,2,1,0,0,0,nan
shadow_starvation,shadow_off,14,86,0.0,2,1,1,2,0,2,1,0,0,0,nan
shadow_starvation,shadow_off,14,87,0.0,2,1,1,2,0,2,1,0,0,0,nan
shadow_starvation,shadow_off,14,88,0.0,2,1,1,2,0,2,1,0,0,0,nan
shadow_starvation,shadow_off,14,89,0.0,2,1,1,2,0,2,1,0,0,0,nan
shadow_starvation,shadow_off,14,90,0.0,2,1,1,2,0,2,1,0,0,0,nan
shadow_starvation,shadow_off,14,91,0.0,2,1,1,2,0,2,1,0,0,0,nan
shadow_starvation,shadow_off,14,92,0.0,2,1,1,2,0,1,1,0,0,0,nan
shadow_starvation,shadow_off,14,93,0.0,2,1,1,2,0,1,1,0,0,0,nan
shadow_starvation,shadow_off,14,94,0.0,2,1,1,2,0,1,1,0,0,0,nan
shadow_starvation,shadow_off,14,95,0.0,2,1,1,2,0,1,1,0,0,0,nan
shadow_starvation,shadow_off,14,96,0.0,2,1,1,2,0,1,1,0,0,0,nan
shadow_starvation,shadow_off,14,97,0.0,2,1,1,2,0,1,1,0,0,0,nan
shadow_starvation,shadow_off,14,98,0.0,2,1,1,2,0,1,1,0,0,0,nan
shadow_starvation,shadow_off,14,99,0.0,2,1,1,2,0,1,1,0,0,0,nan
shadow_starvation,shadow_off,15,0,nan,1,1,0,0,0,0,0,0,0,0,nan
shadow_starvation,shadow_off,15,1,nan,1,1,0,0,0,0,0,0,0,0,nan
shadow_starvation,shadow_off,15,2,nan,1,1,0,0,0,0,0,0,0,0,nan
shadow_starvation,shadow_off,15,3,nan,1,0,1,0,0,0,0,0,0,0,nan
shadow_starvation,shadow_off,15,4,nan,1,0,1,0,0,0,0,0,0,0,nan
shadow_starvation,shadow_off,15,5,nan,1,0,1,0,0,0,0,0,0,0,nan
shadow_starvation,shadow_off,15,6,nan,1,0,1,0,0,0,0,0,0,0,nan
shadow_starvation,shadow_off,15,7,nan,1,0,1,0,0,0,0,0,0,0,nan
shadow_starvation,shadow_off,15,8,nan,1,0,1,0,0,0,0,0,0,0,nan
shadow_starvation,shadow_off,15,9,nan,1,0,1,0,0,0,0,0,0,0,nan
shadow_starvation,shadow_off,15,10,0.0,2,1,1,0,0,1,1,0,0,0,nan
shadow_starvation,shadow_off,15,11,0.0,2,1,1,0,0,1,1,0,0,0,nan
shadow_starvation,shadow_off,15,12,0.0,2,1,1,0,0,1,1,0,0,0,nan
shadow_starvation,shadow_off,15,13,0.0,2,1,1,0,0,1,1,0,0,0,nan
shadow_starvation,shadow_off,15,14,0.0,2,1,1,0,0,1,1,0,0,0,nan
shadow_starvation,shadow_off,15,15,0.0,2,1,1,0,0,1,1,0,0,0,nan
shadow_starvation,shadow_off,15,16,0.0,2,1,1,0,0,1,1,0,0,0,nan
shadow_starvation,shadow_off,15,17,0.0,2,1,1,0,0,1,1,0,0,0,nan
shadow_starvation,shadow_off,15,18,0.0,2,1,1,0,0,1,1,0,0,0,nan
shadow_starvation,shadow_off,15,19,0.0,2,1,1,0,0,1,1,0,0,0,nan
shadow_starvation,shadow_off,15,20,0.0,2,1,1,0,0,1,1,0,0,0,nan
shadow_starvation,shadow_off,15,21,0.0,2,1,1,0,0,1,1,0,0,0,nan
shadow_starvation,shadow_off,15,22,0.0,2,1,1,0,0,1,1,0,0,0,nan
shadow_starvation,shadow_off,15,23,0.0,2,1,1,0,0,1,1,0,0,0,nan
shadow_starvation,shadow_off,15,24,0.0,2,1,1,0,0,1,1,0,0,0,nan
shadow_starvation,shadow_off,15,25,0.0,2,1,1,0,0,1,1,0,0,0,nan
shadow_starvation,shadow_off,15,26,0.0,2,1,1,0,0,1,1,0,0,0,nan
shadow_starvation,shadow_off,15,27,0.0,2,1,1,0,0,1,1,0,0,0,nan
shadow_starvation,shadow_off,15,28,0.0,2,1,1,0,0,1,1,0,0,0,nan
shadow_starvation,shadow_off,15,29,0.0,2,1,1,0,0,1,1,0,0,0,nan
shadow_starvation,shadow_off,15,30,0.0,2,1,1,0,0,1,1,0,0,0,nan
shadow_starvation,shadow_off,15,31,0.0,2,1,1,0,0,1,1,0,0,0,nan
shadow_starvation,shadow_off,15,32,0.0,2,1,1,0,0,1,1,0,0,0,nan
shadow_starvation,shadow_off,15,33,0.0,2,1,1,0,0,1,1,0,0,0,nan
shadow_starvation,shadow_off,15,34,0.0,2,1,1,0,0,1,1,0,0,0,nan
shadow_starvation,shadow_off,15,35,0.0,2,1,1,0,0,1,1,0,0,0,nan
shadow_starvation,shadow_off,15,36,0.0,2,1,1,0,0,1,1,0,0,0,nan
shadow_starvation,shadow_off,15,37,0.0,2,1,1,0,0,1,1,0,0,0,nan
shadow_starvation,shadow_off,15,38,0.0,2,1,1,0,0,1,1,0,0,0,nan
shadow_starvation,shadow_off,15,39,0.0,2,1,1,0,0,1,1,0,0,0,nan
shadow_starvation,shadow_off,15,40,0.0,2,1,1,0,0,1,1,0,0,0,nan
shadow_starvation,shadow_off,15,41,0.0,1,0,1,1,0,1,1,0,0,0,nan
shadow_starvation,shadow_off,15,42,0.0,2,1,1,1,0,2,1,0,0,0,nan
shadow_starvation,shadow_off,15,43,0.0,2,1,1,1,0,2,1,0,0,0,nan
shadow_starvation,shadow_off,15,44,0.0,2,1,1,1,0,2,1,0,0,0,nan
shadow_starvation,shadow_off,15,45,0.0,2,1,1,1,0,2,1,0,0,0,nan
shadow_starvation,shadow_off,15,46,0.0,2,1,1,1,0,2,1,0,0,0,nan
shadow_starvation,shadow_off,15,47,0.0,2,1,1,1,0,2,1,0,0,0,nan
shadow_starvation,shadow_off,15,48,0.0,2,1,1,1,0,2,1,0,0,0,nan
shadow_starvation,shadow_off,15,49,0.0,2,1,1,1,0,2,1,0,0,0,nan
shadow_starvation,shadow_off,15,50,0.0,2,1,1,1,0,2,1,0,0,0,nan
shadow_starvation,shadow_off,15,51,0.0,2,1,1,1,0,2,1,0,0,0,nan
shadow_starvation,shadow_off,15,52,0.0,2,1,1,1,0,2,1,0,0,0,nan
shadow_starvation,shadow_off,15,53,0.0,2,1,1,1,0,2,1,0,0,0,nan
shadow_starvation,shadow_off,15,54,0.0,2,1,1,1,0,2,1,0,0,0,nan
shadow_starvation,shadow_off,15,55,0.0,2,1,1,1,0,2,1,0,0,0,nan
shadow_starvation,shadow_off,15,56,0.0,2,1,1,1,0,2,1,0,0,0,nan
shadow_starvation,shadow_off,15,57,0.0,2,1,1,1,0,2,1,0,0,0,nan
shadow_starvation,shadow_off,15,58,0.0,2,1,1,1,0,2,1,0,0,0,nan
shadow_starvation,shadow_off,15,59,0.0,2,1,1,1,0,2,1,0,0,0,nan
shadow_starvation,shadow_off,15,60,0.0,2,1,1,1,0,1,1,0,0,0,nan
shadow_starvation,shadow_off,15,61,0.0,2,1,1,1,0,1,1,0,0,0,nan
shadow_starvation,shadow_off,15,62,0.0,2,1,1,1,0,1,1,0,0,0,nan
shadow_starvation,shadow_off,15,63,0.0,2,1,1,1,0,1,1,0,0,0,nan
shadow_starvation,shadow_off,15,64,0.0,2,1,1,1,0,1,1,0,0,0,nan
shadow_starvation,shadow_off,15,65,0.0,2,1,1,1,0,1,1,0,0,0,nan
shadow_starvation,shadow_off,15,66,0.0,2,1,1,1,0,1,1,0,0,0,nan
shadow_starvation,shadow_off,15,67,0.0,2,1,1,1,0,1,1,0,0,0,nan
shadow_starvation,shadow_off,15,68,0.0,2,1,1,1,0,1,1,0,0,0,nan
shadow_starvation,shadow_off,15,69,0.0,2,1,1,1,0,1,1,0,0,0,nan
shadow_starvation,shadow_off,15,70,0.0,2,1,1,1,0,1,1,0,0,0,nan
shadow_starvation,shadow_off,15,71,0.0,2,1,1,1,0,1,1,0,0,0,nan
shadow_starvation,shadow_off,15,72,0.0,2,1,1,1,0,1,1,0,0,0,nan
shadow_starvation,shadow_off,15,73,0.0,1,0,1,2,0,1,1,0,0,0,nan
shadow_starvation,shadow_off,15,74,0.0,2,1,1,2,0,2,1,0,0,0,nan
shadow_starvation,shadow_off,15,75,0.0,2,1,1,2,0,2,1,0,0,0,nan
shadow_starvation,shadow_off,15,76,0.0,2,1,1,2,0,2,1,0,0,0,nan
shadow_starvation,shadow_off,15,77,0.0,2,1,1,2,0,2,1,0,0,0,nan
shadow_starvation,shadow_off,15,78,0.0,2,1,1,2,0,2,1,0,0,0,nan
shadow_starvation,shadow_off,15,79,0.0,2,1,1,2,0,2,1,0,0,0,nan
shadow_starvation,shadow_off,15,80,0.0,2,1,1,2,0,2,1,0,0,0,nan
shadow_starvation,shadow_off,15,81,0.0,2,1,1,2,0,2,1,0,0,0,nan
shadow_starvation,shadow_off,15,82,0.0,2,1,1,2,0,2,1,0,0,0,nan
shadow_starvation,shadow_off,15,83,0.0,2,1,1,2,0,2,1,0,0,0,nan
shadow_starvation,shadow_off,15,84,0.0,2,1,1,2,0,2,1,0,0,0,nan
shadow_starvation,shadow_off,15,85,0.0,2,1,1,2,0,2,1,0,0,0,nan
shadow_starvation,shadow_off,15,86,0.0,2,1,1,2,0,2,1,0,0,0,nan
shadow_starvation,shadow_off,15,87,0.0,2,1,1,2,0,2,1,0,0,0,nan
shadow_starvation,shadow_off,15,88,0.0,2,1,1,2,0,2,1,0,0,0,nan
shadow_starvation,shadow_off,15,89,0.0,2,1,1,2,0,2,1,0,0,0,nan
shadow_starvation,shadow_off,15,90,0.0,2,1,1,2,0,2,1,0,0,0,nan
shadow_starvation,shadow_off,15,91,0.0,2,1,1,2,0,2,1,0,0,0,nan
shadow_starvation,shadow_off,15,92,0.0,2,1,1,2,0,1,1,0,0,0,nan
shadow_starvation,shadow_off,15,93,0.0,2,1,1,2,0,1,1,0,0,0,nan
shadow_starvation,shadow_off,15,94,0.0,2,1,1,2,0,1,1,0,0,0,nan
shadow_starvation,shadow_off,15,95,0.0,2,1,1,2,0,1,1,0,0,0,nan
shadow_starvation,shadow_off,15,96,0.0,2,1,1,2,0,1,1,0,0,0,nan
shadow_starvation,shadow_off,15,97,0.0,2,1,1,2,0,1,1,0,0,0,nan
shadow_starvation,shadow_off,15,98,0.0,2,1,1,2,0,1,1,0,0,0,nan
shadow_starvation,shadow_off,15,99,0.0,2,1,1,2,0,1,1,0,0,0,nan
shadow_starvation,shadow_off,16,0,nan,1,1,0,0,0,0,0,0,0,0,nan
shadow_starvation,shadow_off,16,1,nan,1,1,0,0,0,0,0,0,0,0,nan
shadow_starvation,shadow_off,16,2,nan,1,1,0,0,0,0,0,0,0,0,nan
shadow_starvation,shadow_off,16,3,nan,1,0,1,0,0,0,0,0,0,0,nan
shadow_starvation,shadow_off,16,4,nan,1,0,1,0,0,0,0,0,0,0,nan
shadow_starvation,shadow_off,16,5,nan,1,0,1,0,0,0,0,0,0,0,nan
shadow_starvation,shadow_off,16,6,nan,1,0,1,0,0,0,0,0,0,0,nan
shadow_starvation,shadow_off,16,7,nan,1,0,1,0,0,0,0,0,0,0,nan
shadow_starvation,shadow_off,16,8,nan,1,0,1,0,0,0,0,0,0,0,nan
shadow_starvation,shadow_off,16,9,nan,1,0,1,0,0,0,0,0,0,0,nan
shadow_starvation,shadow_off,16,10,0.0,2,1,1,0,0,1,1,0,0,0,nan
shadow_starvation,shadow_off,16,11,0.0,2,1,1,0,0,1,1,0,0,0,nan
shadow_starvation,shadow_off,16,12,0.0,2,1,1,0,0,1,1,0,0,0,nan
shadow_starvation,shadow_off,16,13,0.0,2,1,1,0,0,1,1,0,0,0,nan
shadow_starvation,shadow_off,16,14,0.0,2,1,1,0,0,1,1,0,0,0,nan
shadow_starvation,shadow_off,16,15,0.0,2,1,1,0,0,1,1,0,0,0,nan
shadow_starvation,shadow_off,16,16,0.0,2,1,1,0,0,1,1,0,0,0,nan
shadow_starvation,shadow_off,16,17,0.0,2,1,1,0,0,1,1,0,0,0,nan
shadow_starvation,shadow_off,16,18,0.0,2,1,1,0,0,1,1,0,0,0,nan
shadow_starvation,shadow_off,16,19,0.0,2,1,1,0,0,1,1,0,0,0,nan
shadow_starvation,shadow_off,16,20,0.0,2,1,1,0,0,1,1,0,0,0,nan
shadow_starvation,shadow_off,16,21,0.0,2,1,1,0,0,1,1,0,0,0,nan
shadow_starvation,shadow_off,16,22,0.0,2,1,1,0,0,1,1,0,0,0,nan
shadow_starvation,shadow_off,16,23,0.0,2,1,1,0,0,1,1,0,0,0,nan
shadow_starvation,shadow_off,16,24,0.0,2,1,1,0,0,1,1,0,0,0,nan
shadow_starvation,shadow_off,16,25,0.0,2,1,1,0,0,1,1,0,0,0,nan
shadow_starvation,shadow_off,16,26,0.0,2,1,1,0,0,1,1,0,0,0,nan
shadow_starvation,shadow_off,16,27,0.0,2,1,1,0,0,1,1,0,0,0,nan
shadow_starvation,shadow_off,16,28,0.0,2,1,1,0,0,1,1,0,0,0,nan
shadow_starvation,shadow_off,16,29,0.0,2,1,1,0,0,1,1,0,0,0,nan
shadow_starvation,shadow_off,16,30,0.0,2,1,1,0,0,1,1,0,0,0,nan
shadow_starvation,shadow_off,16,31,0.0,2,1,1,0,0,1,1,0,0,0,nan
shadow_starvation,shadow_off,16,32,0.0,2,1,1,0,0,1,1,0,0,0,nan
shadow_starvation,shadow_off,16,33,0.0,2,1,1,0,0,1,1,0,0,0,nan
shadow_starvation,shadow_off,16,34,0.0,2,1,1,0,0,1,1,0,0,0,nan
shadow_starvation,shadow_off,16,35,0.0,2,1,1,0,0,1,1,0,0,0,nan
shadow_starvation,shadow_off,16,36,0.0,2,1,1,0,0,1,1,0,0,0,nan
shadow_starvation,shadow_off,16,37,0.0,2,1,1,0,0,1,1,0,0,0,nan
shadow_starvation,shadow_off,16,38,0.0,2,1,1,0,0,1,1,0,0,0,nan
shadow_starvation,shadow_off,16,39,0.0,2,1,1,0,0,1,1,0,0,0,nan
shadow_starvation,shadow_off,16,40,0.0,2,1,1,0,0,1,1,0,0,0,nan
shadow_starvation,shadow_off,16,41,0.0,1,0,1,1,0,1,1,0,0,0,nan
shadow_starvation,shadow_off,16,42,0.0,2,1,1,1,0,2,1,0,0,0,nan
shadow_starvation,shadow_off,16,43,0.0,2,1,1,1,0,2,1,0,0,0,nan
shadow_starvation,shadow_off,16,44,0.0,2,1,1,1,0,2,1,0,0,0,nan
shadow_starvation,shadow_off,16,45,0.0,2,1,1,1,0,2,1,0,0,0,nan
shadow_starvation,shadow_off,16,46,0.0,2,1,1,1,0,2,1,0,0,0,nan
shadow_starvation,shadow_off,16,47,0.0,2,1,1,1,0,2,1,0,0,0,nan
shadow_starvation,shadow_off,16,48,0.0,2,1,1,1,0,2,1,0,0,0,nan
shadow_starvation,shadow_off,16,49,0.0,2,1,1,1,0,2,1,0,0,0,nan
shadow_starvation,shadow_off,16,50,0.0,2,1,1,1,0,2,1,0,0,0,nan
shadow_starvation,shadow_off,16,51,0.0,2,1,1,1,0,2,1,0,0,0,nan
shadow_starvation,shadow_off,16,52,0.0,2,1,1,1,0,2,1,0,0,0,nan
shadow_starvation,shadow_off,16,53,0.0,2,1,1,1,0,2,1,0,0,0,nan
shadow_starvation,shadow_off,16,54,0.0,2,1,1,1,0,2,1,0,0,0,nan
shadow_starvation,shadow_off,16,55,0.0,2,1,1,1,0,2,1,0,0,0,nan
shadow_starvation,shadow_off,16,56,0.0,2,1,1,1,0,2,1,0,0,0,nan
shadow_starvation,shadow_off,16,57,0.0,2,1,1,1,0,2,1,0,0,0,nan
shadow_starvation,shadow_off,16,58,0.0,2,1,1,1,0,2,1,0,0,0,nan
shadow_starvation,shadow_off,16,59,0.0,2,1,1,1,0,2,1,0,0,0,nan
shadow_starvation,shadow_off,16,60,0.0,2,1,1,1,0,1,1,0,0,0,nan
shadow_starvation,shadow_off,16,61,0.0,2,1,1,1,0,1,1,0,0,0,nan
shadow_starvation,shadow_off,16,62,0.0,2,1,1,1,0,1,1,0,0,0,nan
shadow_starvation,shadow_off,16,63,0.0,2,1,1,1,0,1,1,0,0,0,nan
shadow_starvation,shadow_off,16,64,0.0,2,1,1,1,0,1,1,0,0,0,nan
shadow_starvation,shadow_off,16,65,0.0,2,1,1,1,0,1,1,0,0,0,nan
shadow_starvation,shadow_off,16,66,0.0,2,1,1,1,0,1,1,0,0,0,nan
shadow_starvation,shadow_off,16,67,0.0,2,1,1,1,0,1,1,0,0,0,nan
shadow_starvation,shadow_off,16,68,0.0,2,1,1,1,0,1,1,0,0,0,nan
shadow_starvation,shadow_off,16,69,0.0,2,1,1,1,0,1,1,0,0,0,nan
shadow_starvation,shadow_off,16,70,0.0,2,1,1,1,0,1,1,0,0,0,nan
shadow_starvation,shadow_off,16,71,0.0,2,1,1,1,0,1,1,0,0,0,nan
shadow_starvation,shadow_off,16,72,0.0,2,1,1,1,0,1,1,0,0,0,nan
shadow_starvation,shadow_off,16,73,0.0,1,0,1,2,0,1,1,0,0,0,nan
shadow_starvation,shadow_off,16,74,0.0,2,1,1,2,0,2,1,0,0,0,nan
shadow_starvation,shadow_off,16,75,0.0,2,1,1,2,0,2,1,0,0,0,nan
shadow_starvation,shadow_off,16,76,0.0,2,1,1,2,0,2,1,0,0,0,nan
shadow_starvation,shadow_off,16,77,0.0,2,1,1,2,0,2,1,0,0,0,nan
shadow_starvation,shadow_off,16,78,0.0,2,1,1,2,0,2,1,0,0,0,nan
shadow_starvation,shadow_off,16,79,0.0,2,1,1,2,0,2,1,0,0,0,nan
shadow_starvation,shadow_off,16,80,0.0,2,1,1,2,0,2,1,0,0,0,nan
shadow_starvation,shadow_off,16,81,0.0,2,1,1,2,0,2,1,0,0,0,nan
shadow_starvation,shadow_off,16,82,0.0,2,1,1,2,0,2,1,0,0,0,nan
shadow_starvation,shadow_off,16,83,0.0,2,1,1,2,0,2,1,0,0,0,nan
shadow_starvation,shadow_off,16,84,0.0,2,1,1,2,0,2,1,0,0,0,nan
shadow_starvation,shadow_off,16,85,0.0,2,1,1,2,0,2,1,0,0,0,nan
shadow_starvation,shadow_off,16,86,0.0,2,1,1,2,0,2,1,0,0,0,nan
shadow_starvation,shadow_off,16,87,0.0,2,1,1,2,0,2,1,0,0,0,nan
shadow_starvation,shadow_off,16,88,0.0,2,1,1,2,0,2,1,0,0,0,nan
shadow_starvation,shadow_off,16,89,0.0,2,1,1,2,0,2,1,0,0,0,nan
shadow_starvation,shadow_off,16,90,0.0,2,1,1,2,0,2,1,0,0,0,nan
shadow_starvation,shadow_off,16,91,0.0,2,1,1,2,0,2,1,0,0,0,nan
shadow_starvation,shadow_off,16,92,0.0,2,1,1,2,0,1,1,0,0,0,nan
shadow_starvation,shadow_off,16,93,0.0,2,1,1,2,0,1,1,0,0,0,nan
shadow_starvation,shadow_off,16,94,0.0,2,1,1,2,0,1,1,0,0,0,nan
shadow_starvation,shadow_off,16,95,0.0,2,1,1,2,0,1,1,0,0,0,nan
shadow_starvation,shadow_off,16,96,0.0,2,1,1,2,0,1,1,0,0,0,nan
shadow_starvation,shadow_off,16,97,0.0,2,1,1,2,0,1,1,0,0,0,nan
shadow_starvation,shadow_off,16,98,0.0,2,1,1,2,0,1,1,0,0,0,nan
shadow_starvation,shadow_off,16,99,0.0,2,1,1,2,0,1,1,0,0,0,nan
shadow_starvation,shadow_off,17,0,nan,1,1,0,0,0,0,0,0,0,0,nan
shadow_starvation,shadow_off,17,1,nan,1,1,0,0,0,0,0,0,0,0,nan
shadow_starvation,shadow_off,17,2,nan,1,1,0,0,0,0,0,0,0,0,nan
shadow_starvation,shadow_off,17,3,nan,1,0,1,0,0,0,0,0,0,0,nan
shadow_starvation,shadow_off,17,4,nan,1,0,1,0,0,0,0,0,0,0,nan
shadow_starvation,shadow_off,17,5,nan,1,0,1,0,0,0,0,0,0,0,nan
shadow_starvation,shadow_off,17,6,nan,1,0,1,0,0,0,0,0,0,0,nan
shadow_starvation,shadow_off,17,7,nan,1,0,1,0,0,0,0,0,0,0,nan
shadow_starvation,shadow_off,17,8,nan,1,0,1,0,0,0,0,0,0,0,nan
shadow_starvation,shadow_off,17,9,nan,1,0,1,0,0,0,0,0,0,0,nan
shadow_starvation,shadow_off,17,10,0.0,2,1,1,0,0,1,1,0,0,0,nan
shadow_starvation,shadow_off,17,11,0.0,2,1,1,0,0,1,1,0,0,0,nan
shadow_starvation,shadow_off,17,12,0.0,2,1,1,0,0,1,1,0,0,0,nan
shadow_starvation,shadow_off,17,13,0.0,2,1,1,0,0,1,1,0,0,0,nan
shadow_starvation,shadow_off,17,14,0.0,2,1,1,0,0,1,1,0,0,0,nan
shadow_starvation,shadow_off,17,15,0.0,2,1,1,0,0,1,1,0,0,0,nan
shadow_starvation,shadow_off,17,16,0.0,2,1,1,0,0,1,1,0,0,0,nan
shadow_starvation,shadow_off,17,17,0.0,2,1,1,0,0,1,1,0,0,0,nan
shadow_starvation,shadow_off,17,18,0.0,2,1,1,0,0,1,1,0,0,0,nan
shadow_starvation,shadow_off,17,19,0.0,2,1,1,0,0,1,1,0,0,0,nan
shadow_starvation,shadow_off,17,20,0.0,2,1,1,0,0,1,1,0,0,0,nan
shadow_starvation,shadow_off,17,21,0.0,2,1,1,0,0,1,1,0,0,0,nan
shadow_starvation,shadow_off,17,22,0.0,2,1,1,0,0,1,1,0,0,0,nan
shadow_starvation,shadow_off,17,23,0.0,2,1,1,0,0,1,1,0,0,0,nan
shadow_starvation,shadow_off,17,24,0.0,2,1,1,0,0,1,1,0,0,0,nan
shadow_starvation,shadow_off,17,25,0.0,2,1,1,0,0,1,1,0,0,0,nan
shadow_starvation,shadow_off,17,26,0.0,2,1,1,0,0,1,1,0,0,0,nan
shadow_starvation,shadow_off,17,27,0.0,2,1,1,0,0,1,1,0,0,0,nan
shadow_starvation,shadow_off,17,28,0.0,2,1,1,0,0,1,1,0,0,0,nan
shadow_starvation,shadow_off,17,29,0.0,2,1,1,0,0,1,1,0,0,0,nan
shadow_starvation,shadow_off,17,30,0.0,2,1,1,0,0,1,1,0,0,0,nan
shadow_starvation,shadow_off,17,31,0.0,2,1,1,0,0,1,1,0,0,0,nan
shadow_starvation,shadow_off,17,32,0.0,2,1,1,0,0,1,1,0,0,0,nan
shadow_starvation,shadow_off,17,33,0.0,2,1,1,0,0,1,1,0,0,0,nan
shadow_starvation,shadow_off,17,34,0.0,2,1,1,0,0,1,1,0,0,0,nan
shadow_starvation,shadow_off,17,35,0.0,2,1,1,0,0,1,1,0,0,0,nan
shadow_starvation,shadow_off,17,36,0.0,2,1,1,0,0,1,1,0,0,0,nan
shadow_starvation,shadow_off,17,37,0.0,2,1,1,0,0,1,1,0,0,0,nan
shadow_starvation,shadow_off,17,38,0.0,2,1,1,0,0,1,1,0,0,0,nan
shadow_starvation,shadow_off,17,39,0.0,2,1,1,0,0,1,1,0,0,0,nan
shadow_starvation,shadow_off,17,40,0.0,2,1,1,0,0,1,1,0,0,0,nan
shadow_starvation,shadow_off,17,41,0.0,1,0,1,1,0,1,1,0,0,0,nan
shadow_starvation,shadow_off,17,42,0.0,2,1,1,1,0,2,1,0,0,0,nan
shadow_starvation,shadow_off,17,43,0.0,2,1,1,1,0,2,1,0,0,0,nan
shadow_starvation,shadow_off,17,44,0.0,2,1,1,1,0,2,1,0,0,0,nan
shadow_starvation,shadow_off,17,45,0.0,2,1,1,1,0,2,1,0,0,0,nan
shadow_starvation,shadow_off,17,46,0.0,2,1,1,1,0,2,1,0,0,0,nan
shadow_starvation,shadow_off,17,47,0.0,2,1,1,1,0,2,1,0,0,0,nan
shadow_starvation,shadow_off,17,48,0.0,2,1,1,1,0,2,1,0,0,0,nan
shadow_starvation,shadow_off,17,49,0.0,2,1,1,1,0,2,1,0,0,0,nan
shadow_starvation,shadow_off,17,50,0.0,2,1,1,1,0,2,1,0,0,0,nan
shadow_starvation,shadow_off,17,51,0.0,2,1,1,1,0,2,1,0,0,0,nan
shadow_starvation,shadow_off,17,52,0.0,2,1,1,1,0,2,1,0,0,0,nan
shadow_starvation,shadow_off,17,53,0.0,2,1,1,1,0,2,1,0,0,0,nan
shadow_starvation,shadow_off,17,54,0.0,2,1,1,1,0,2,1,0,0,0,nan
shadow_starvation,shadow_off,17,55,0.0,2,1,1,1,0,2,1,0,0,0,nan
shadow_starvation,shadow_off,17,56,0.0,2,1,1,1,0,2,1,0,0,0,nan
shadow_starvation,shadow_off,17,57,0.0,2,1,1,1,0,2,1,0,0,0,nan
shadow_starvation,shadow_off,17,58,0.0,2,1,1,1,0,2,1,0,0,0,nan
shadow_starvation,shadow_off,17,59,0.0,2,1,1,1,0,2,1,0,0,0,nan
shadow_starvation,shadow_off,17,60,0.0,2,1,1,1,0,1,1,0,0,0,nan
shadow_starvation,shadow_off,17,61,0.0,2,1,1,1,0,1,1,0,0,0,nan
shadow_starvation,shadow_off,17,62,0.0,2,1,1,1,0,1,1,0,0,0,nan
shadow_starvation,shadow_off,17,63,0.0,2,1,1,1,0,1,1,0,0,0,nan
shadow_starvation,shadow_off,17,64,0.0,2,1,1,1,0,1,1,0,0,0,nan
shadow_starvation,shadow_off,17,65,0.0,2,1,1,1,0,1,1,0,0,0,nan
shadow_starvation,shadow_off,17,66,0.0,2,1,1,1,0,1,1,0,0,0,nan
shadow_starvation,shadow_off,17,67,0.0,2,1,1,1,0,1,1,0,0,0,nan
shadow_starvation,shadow_off,17,68,0.0,2,1,1,1,0,1,1,0,0,0,nan
shadow_starvation,shadow_off,17,69,0.0,2,1,1,1,0,1,1,0,0,0,nan
shadow_starvation,shadow_off,17,70,0.0,2,1,1,1,0,1,1,0,0,0,nan
shadow_starvation,shadow_off,17,71,0.0,2,1,1,1,0,1,1,0,0,0,nan
shadow_starvation,shadow_off,17,72,0.0,2,1,1,1,0,1,1,0,0,0,nan
shadow_starvation,shadow_off,17,73,0.0,1,0,1,2,0,1,1,0,0,0,nan
shadow_starvation,shadow_off,17,74,0.0,2,1,1,2,0,2,1,0,0,0,nan
shadow_starvation,shadow_off,17,75,0.0,2,1,1,2,0,2,1,0,0,0,nan
shadow_starvation,shadow_off,17,76,0.0,2,1,1,2,0,2,1,0,0,0,nan
shadow_starvation,shadow_off,17,77,0.0,2,1,1,2,0,2,1,0,0,0,nan
shadow_starvation,shadow_off,17,78,0.0,2,1,1,2,0,2,1,0,0,0,nan
shadow_starvation,shadow_off,17,79,0.0,2,1,1,2,0,2,1,0,0,0,nan
shadow_starvation,shadow_off,17,80,0.0,2,1,1,2,0,2,1,0,0,0,nan
shadow_starvation,shadow_off,17,81,0.0,2,1,1,2,0,2,1,0,0,0,nan
shadow_starvation,shadow_off,17,82,0.0,2,1,1,2,0,2,1,0,0,0,nan
shadow_starvation,shadow_off,17,83,0.0,2,1,1,2,0,2,1,0,0,0,nan
shadow_starvation,shadow_off,17,84,0.0,2,1,1,2,0,2,1,0,0,0,nan
shadow_starvation,shadow_off,17,85,0.0,2,1,1,2,0,2,1,0,0,0,nan
shadow_starvation,shadow_off,17,86,0.0,2,1,1,2,0,2,1,0,0,0,nan
shadow_starvation,shadow_off,17,87,0.0,2,1,1,2,0,2,1,0,0,0,nan
shadow_starvation,shadow_off,17,88,0.0,2,1,1,2,0,2,1,0,0,0,nan
shadow_starvation,shadow_off,17,89,0.0,2,1,1,2,0,2,1,0,0,0,nan
shadow_starvation,shadow_off,17,90,0.0,2,1,1,2,0,2,1,0,0,0,nan
shadow_starvation,shadow_off,17,91,0.0,2,1,1,2,0,2,1,0,0,0,nan
shadow_starvation,shadow_off,17,92,0.0,2,1,1,2,0,1,1,0,0,0,nan
shadow_starvation,shadow_off,17,93,0.0,2,1,1,2,0,1,1,0,0,0,nan
shadow_starvation,shadow_off,17,94,0.0,2,1,1,2,0,1,1,0,0,0,nan
shadow_starvation,shadow_off,17,95,0.0,2,1,1,2,0,1,1,0,0,0,nan
shadow_starvation,shadow_off,17,96,0.0,2,1,1,2,0,1,1,0,0,0,nan
shadow_starvation,shadow_off,17,97,0.0,2,1,1,2,0,1,1,0,0,0,nan
shadow_starvation,shadow_off,17,98,0.0,2,1,1,2,0,1,1,0,0,0,nan
shadow_starvation,shadow_off,17,99,0.0,2,1,1,2,0,1,1,0,0,0,nan
shadow_starvation,shadow_off,18,0,nan,1,1,0,0,0,0,0,0,0,0,nan
shadow_starvation,shadow_off,18,1,nan,1,1,0,0,0,0,0,0,0,0,nan
shadow_starvation,shadow_off,18,2,nan,1,1,0,0,0,0,0,0,0,0,nan
shadow_starvation,shadow_off,18,3,nan,1,0,1,0,0,0,0,0,0,0,nan
shadow_starvation,shadow_off,18,4,nan,1,0,1,0,0,0,0,0,0,0,nan
shadow_starvation,shadow_off,18,5,nan,1,0,1,0,0,0,0,0,0,0,nan
shadow_starvation,shadow_off,18,6,nan,1,0,1,0,0,0,0,0,0,0,nan
shadow_starvation,shadow_off,18,7,nan,1,0,1,0,0,0,0,0,0,0,nan
shadow_starvation,shadow_off,18,8,nan,1,0,1,0,0,0,0,0,0,0,nan
shadow_starvation,shadow_off,18,9,nan,1,0,1,0,0,0,0,0,0,0,nan
shadow_starvation,shadow_off,18,10,0.0,2,1,1,0,0,1,1,0,0,0,nan
shadow_starvation,shadow_off,18,11,0.0,2,1,1,0,0,1,1,0,0,0,nan
shadow_starvation,shadow_off,18,12,0.0,2,1,1,0,0,1,1,0,0,0,nan
shadow_starvation,shadow_off,18,13,0.0,2,1,1,0,0,1,1,0,0,0,nan
shadow_starvation,shadow_off,18,14,0.0,2,1,1,0,0,1,1,0,0,0,nan
shadow_starvation,shadow_off,18,15,0.0,2,1,1,0,0,1,1,0,0,0,nan
shadow_starvation,shadow_off,18,16,0.0,2,1,1,0,0,1,1,0,0,0,nan
shadow_starvation,shadow_off,18,17,0.0,2,1,1,0,0,1,1,0,0,0,nan
shadow_starvation,shadow_off,18,18,0.0,2,1,1,0,0,1,1,0,0,0,nan
shadow_starvation,shadow_off,18,19,0.0,2,1,1,0,0,1,1,0,0,0,nan
shadow_starvation,shadow_off,18,20,0.0,2,1,1,0,0,1,1,0,0,0,nan
shadow_starvation,shadow_off,18,21,0.0,3,2,1,0,0,3,1,0,0,0,nan
shadow_starvation,shadow_off,18,22,0.0,3,2,1,0,0,3,1,0,0,0,nan
shadow_starvation,shadow_off,18,23,0.0,3,2,1,0,0,3,1,0,0,0,nan
shadow_starvation,shadow_off,18,24,0.0,3,2,1,0,0,3,1,0,0,0,nan
shadow_starvation,shadow_off,18,25,0.0,3,2,1,0,0,3,1,0,0,0,nan
shadow_starvation,shadow_off,18,26,0.0,3,2,1,0,0,3,1,0,0,0,nan
shadow_starvation,shadow_off,18,27,0.0,3,2,1,0,0,3,1,0,0,0,nan
shadow_starvation,shadow_off,18,28,0.0,3,2,1,0,0,3,1,0,0,0,nan
shadow_starvation,shadow_off,18,29,0.0,3,2,1,0,0,3,1,0,0,0,nan
shadow_starvation,shadow_off,18,30,0.0,3,2,1,0,0,3,1,0,0,0,nan
shadow_starvation,shadow_off,18,31,0.0,3,2,1,0,0,3,1,0,0,0,nan
shadow_starvation,shadow_off,18,32,0.0,3,2,1,0,0,3,1,0,0,0,nan
shadow_starvation,shadow_off,18,33,0.0,3,2,1,0,0,3,1,0,0,0,nan
shadow_starvation,shadow_off,18,34,0.0,3,2,1,0,0,3,1,0,0,0,nan
shadow_starvation,shadow_off,18,35,0.0,3,2,1,0,0,3,1,0,0,0,nan
shadow_starvation,shadow_off,18,36,0.0,3,2,1,0,0,3,1,0,0,0,nan
shadow_starvation,shadow_off,18,37,0.0,3,2,1,0,0,3,1,0,0,0,nan
shadow_starvation,shadow_off,18,38,0.0,3,2,1,0,0,3,1,0,0,0,nan
shadow_starvation,shadow_off,18,39,0.0,3,2,1,0,0,3,1,0,0,0,nan
shadow_starvation,shadow_off,18,40,0.0,3,2,1,0,0,3,1,0,0,0,nan
shadow_starvation,shadow_off,18,41,0.0,2,1,1,1,0,3,1,0,0,0,nan
shadow_starvation,shadow_off,18,42,0.0,3,2,1,1,0,5,1,0,0,0,nan
shadow_starvation,shadow_off,18,43,0.0,3,2,1,1,0,5,1,0,0,0,nan
shadow_starvation,shadow_off,18,44,0.0,3,2,1,1,0,5,1,0,0,0,nan
shadow_starvation,shadow_off,18,45,0.0,3,2,1,1,0,5,1,0,0,0,nan
shadow_starvation,shadow_off,18,46,0.0,3,2,1,1,0,5,1,0,0,0,nan
shadow_starvation,shadow_off,18,47,0.0,3,2,1,1,0,5,1,0,0,0,nan
shadow_starvation,shadow_off,18,48,0.0,3,2,1,1,0,5,1,0,0,0,nan
shadow_starvation,shadow_off,18,49,0.0,3,2,1,1,0,5,1,0,0,0,nan
shadow_starvation,shadow_off,18,50,0.0,3,2,1,1,0,5,1,0,0,0,nan
shadow_starvation,shadow_off,18,51,0.0,3,2,1,1,0,5,1,0,0,0,nan
shadow_starvation,shadow_off,18,52,0.0,2,1,1,2,0,5,1,0,0,0,nan
shadow_starvation,shadow_off,18,53,0.0,2,1,1,2,0,5,1,0,0,0,nan
shadow_starvation,shadow_off,18,54,0.0,2,1,1,2,0,5,1,0,0,0,nan
shadow_starvation,shadow_off,18,55,0.0,2,1,1,2,0,5,1,0,0,0,nan
shadow_starvation,shadow_off,18,56,0.0,2,1,1,2,0,5,1,0,0,0,nan
shadow_starvation,shadow_off,18,57,0.0,2,1,1,2,0,5,1,0,0,0,nan
shadow_starvation,shadow_off,18,58,0.0,2,1,1,2,0,5,1,0,0,0,nan
shadow_starvation,shadow_off,18,59,0.0,2,1,1,2,0,5,1,0,0,0,nan
shadow_starvation,shadow_off,18,60,0.0,2,1,1,2,0,4,1,0,0,0,nan
shadow_starvation,shadow_off,18,61,0.0,2,1,1,2,0,4,1,0,0,0,nan
shadow_starvation,shadow_off,18,62,0.0,2,1,1,2,0,4,1,0,0,0,nan
shadow_starvation,shadow_off,18,63,0.0,2,1,1,2,0,4,1,0,0,0,nan
shadow_starvation,shadow_off,18,64,0.0,2,1,1,2,0,4,1,0,0,0,nan
shadow_starvation,shadow_off,18,65,0.0,2,1,1,2,0,4,1,0,0,0,nan
shadow_starvation,shadow_off,18,66,0.0,2,1,1,2,0,4,1,0,0,0,nan
shadow_starvation,shadow_off,18,67,0.0,2,1,1,2,0,4,1,0,0,0,nan
shadow_starvation,shadow_off,18,68,0.0,2,1,1,2,0,4,1,0,0,0,nan
shadow_starvation,shadow_off,18,69,0.0,2,1,1,2,0,4,1,0,0,0,nan
shadow_starvation,shadow_off,18,70,0.0,2,1,1,2,0,4,1,0,0,0,nan
shadow_starvation,shadow_off,18,71,0.0,2,1,1,2,0,2,1,0,0,0,nan
shadow_starvation,shadow_off,18,72,0.0,2,1,1,2,0,2,1,0,0,0,nan
shadow_starvation,shadow_off,18,73,0.0,1,0,1,3,0,2,1,0,0,0,nan
shadow_starvation,shadow_off,18,74,0.0,2,1,1,3,0,3,1,0,0,0,nan
shadow_starvation,shadow_off,18,75,0.0,2,1,1,3,0,3,1,0,0,0,nan
shadow_starvation,shadow_off,18,76,0.0,2,1,1,3,0,3,1,0,0,0,nan
shadow_starvation,shadow_off,18,77,0.0,2,1,1,3,0,3,1,0,0,0,nan
shadow_starvation,shadow_off,18,78,0.0,2,1,1,3,0,3,1,0,0,0,nan
shadow_starvation,shadow_off,18,79,0.0,2,1,1,3,0,3,1,0,0,0,nan
shadow_starvation,shadow_off,18,80,0.0,2,1,1,3,0,3,1,0,0,0,nan
shadow_starvation,shadow_off,18,81,0.0,2,1,1,3,0,3,1,0,0,0,nan
shadow_starvation,shadow_off,18,82,0.0,2,1,1,3,0,3,1,0,0,0,nan
shadow_starvation,shadow_off,18,83,0.0,2,1,1,3,0,3,1,0,0,0,nan
shadow_starvation,shadow_off,18,84,0.0,2,1,1,3,0,3,1,0,0,0,nan
shadow_starvation,shadow_off,18,85,0.0,2,1,1,3,0,3,1,0,0,0,nan
shadow_starvation,shadow_off,18,86,0.0,2,1,1,3,0,3,1,0,0,0,nan
shadow_starvation,shadow_off,18,87,0.0,2,1,1,3,0,3,1,0,0,0,nan
shadow_starvation,shadow_off,18,88,0.0,2,1,1,3,0,3,1,0,0,0,nan
shadow_starvation,shadow_off,18,89,0.0,2,1,1,3,0,3,1,0,0,0,nan
shadow_starvation,shadow_off,18,90,0.0,2,1,1,3,0,3,1,0,0,0,nan
shadow_starvation,shadow_off,18,91,0.0,2,1,1,3,0,3,1,0,0,0,nan
shadow_starvation,shadow_off,18,92,0.0,2,1,1,3,0,1,1,0,0,0,nan
shadow_starvation,shadow_off,18,93,0.0,2,1,1,3,0,1,1,0,0,0,nan
shadow_starvation,shadow_off,18,94,0.0,2,1,1,3,0,1,1,0,0,0,nan
shadow_starvation,shadow_off,18,95,0.0,2,1,1,3,0,1,1,0,0,0,nan
shadow_starvation,shadow_off,18,96,0.0,2,1,1,3,0,1,1,0,0,0,nan
shadow_starvation,shadow_off,18,97,0.0,2,1,1,3,0,1,1,0,0,0,nan
shadow_starvation,shadow_off,18,98,0.0,2,1,1,3,0,1,1,0,0,0,nan
shadow_starvation,shadow_off,18,99,0.0,2,1,1,3,0,1,1,0,0,0,nan
shadow_starvation,shadow_off,19,0,nan,1,1,0,0,0,0,0,0,0,0,nan
shadow_starvation,shadow_off,19,1,nan,1,1,0,0,0,0,0,0,0,0,nan
shadow_starvation,shadow_off,19,2,nan,1,1,0,0,0,0,0,0,0,0,nan
shadow_starvation,shadow_off,19,3,nan,1,0,1,0,0,0,0,0,0,0,nan
shadow_starvation,shadow_off,19,4,nan,1,0,1,0,0,0,0,0,0,0,nan
shadow_starvation,shadow_off,19,5,nan,1,0,1,0,0,0,0,0,0,0,nan
shadow_starvation,shadow_off,19,6,nan,1,0,1,0,0,0,0,0,0,0,nan
shadow_starvation,shadow_off,19,7,nan,1,0,1,0,0,0,0,0,0,0,nan
shadow_starvation,shadow_off,19,8,nan,1,0,1,0,0,0,0,0,0,0,nan
shadow_starvation,shadow_off,19,9,nan,1,0,1,0,0,0,0,0,0,0,nan
shadow_starvation,shadow_off,19,10,0.0,2,1,1,0,0,1,1,0,0,0,nan
shadow_starvation,shadow_off,19,11,0.0,2,1,1,0,0,1,1,0,0,0,nan
shadow_starvation,shadow_off,19,12,0.0,2,1,1,0,0,1,1,0,0,0,nan
shadow_starvation,shadow_off,19,13,0.0,2,1,1,0,0,1,1,0,0,0,nan
shadow_starvation,shadow_off,19,14,0.0,2,1,1,0,0,1,1,0,0,0,nan
shadow_starvation,shadow_off,19,15,0.0,2,1,1,0,0,1,1,0,0,0,nan
shadow_starvation,shadow_off,19,16,0.0,2,1,1,0,0,1,1,0,0,0,nan
shadow_starvation,shadow_off,19,17,0.0,2,1,1,0,0,1,1,0,0,0,nan
shadow_starvation,shadow_off,19,18,0.0,2,1,1,0,0,1,1,0,0,0,nan
shadow_starvation,shadow_off,19,19,0.0,2,1,1,0,0,1,1,0,0,0,nan
shadow_starvation,shadow_off,19,20,0.0,2,1,1,0,0,1,1,0,0,0,nan
shadow_starvation,shadow_off,19,21,0.0,2,1,1,0,0,1,1,0,0,0,nan
shadow_starvation,shadow_off,19,22,0.0,2,1,1,0,0,1,1,0,0,0,nan
shadow_starvation,shadow_off,19,23,0.0,2,1,1,0,0,1,1,0,0,0,nan
shadow_starvation,shadow_off,19,24,0.0,2,1,1,0,0,1,1,0,0,0,nan
shadow_starvation,shadow_off,19,25,0.0,2,1,1,0,0,1,1,0,0,0,nan
shadow_starvation,shadow_off,19,26,0.0,2,1,1,0,0,1,1,0,0,0,nan
shadow_starvation,shadow_off,19,27,0.0,2,1,1,0,0,1,1,0,0,0,nan
shadow_starvation,shadow_off,19,28,0.0,2,1,1,0,0,1,1,0,0,0,nan
shadow_starvation,shadow_off,19,29,0.0,2,1,1,0,0,1,1,0,0,0,nan
shadow_starvation,shadow_off,19,30,0.0,2,1,1,0,0,1,1,0,0,0,nan
shadow_starvation,shadow_off,19,31,0.0,2,1,1,0,0,1,1,0,0,0,nan
shadow_starvation,shadow_off,19,32,0.0,2,1,1,0,0,1,1,0,0,0,nan
shadow_starvation,shadow_off,19,33,0.0,2,1,1,0,0,1,1,0,0,0,nan
shadow_starvation,shadow_off,19,34,0.0,2,1,1,0,0,1,1,0,0,0,nan
shadow_starvation,shadow_off,19,35,0.0,2,1,1,0,0,1,1,0,0,0,nan
shadow_starvation,shadow_off,19,36,0.0,2,1,1,0,0,1,1,0,0,0,nan
shadow_starvation,shadow_off,19,37,0.0,2,1,1,0,0,1,1,0,0,0,nan
shadow_starvation,shadow_off,19,38,0.0,2,1,1,0,0,1,1,0,0,0,nan
shadow_starvation,shadow_off,19,39,0.0,2,1,1,0,0,1,1,0,0,0,nan
shadow_starvation,shadow_off,19,40,0.0,2,1,1,0,0,1,1,0,0,0,nan
shadow_starvation,shadow_off,19,41,0.0,1,0,1,1,0,1,1,0,0,0,nan
shadow_starvation,shadow_off,19,42,0.0,2,1,1,1,0,2,1,0,0,0,nan
shadow_starvation,shadow_off,19,43,0.0,2,1,1,1,0,2,1,0,0,0,nan
shadow_starvation,shadow_off,19,44,0.0,2,1,1,1,0,2,1,0,0,0,nan
shadow_starvation,shadow_off,19,45,0.0,2,1,1,1,0,2,1,0,0,0,nan
shadow_starvation,shadow_off,19,46,0.0,2,1,1,1,0,2,1,0,0,0,nan
shadow_starvation,shadow_off,19,47,0.0,2,1,1,1,0,2,1,0,0,0,nan
shadow_starvation,shadow_off,19,48,0.0,2,1,1,1,0,2,1,0,0,0,nan
shadow_starvation,shadow_off,19,49,0.0,2,1,1,1,0,2,1,0,0,0,nan
shadow_starvation,shadow_off,19,50,0.0,2,1,1,1,0,2,1,0,0,0,nan
shadow_starvation,shadow_off,19,51,0.0,2,1,1,1,0,2,1,0,0,0,nan
shadow_starvation,shadow_off,19,52,0.0,2,1,1,1,0,2,1,0,0,0,nan
shadow_starvation,shadow_off,19,53,0.0,2,1,1,1,0,2,1,0,0,0,nan
shadow_starvation,shadow_off,19,54,0.0,2,1,1,1,0,2,1,0,0,0,nan
shadow_starvation,shadow_off,19,55,0.0,2,1,1,1,0,2,1,0,0,0,nan
shadow_starvation,shadow_off,19,56,0.0,2,1,1,1,0,2,1,0,0,0,nan
shadow_starvation,shadow_off,19,57,0.0,2,1,1,1,0,2,1,0,0,0,nan
shadow_starvation,shadow_off,19,58,0.0,2,1,1,1,0,2,1,0,0,0,nan
shadow_starvation,shadow_off,19,59,0.0,2,1,1,1,0,2,1,0,0,0,nan
shadow_starvation,shadow_off,19,60,0.0,2,1,1,1,0,1,1,0,0,0,nan
shadow_starvation,shadow_off,19,61,0.0,2,1,1,1,0,1,1,0,0,0,nan
shadow_starvation,shadow_off,19,62,0.0,2,1,1,1,0,1,1,0,0,0,nan
shadow_starvation,shadow_off,19,63,0.0,2,1,1,1,0,1,1,0,0,0,nan
shadow_starvation,shadow_off,19,64,0.0,2,1,1,1,0,1,1,0,0,0,nan
shadow_starvation,shadow_off,19,65,0.0,2,1,1,1,0,1,1,0,0,0,nan
shadow_starvation,shadow_off,19,66,0.0,2,1,1,1,0,1,1,0,0,0,nan
shadow_starvation,shadow_off,19,67,0.0,2,1,1,1,0,1,1,0,0,0,nan
shadow_starvation,shadow_off,19,68,0.0,2,1,1,1,0,1,1,0,0,0,nan
shadow_starvation,shadow_off,19,69,0.0,2,1,1,1,0,1,1,0,0,0,nan
shadow_starvation,shadow_off,19,70,0.0,2,1,1,1,0,1,1,0,0,0,nan
shadow_starvation,shadow_off,19,71,0.0,2,1,1,1,0,1,1,0,0,0,nan
shadow_starvation,shadow_off,19,72,0.0,2,1,1,1,0,1,1,0,0,0,nan
shadow_starvation,shadow_off,19,73,0.0,1,0,1,2,0,1,1,0,0,0,nan
shadow_starvation,shadow_off,19,74,0.0,2,1,1,2,0,2,1,0,0,0,nan
shadow_starvation,shadow_off,19,75,0.0,2,1,1,2,0,2,1,0,0,0,nan
shadow_starvation,shadow_off,19,76,0.0,2,1,1,2,0,2,1,0,0,0,nan
shadow_starvation,shadow_off,19,77,0.0,2,1,1,2,0,2,1,0,0,0,nan
shadow_starvation,shadow_off,19,78,0.0,2,1,1,2,0,2,1,0,0,0,nan
shadow_starvation,shadow_off,19,79,0.0,2,1,1,2,0,2,1,0,0,0,nan
shadow_starvation,shadow_off,19,80,0.0,2,1,1,2,0,2,1,0,0,0,nan
shadow_starvation,shadow_off,19,81,0.0,2,1,1,2,0,2,1,0,0,0,nan
shadow_starvation,shadow_off,19,82,0.0,2,1,1,2,0,2,1,0,0,0,nan
shadow_starvation,shadow_off,19,83,0.0,2,1,1,2,0,2,1,0,0,0,nan
shadow_starvation,shadow_off,19,84,0.0,2,1,1,2,0,2,1,0,0,0,nan
shadow_starvation,shadow_off,19,85,0.0,2,1,1,2,0,2,1,0,0,0,nan
shadow_starvation,shadow_off,19,86,0.0,2,1,1,2,0,2,1,0,0,0,nan
shadow_starvation,shadow_off,19,87,0.0,2,1,1,2,0,2,1,0,0,0,nan
shadow_starvation,shadow_off,19,88,0.0,2,1,1,2,0,2,1,0,0,0,nan
shadow_starvation,shadow_off,19,89,0.0,2,1,1,2,0,2,1,0,0,0,nan
shadow_starvation,shadow_off,19,90,0.0,2,1,1,2,0,2,1,0,0,0,nan
shadow_starvation,shadow_off,19,91,0.0,2,1,1,2,0,2,1,0,0,0,nan
shadow_starvation,shadow_off,19,92,0.0,2,1,1,2,0,1,1,0,0,0,nan
shadow_starvation,shadow_off,19,93,0.0,2,1,1,2,0,1,1,0,0,0,nan
shadow_starvation,shadow_off,19,94,0.0,2,1,1,2,0,1,1,0,0,0,nan
shadow_starvation,shadow_off,19,95,0.0,2,1,1,2,0,1,1,0,0,0,nan
shadow_starvation,shadow_off,19,96,0.0,2,1,1,2,0,1,1,0,0,0,nan
shadow_starvation,shadow_off,19,97,0.0,2,1,1,2,0,1,1,0,0,0,nan
shadow_starvation,shadow_off,19,98,0.0,2,1,1,2,0,1,1,0,0,0,nan
shadow_starvation,shadow_off,19,99,0.0,2,1,1,2,0,1,1,0,0,0,nan
continuous_immigration,ours,0,0,0.0,6,6,0,0,0,0,5,0,0,0,nan
continuous_immigration,ours,0,1,1.0,17,17,0,0,0,0,1,1,1,1,nan
continuous_immigration,ours,0,2,0.3333333333333333,30,30,0,0,0,0,3,1,2,1,nan
continuous_immigration,ours,0,3,0.0,35,35,0,0,0,0,2,0,0,0,nan
continuous_immigration,ours,0,4,0.0,41,41,0,0,0,0,1,0,0,0,nan
continuous_immigration,ours,0,5,0.0,52,52,0,0,0,0,1,0,1,0,nan
continuous_immigration,ours,0,6,0.0,57,57,0,0,0,0,1,0,1,0,nan
continuous_immigration,ours,0,7,nan,67,67,0,0,0,0,0,0,0,0,nan
continuous_immigration,ours,0,8,0.75,82,82,0,0,0,0,4,3,3,3,nan
continuous_immigration,ours,0,9,0.5,90,90,0,0,0,0,2,1,1,1,nan
continuous_immigration,ours,0,10,nan,98,98,0,0,0,0,0,0,0,0,nan
continuous_immigration,ours,0,11,nan,102,102,0,0,0,0,0,0,0,0,nan
continuous_immigration,ours,0,12,1.0,113,113,0,0,0,0,1,1,1,1,nan
continuous_immigration,ours,0,13,0.5,122,121,1,0,0,0,2,1,2,1,0.0
continuous_immigration,ours,0,14,nan,127,126,1,0,0,0,0,0,0,0,0.0
continuous_immigration,ours,0,15,0.5,132,131,1,0,0,0,2,1,2,1,0.0
continuous_immigration,ours,0,16,1.0,137,136,1,0,0,0,3,3,4,3,0.0
continuous_immigration,ours,0,17,0.6666666666666666,141,140,1,0,0,0,3,2,2,2,0.0
continuous_immigration,ours,0,18,1.0,144,143,1,0,0,0,1,1,1,1,0.0
continuous_immigration,ours,0,19,1.0,149,147,2,0,0,0,2,2,2,2,0.0
continuous_immigration,ours,0,20,0.5,154,152,2,0,0,0,4,2,4,2,0.0
continuous_immigration,ours,0,21,1.0,160,158,2,0,0,0,1,1,1,1,0.0
continuous_immigration,ours,0,22,0.6666666666666666,170,168,2,0,0,0,3,2,4,2,0.0
continuous_immigration,ours,0,23,nan,176,174,2,0,0,0,0,0,0,0,0.0
continuous_immigration,ours,0,24,1.0,185,183,2,0,0,0,2,2,2,2,0.0
continuous_immigration,ours,0,25,1.0,190,188,2,0,0,0,2,2,3,2,0.0
continuous_immigration,ours,0,26,1.0,200,198,2,0,0,0,2,2,5,2,0.0
continuous_immigration,ours,0,27,1.0,210,207,3,0,0,0,3,3,3,3,0.0
continuous_immigration,ours,0,28,0.75,217,214,3,0,0,0,4,3,4,3,0.0
continuous_immigration,ours,0,29,1.0,227,224,3,0,0,0,1,1,2,1,0.0
continuous_immigration,ours,0,30,1.0,229,226,3,0,0,0,1,1,1,1,0.0
continuous_immigration,ours,0,31,0.75,234,231,3,0,0,0,4,3,5,3,0.0
continuous_immigration,ours,0,32,1.0,240,237,3,0,0,0,1,1,2,1,0.0
continuous_immigration,ours,0,33,0.8,244,241,3,0,0,0,5,4,4,4,0.0
continuous_immigration,ours,0,34,1.0,250,247,3,0,0,0,5,5,9,5,0.0
continuous_immigration,ours,0,35,0.5,254,251,3,0,0,0,2,1,2,1,0.0
continuous_immigration,ours,0,36,1.0,259,256,3,0,0,0,1,1,2,1,0.0
continuous_immigration,ours,0,37,1.0,264,261,3,0,0,0,1,1,1,1,0.0
continuous_immigration,ours,0,38,1.0,265,261,4,0,0,0,1,1,2,1,0.0
continuous_immigration,ours,0,39,1.0,272,268,4,0,0,0,1,1,1,1,0.0
continuous_immigration,ours,0,40,1.0,277,273,4,0,0,0,3,3,7,3,0.0
continuous_immigration,ours,0,41,0.6666666666666666,282,278,4,0,0,0,6,4,5,4,0.0
continuous_immigration,ours,0,42,1.0,292,288,4,0,0,0,1,1,2,1,0.0
continuous_immigration,ours,0,43,nan,294,290,4,0,0,0,0,0,0,0,0.0
continuous_immigration,ours,0,44,1.0,302,298,4,0,0,0,4,4,7,4,0.0
continuous_immigration,ours,0,45,1.0,305,301,4,0,0,0,2,2,4,2,0.0
continuous_immigration,ours,0,46,nan,312,308,4,0,0,0,0,0,0,0,0.0
continuous_immigration,ours,0,47,0.6,321,317,4,0,0,0,5,3,7,3,0.0
continuous_immigration,ours,0,48,1.0,325,321,4,0,0,0,2,2,4,2,0.0
continuous_immigration,ours,0,49,1.0,328,323,5,0,0,0,3,3,6,3,0.0
continuous_immigration,ours,0,50,1.0,339,334,5,0,0,0,2,2,4,2,0.0
continuous_immigration,ours,0,51,1.0,338,333,5,3,0,0,2,2,7,2,0.0
continuous_immigration,ours,0,52,1.0,336,331,5,12,0,0,3,3,5,3,0.0
continuous_immigration,ours,0,53,1.0,328,323,5,25,0,0,1,1,3,1,0.0
continuous_immigration,ours,0,54,1.0,326,320,6,30,0,0,1,1,2,1,0.0
continuous_immigration,ours,0,55,1.0,325,319,6,36,0,0,5,5,10,5,0.0
continuous_immigration,ours,0,56,1.0,319,313,6,46,0,0,2,2,4,2,0.0
continuous_immigration,ours,0,57,1.0,319,313,6,50,0,0,2,2,4,2,0.0
continuous_immigration,ours,0,58,1.0,315,309,6,60,0,0,2,2,5,2,0.0
continuous_immigration,ours,0,59,1.0,304,298,6,74,0,0,2,2,5,2,0.0
continuous_immigration,ours,0,60,1.0,303,297,6,79,0,0,1,1,2,1,0.0
continuous_immigration,ours,0,61,0.0,301,295,6,86,0,0,1,0,0,0,0.0
continuous_immigration,ours,0,62,1.0,303,297,6,90,0,0,1,1,1,1,0.0
continuous_immigration,ours,0,63,1.0,296,290,6,101,0,0,2,2,4,2,0.0
continuous_immigration,ours,0,64,1.0,294,288,6,110,0,0,4,4,6,4,0.0
continuous_immigration,ours,0,65,1.0,292,286,6,115,0,0,4,4,7,4,0.0
continuous_immigration,ours,0,66,1.0,296,290,6,119,0,0,2,2,3,2,0.0
continuous_immigration,ours,0,67,1.0,294,288,6,124,0,0,1,1,3,1,0.0
continuous_immigration,ours,0,68,nan,295,289,6,128,0,0,0,0,0,0,0.0
continuous_immigration,ours,0,69,1.0,298,292,6,131,0,0,2,2,2,2,0.0
continuous_immigration,ours,0,70,1.0,301,295,6,136,0,0,3,3,5,3,0.0
continuous_immigration,ours,0,71,1.0,299,293,6,141,0,0,1,1,1,1,0.0
continuous_immigration,ours,0,72,1.0,301,295,6,147,0,0,2,2,4,2,0.0
continuous_immigration,ours,0,73,1.0,297,291,6,157,0,0,3,3,8,3,0.0
continuous_immigration,ours,0,74,1.0,298,292,6,163,0,0,1,1,1,1,0.0
continuous_immigration,ours,0,75,nan,295,289,6,172,0,0,0,0,0,0,0.0
continuous_immigration,ours,0,76,nan,295,289,6,177,0,0,0,0,0,0,0.0
continuous_immigration,ours,0,77,1.0,291,285,6,187,0,0,1,1,2,1,0.0
continuous_immigration,ours,0,78,1.0,287,280,7,197,0,0,3,3,5,3,0.0
continuous_immigration,ours,0,79,1.0,289,282,7,203,0,0,4,4,7,4,0.0
continuous_immigration,ours,0,80,1.0,290,283,7,212,0,0,3,3,5,3,0.0
continuous_immigration,ours,0,81,1.0,293,286,7,214,0,0,1,1,1,1,0.0
continuous_immigration,ours,0,82,1.0,291,284,7,218,0,0,3,3,7,3,0.0
continuous_immigration,ours,0,83,nan,290,283,7,224,0,0,0,0,0,0,0.0
continuous_immigration,ours,0,84,1.0,289,282,7,228,0,0,2,2,3,2,0.0
continuous_immigration,ours,0,85,nan,289,282,7,234,0,0,0,0,0,0,0.0
continuous_immigration,ours,0,86,1.0,291,284,7,238,0,0,3,3,3,3,0.0
continuous_immigration,ours,0,87,1.0,294,287,7,243,0,0,2,2,2,2,0.0
continuous_immigration,ours,0,88,1.0,296,289,7,248,0,0,1,1,3,1,0.0
continuous_immigration,ours,0,89,1.0,304,297,7,249,0,0,1,1,3,1,0.0
continuous_immigration,ours,0,90,1.0,301,294,7,256,0,0,1,1,1,1,0.0
continuous_immigration,ours,0,91,1.0,300,293,7,261,0,0,1,1,3,1,0.0
continuous_immigration,ours,0,92,1.0,303,296,7,266,0,0,1,1,1,1,0.0
continuous_immigration,ours,0,93,1.0,302,295,7,276,0,0,1,1,1,1,0.0
continuous_immigration,ours,0,94,1.0,306,299,7,277,0,0,2,2,5,2,0.0
continuous_immigration,ours,0,95,1.0,299,292,7,285,0,0,1,1,1,1,0.0
continuous_immigration,ours,0,96,nan,303,296,7,288,0,0,0,0,0,0,0.0
continuous_immigration,ours,0,97,1.0,306,299,7,295,0,0,1,1,2,1,0.0
continuous_immigration,ours,0,98,1.0,304,297,7,304,0,0,2,2,3,2,0.0
continuous_immigration,ours,0,99,1.0,309,302,7,307,0,0,3,3,5,3,0.0
continuous_immigration,ours,0,100,1.0,309,302,7,310,0,0,2,2,2,2,0.0
continuous_immigration,ours,0,101,1.0,305,298,7,320,0,0,1,1,1,1,0.0
continuous_immigration,ours,0,102,1.0,309,302,7,322,0,0,2,2,2,2,0.0
continuous_immigration,ours,0,103,1.0,311,304,7,329,0,0,1,1,1,1,0.0
continuous_immigration,ours,0,104,nan,312,305,7,334,0,0,0,0,0,0,0.0
continuous_immigration,ours,0,105,nan,321,314,7,337,0,0,0,0,0,0,0.0
continuous_immigration,ours,0,106,1.0,321,314,7,342,0,0,6,6,14,6,0.0
continuous_immigration,ours,0,107,1.0,320,313,7,346,0,0,2,2,5,2,0.0
continuous_immigration,ours,0,108,1.0,322,315,7,350,0,0,3,3,7,3,0.0
continuous_immigration,ours,0,109,1.0,323,316,7,356,0,0,6,6,13,6,0.0
continuous_immigration,ours,0,110,1.0,323,316,7,359,0,0,1,1,3,1,0.0
continuous_immigration,ours,0,111,1.0,323,316,7,363,0,0,3,3,7,3,0.0
continuous_immigration,ours,0,112,1.0,321,314,7,368,0,0,2,2,3,2,0.0
continuous_immigration,ours,0,113,1.0,322,314,8,374,0,0,4,4,8,4,0.0
continuous_immigration,ours,0,114,1.0,322,314,8,378,0,0,1,1,1,1,0.0
continuous_immigration,ours,0,115,1.0,321,313,8,386,0,0,2,2,4,2,0.0
continuous_immigration,ours,0,116,1.0,329,321,8,389,0,0,2,2,4,2,0.0
continuous_immigration,ours,0,117,nan,327,319,8,397,0,0,0,0,0,0,0.0
continuous_immigration,ours,0,118,1.0,329,321,8,400,0,0,2,2,4,2,0.0
continuous_immigration,ours,0,119,1.0,329,321,8,405,0,0,1,1,2,1,0.0
continuous_immigration,ours,0,120,1.0,331,323,8,410,0,0,5,5,10,5,0.0
continuous_immigration,ours,0,121,1.0,329,321,8,418,0,0,2,2,3,2,0.0
continuous_immigration,ours,0,122,1.0,332,324,8,421,0,0,2,2,4,2,0.0
continuous_immigration,ours,0,123,nan,330,322,8,429,0,0,0,0,0,0,0.0
continuous_immigration,ours,0,124,1.0,332,324,8,435,0,0,2,2,6,2,0.0
continuous_immigration,ours,0,125,1.0,331,323,8,442,0,0,5,5,11,5,0.0
continuous_immigration,ours,0,126,nan,328,320,8,448,0,0,0,0,0,0,0.0
continuous_immigration,ours,0,127,1.0,328,320,8,453,0,0,1,1,3,1,0.0
continuous_immigration,ours,0,128,1.0,331,323,8,459,0,0,1,1,2,1,0.0
continuous_immigration,ours,0,129,1.0,330,322,8,465,0,0,2,2,4,2,0.0
continuous_immigration,ours,0,130,nan,328,320,8,472,0,0,0,0,0,0,0.0
continuous_immigration,ours,0,131,1.0,323,315,8,482,0,0,2,2,4,2,0.0
continuous_immigration,ours,0,132,1.0,322,314,8,487,0,0,4,4,8,4,0.0
continuous_immigration,ours,0,133,nan,329,321,8,489,0,0,0,0,0,0,0.0
continuous_immigration,ours,0,134,1.0,332,324,8,494,0,0,1,1,2,1,0.0
continuous_immigration,ours,0,135,1.0,333,325,8,497,0,0,3,3,6,3,0.0
continuous_immigration,ours,0,136,1.0,334,326,8,503,0,0,3,3,7,3,0.0
continuous_immigration,ours,0,137,1.0,336,328,8,509,0,0,3,3,7,3,0.0
continuous_immigration,ours,0,138,1.0,329,321,8,518,0,0,3,3,9,3,0.0
continuous_immigration,ours,0,139,1.0,326,318,8,525,0,0,1,1,3,1,0.0
continuous_immigration,ours,0,140,1.0,319,311,8,534,0,0,2,2,5,2,0.0
continuous_immigration,ours,0,141,1.0,322,314,8,538,0,0,3,3,7,3,0.0
continuous_immigration,ours,0,142,nan,324,316,8,542,0,0,0,0,0,0,0.0
continuous_immigration,ours,0,143,1.0,322,314,8,550,0,0,1,1,3,1,0.0
continuous_immigration,ours,0,144,1.0,316,308,8,560,0,0,2,2,3,2,0.0
continuous_immigration,ours,0,145,1.0,316,308,8,565,0,0,5,5,8,5,0.0
continuous_immigration,ours,0,146,1.0,326,318,8,566,0,0,1,1,1,1,0.0
continuous_immigration,ours,0,147,1.0,326,318,8,573,0,0,3,3,7,3,0.0
continuous_immigration,ours,0,148,1.0,328,320,8,583,0,0,3,3,7,3,0.0
continuous_immigration,ours,0,149,1.0,323,315,8,590,0,0,4,4,9,4,0.0
continuous_immigration,ours,0,150,nan,319,311,8,598,0,0,0,0,0,0,0.0
continuous_immigration,ours,0,151,1.0,321,313,8,601,0,0,1,1,2,1,0.0
continuous_immigration,ours,0,152,1.0,320,312,8,607,0,0,2,2,6,2,0.0
continuous_immigration,ours,0,153,1.0,319,311,8,613,0,0,3,3,6,3,0.0
continuous_immigration,ours,0,154,nan,314,306,8,622,0,0,0,0,0,0,0.0
continuous_immigration,ours,0,155,1.0,317,309,8,628,0,0,3,3,5,3,0.0
continuous_immigration,ours,0,156,1.0,312,304,8,640,0,0,1,1,1,1,0.0
continuous_immigration,ours,0,157,1.0,313,305,8,646,0,0,2,2,4,2,0.0
continuous_immigration,ours,0,158,1.0,316,308,8,649,0,0,1,1,2,1,0.0
continuous_immigration,ours,0,159,1.0,318,310,8,654,0,0,6,6,14,6,0.0
continuous_immigration,ours,0,160,nan,319,311,8,661,0,0,0,0,0,0,0.0
continuous_immigration,ours,0,161,1.0,321,313,8,664,0,1,3,3,4,3,0.0
continuous_immigration,ours,0,162,1.0,326,318,8,668,0,2,4,4,9,4,0.0
continuous_immigration,ours,0,163,nan,331,323,8,671,0,2,0,0,0,0,0.0
continuous_immigration,ours,0,164,1.0,331,323,8,679,0,2,2,2,4,2,0.0
continuous_immigration,ours,0,165,1.0,331,323,8,683,0,2,1,1,1,1,0.0
continuous_immigration,ours,0,166,1.0,328,320,8,690,0,2,4,4,7,4,0.0
continuous_immigration,ours,0,167,1.0,321,313,8,701,0,2,1,1,3,1,0.0
continuous_immigration,ours,0,168,1.0,317,309,8,707,0,2,2,2,4,2,0.0
continuous_immigration,ours,0,169,nan,317,309,8,712,0,2,0,0,0,0,0.0
continuous_immigration,ours,0,170,1.0,317,309,8,717,0,2,1,1,1,1,0.0
continuous_immigration,ours,0,171,1.0,314,306,8,724,0,2,5,5,12,5,0.0
continuous_immigration,ours,0,172,1.0,311,303,8,730,0,2,1,1,2,1,0.0
continuous_immigration,ours,0,173,1.0,306,298,8,736,0,2,3,3,5,3,0.0
continuous_immigration,ours,0,174,1.0,310,302,8,742,0,2,3,3,6,3,0.0
continuous_immigration,ours,0,175,nan,307,299,8,750,0,2,0,0,0,0,0.0
continuous_immigration,ours,0,176,1.0,307,299,8,756,0,2,1,1,2,1,0.0
continuous_immigration,ours,0,177,nan,309,301,8,759,0,2,0,0,0,0,0.0
continuous_immigration,ours,0,178,1.0,311,303,8,764,0,2,3,3,5,3,0.0
continuous_immigration,ours,0,179,1.0,306,298,8,773,0,2,1,1,2,1,0.0
continuous_immigration,ours,0,180,1.0,303,295,8,778,0,2,3,3,5,3,0.0
continuous_immigration,ours,0,181,1.0,302,294,8,783,0,1,3,3,6,3,0.0
continuous_immigration,ours,0,182,1.0,300,292,8,788,0,0,2,2,5,2,0.0
continuous_immigration,ours,0,183,1.0,300,292,8,792,0,0,2,2,7,2,0.0
continuous_immigration,ours,0,184,1.0,294,286,8,801,0,0,1,1,1,1,0.0
continuous_immigration,ours,0,185,nan,286,278,8,809,0,0,0,0,0,0,0.0
continuous_immigration,ours,0,186,1.0,288,280,8,813,0,0,2,2,3,2,0.0
continuous_immigration,ours,0,187,1.0,294,286,8,820,0,0,2,2,3,2,0.0
continuous_immigration,ours,0,188,1.0,290,282,8,828,0,0,4,4,6,4,0.0
continuous_immigration,ours,0,189,1.0,295,287,8,830,0,0,1,1,2,1,0.0
continuous_immigration,ours,0,190,1.0,299,291,8,834,0,0,2,2,2,2,0.0
continuous_immigration,ours,0,191,1.0,302,294,8,836,0,0,2,2,3,2,0.0
continuous_immigration,ours,0,192,nan,304,296,8,843,0,0,0,0,0,0,0.0
continuous_immigration,ours,0,193,1.0,303,295,8,849,0,0,2,2,3,2,0.0
continuous_immigration,ours,0,194,nan,299,291,8,855,0,0,0,0,0,0,0.0
continuous_immigration,ours,0,195,1.0,300,292,8,859,0,0,1,1,2,1,0.0
continuous_immigration,ours,0,196,nan,303,295,8,864,0,0,0,0,0,0,0.0
continuous_immigration,ours,0,197,1.0,293,285,8,875,0,0,1,1,2,1,0.0
continuous_immigration,ours,0,198,1.0,290,282,8,881,0,0,1,1,2,1,0.0
continuous_immigration,ours,0,199,1.0,279,271,8,893,0,0,1,1,1,1,0.0
continuous_immigration,ours,0,200,nan,284,276,8,895,0,0,0,0,0,0,0.0
continuous_immigration,ours,0,201,1.0,286,278,8,899,0,0,1,1,1,1,0.0
continuous_immigration,ours,0,202,nan,283,275,8,904,0,0,0,0,0,0,0.0
continuous_immigration,ours,0,203,nan,284,276,8,909,0,0,0,0,0,0,0.0
continuous_immigration,ours,0,204,1.0,285,277,8,913,0,0,5,5,10,5,0.0
continuous_immigration,ours,0,205,1.0,284,276,8,917,0,0,6,6,13,6,0.0
continuous_immigration,ours,0,206,nan,282,274,8,925,0,0,0,0,0,0,0.0
continuous_immigration,ours,0,207,1.0,282,274,8,932,0,0,3,3,4,3,0.0
continuous_immigration,ours,0,208,1.0,284,276,8,939,0,0,6,6,10,6,0.0
continuous_immigration,ours,0,209,1.0,281,273,8,945,0,0,1,1,3,1,0.0
continuous_immigration,ours,0,210,1.0,282,274,8,953,0,0,3,3,5,3,0.0
continuous_immigration,ours,0,211,nan,279,271,8,961,0,0,0,0,0,0,0.0
continuous_immigration,ours,0,212,1.0,279,271,8,966,0,0,1,1,3,1,0.0
continuous_immigration,ours,0,213,1.0,275,267,8,976,0,0,5,5,9,5,0.0
continuous_immigration,ours,0,214,1.0,273,265,8,984,0,0,1,1,1,1,0.0
continuous_immigration,ours,0,215,1.0,276,268,8,992,0,0,1,1,2,1,0.0
continuous_immigration,ours,0,216,1.0,278,270,8,995,0,0,2,2,4,2,0.0
continuous_immigration,ours,0,217,1.0,287,279,8,998,0,0,2,2,2,2,0.0
continuous_immigration,ours,0,218,1.0,292,284,8,1002,0,0,2,2,2,2,0.0
continuous_immigration,ours,0,219,1.0,295,287,8,1004,0,0,2,2,5,2,0.0
continuous_immigration,ours,0,220,1.0,296,288,8,1009,0,0,3,3,5,3,0.0
continuous_immigration,ours,0,221,nan,296,288,8,1014,0,0,0,0,0,0,0.0
continuous_immigration,ours,0,222,1.0,298,290,8,1019,0,0,2,2,2,2,0.0
continuous_immigration,ours,0,223,1.0,297,289,8,1022,0,0,5,5,6,5,0.0
continuous_immigration,ours,0,224,1.0,304,296,8,1023,0,0,3,3,9,3,0.0
continuous_immigration,ours,0,225,1.0,298,290,8,1033,0,0,1,1,2,1,0.0
continuous_immigration,ours,0,226,nan,299,291,8,1038,0,0,0,0,0,0,0.0
continuous_immigration,ours,0,227,1.0,296,288,8,1044,0,0,3,3,3,3,0.0
continuous_immigration,ours,0,228,1.0,296,288,8,1049,0,0,3,3,6,3,0.0
continuous_immigration,ours,0,229,1.0,292,284,8,1057,0,0,2,2,5,2,0.0
continuous_immigration,ours,0,230,nan,292,284,8,1061,0,0,0,0,0,0,0.0
continuous_immigration,ours,0,231,1.0,297,289,8,1063,0,0,2,2,4,2,0.0
continuous_immigration,ours,0,232,1.0,304,296,8,1067,0,0,1,1,2,1,0.0
continuous_immigration,ours,0,233,1.0,307,299,8,1070,0,0,3,3,5,3,0.0
continuous_immigration,ours,0,234,1.0,313,305,8,1074,0,0,1,1,2,1,0.0
continuous_immigration,ours,0,235,1.0,316,308,8,1077,0,0,2,2,2,2,0.0
continuous_immigration,ours,0,236,nan,321,313,8,1077,0,0,0,0,0,0,0.0
continuous_immigration,ours,0,237,1.0,321,313,8,1083,0,0,2,2,2,2,0.0
continuous_immigration,ours,0,238,1.0,313,305,8,1096,0,1,1,1,2,1,0.0
continuous_immigration,ours,0,239,1.0,317,309,8,1100,0,1,2,2,2,2,0.0
continuous_immigration,ours,0,240,1.0,315,307,8,1107,0,1,4,4,6,4,0.0
continuous_immigration,ours,0,241,1.0,313,305,8,1115,0,1,3,3,6,3,0.0
continuous_immigration,ours,0,242,1.0,312,304,8,1120,0,1,4,4,6,4,0.0
continuous_immigration,ours,0,243,1.0,311,303,8,1129,0,1,2,2,3,2,0.0
continuous_immigration,ours,0,244,1.0,308,300,8,1134,0,1,2,2,2,2,0.0
continuous_immigration,ours,0,245,1.0,315,307,8,1136,0,1,2,2,5,2,0.0
continuous_immigration,ours,0,246,1.0,317,309,8,1141,0,1,1,1,1,1,0.0
continuous_immigration,ours,0,247,1.0,315,307,8,1149,0,1,2,2,4,2,0.0
continuous_immigration,ours,0,248,1.0,318,310,8,1150,0,1,2,2,2,2,0.0
continuous_immigration,ours,0,249,1.0,319,311,8,1153,0,1,1,1,1,1,0.0
continuous_immigration,ours,0,250,1.0,323,315,8,1154,0,1,2,2,7,2,0.0
continuous_immigration,ours,0,251,1.0,321,313,8,1161,0,1,3,3,7,3,0.0
continuous_immigration,ours,0,252,1.0,325,317,8,1167,0,1,1,1,1,1,0.0
continuous_immigration,ours,0,253,nan,330,322,8,1169,0,1,0,0,0,0,0.0
continuous_immigration,ours,0,254,1.0,329,321,8,1175,0,1,2,2,5,2,0.0
continuous_immigration,ours,0,255,1.0,333,325,8,1180,0,1,6,6,15,6,0.0
continuous_immigration,ours,0,256,nan,338,330,8,1183,0,1,0,0,0,0,0.0
continuous_immigration,ours,0,257,1.0,339,331,8,1189,0,1,2,2,2,2,0.0
continuous_immigration,ours,0,258,1.0,338,330,8,1195,0,0,2,2,4,2,0.0
continuous_immigration,ours,0,259,nan,333,325,8,1204,0,0,0,0,0,0,0.0
continuous_immigration,ours,0,260,1.0,336,328,8,1207,0,0,3,3,5,3,0.0
continuous_immigration,ours,0,261,1.0,332,324,8,1216,0,0,3,3,6,3,0.0
continuous_immigration,ours,0,262,1.0,332,324,8,1221,0,0,4,4,6,4,0.0
continuous_immigration,ours,0,263,1.0,335,327,8,1226,0,0,2,2,4,2,0.0
continuous_immigration,ours,0,264,1.0,334,326,8,1233,0,0,1,1,2,1,0.0
continuous_immigration,ours,0,265,1.0,339,331,8,1238,0,0,1,1,1,1,0.0
continuous_immigration,ours,0,266,1.0,334,326,8,1249,0,0,2,2,2,2,0.0
continuous_immigration,ours,0,267,1.0,334,326,8,1254,0,0,2,2,7,2,0.0
continuous_immigration,ours,0,268,1.0,325,317,8,1266,0,0,1,1,2,1,0.0
continuous_immigration,ours,0,269,nan,319,311,8,1275,0,0,0,0,0,0,0.0
continuous_immigration,ours,0,270,1.0,319,311,8,1280,0,0,3,3,7,3,0.0
continuous_immigration,ours,0,271,1.0,316,308,8,1287,0,0,5,5,12,5,0.0
continuous_immigration,ours,0,272,1.0,318,310,8,1292,0,0,4,4,9,4,0.0
continuous_immigration,ours,0,273,1.0,318,310,8,1299,0,0,2,2,3,2,0.0
continuous_immigration,ours,0,274,nan,323,315,8,1301,0,0,0,0,0,0,0.0
continuous_immigration,ours,0,275,1.0,319,311,8,1309,0,0,3,3,6,3,0.0
continuous_immigration,ours,0,276,1.0,322,314,8,1313,0,0,4,4,8,4,0.0
continuous_immigration,ours,0,277,1.0,323,315,8,1319,0,0,4,4,7,4,0.0
continuous_immigration,ours,0,278,1.0,326,318,8,1322,0,0,2,2,3,2,0.0
continuous_immigration,ours,0,279,1.0,327,319,8,1327,0,0,1,1,1,1,0.0
continuous_immigration,ours,0,280,nan,332,324,8,1331,0,0,0,0,0,0,0.0
continuous_immigration,ours,0,281,1.0,337,329,8,1335,0,0,2,2,4,2,0.0
continuous_immigration,ours,0,282,1.0,340,332,8,1341,0,0,2,2,6,2,0.0
continuous_immigration,ours,0,283,1.0,336,328,8,1352,0,0,1,1,3,1,0.0
continuous_immigration,ours,0,284,nan,335,327,8,1358,0,0,0,0,0,0,0.0
continuous_immigration,ours,0,285,1.0,335,327,8,1367,0,0,2,2,5,2,0.0
continuous_immigration,ours,0,286,1.0,336,328,8,1373,0,0,2,2,4,2,0.0
continuous_immigration,ours,0,287,nan,340,332,8,1378,0,0,0,0,0,0,0.0
continuous_immigration,ours,0,288,1.0,343,335,8,1384,0,0,3,3,5,3,0.0
continuous_immigration,ours,0,289,nan,343,335,8,1389,0,0,0,0,0,0,0.0
continuous_immigration,ours,0,290,1.0,342,334,8,1397,0,0,1,1,2,1,0.0
continuous_immigration,ours,0,291,1.0,347,339,8,1402,0,0,2,2,4,2,0.0
continuous_immigration,ours,0,292,1.0,350,342,8,1408,0,0,2,2,5,2,0.0
continuous_immigration,ours,0,293,1.0,354,346,8,1412,0,0,1,1,1,1,0.0
continuous_immigration,ours,0,294,nan,354,346,8,1420,0,0,0,0,0,0,0.0
continuous_immigration,ours,0,295,1.0,360,352,8,1422,0,0,5,5,12,5,0.0
continuous_immigration,ours,0,296,1.0,357,349,8,1431,0,0,1,1,3,1,0.0
continuous_immigration,ours,0,297,1.0,356,348,8,1438,0,0,1,1,2,1,0.0
continuous_immigration,ours,0,298,1.0,354,346,8,1444,0,0,3,3,7,3,0.0
continuous_immigration,ours,0,299,1.0,354,346,8,1448,0,0,2,2,4,2,0.0
continuous_immigration,ours,0,300,1.0,354,346,8,1452,0,0,1,1,1,1,0.0
continuous_immigration,ours,0,301,1.0,353,345,8,1457,0,0,2,2,4,2,0.0
continuous_immigration,ours,0,302,nan,353,345,8,1462,0,0,0,0,0,0,0.0
continuous_immigration,ours,0,303,1.0,349,341,8,1472,0,0,1,1,2,1,0.0
continuous_immigration,ours,0,304,1.0,348,340,8,1479,0,0,1,1,3,1,0.0
continuous_immigration,ours,0,305,1.0,347,339,8,1484,0,0,4,4,9,4,0.0
continuous_immigration,ours,0,306,1.0,343,335,8,1493,0,0,4,4,7,4,0.0
continuous_immigration,ours,0,307,1.0,339,331,8,1501,0,0,3,3,5,3,0.0
continuous_immigration,ours,0,308,1.0,339,331,8,1508,0,0,3,3,6,3,0.0
continuous_immigration,ours,0,309,1.0,341,333,8,1513,0,0,1,1,1,1,0.0
continuous_immigration,ours,0,310,1.0,341,333,8,1517,0,0,1,1,3,1,0.0
continuous_immigration,ours,0,311,1.0,339,331,8,1523,0,0,1,1,3,1,0.0
continuous_immigration,ours,0,312,1.0,336,328,8,1528,0,0,3,3,6,3,0.0
continuous_immigration,ours,0,313,1.0,336,328,8,1533,0,0,1,1,2,1,0.0
continuous_immigration,ours,0,314,1.0,333,325,8,1541,0,0,2,2,3,2,0.0
continuous_immigration,ours,0,315,1.0,332,324,8,1547,0,0,1,1,1,1,0.0
continuous_immigration,ours,0,316,1.0,331,323,8,1557,0,0,4,4,8,4,0.0
continuous_immigration,ours,0,317,1.0,331,323,8,1563,0,0,1,1,2,1,0.0
continuous_immigration,ours,0,318,1.0,338,330,8,1568,0,0,3,3,6,3,0.0
continuous_immigration,ours,0,319,1.0,344,336,8,1571,0,0,3,3,5,3,0.0
continuous_immigration,ours,0,320,1.0,345,337,8,1574,0,0,3,3,8,3,0.0
continuous_immigration,ours,0,321,1.0,346,338,8,1579,0,0,5,5,11,5,0.0
continuous_immigration,ours,0,322,1.0,347,339,8,1583,0,0,1,1,1,1,0.0
continuous_immigration,ours,0,323,1.0,346,338,8,1590,0,0,2,2,4,2,0.0
continuous_immigration,ours,0,324,1.0,348,340,8,1597,0,0,2,2,3,2,0.0
continuous_immigration,ours,0,325,1.0,344,336,8,1604,0,0,3,3,7,3,0.0
continuous_immigration,ours,0,326,1.0,345,337,8,1608,0,0,4,4,8,4,0.0
continuous_immigration,ours,0,327,1.0,348,340,8,1615,0,0,1,1,2,1,0.0
continuous_immigration,ours,0,328,1.0,351,343,8,1622,0,0,3,3,5,3,0.0
continuous_immigration,ours,0,329,1.0,352,344,8,1628,0,0,2,2,6,2,0.0
continuous_immigration,ours,0,330,1.0,352,344,8,1634,0,0,1,1,2,1,0.0
continuous_immigration,ours,0,331,1.0,350,342,8,1643,0,0,2,2,2,2,0.0
continuous_immigration,ours,0,332,1.0,345,337,8,1652,0,0,3,3,5,3,0.0
continuous_immigration,ours,0,333,1.0,340,332,8,1661,0,0,1,1,2,1,0.0
continuous_immigration,ours,0,334,1.0,335,327,8,1668,0,0,2,2,2,2,0.0
continuous_immigration,ours,0,335,1.0,335,327,8,1673,0,0,2,2,4,2,0.0
continuous_immigration,ours,0,336,1.0,332,324,8,1682,0,0,3,3,5,3,0.0
continuous_immigration,ours,0,337,1.0,334,326,8,1689,0,0,4,4,5,4,0.0
continuous_immigration,ours,0,338,1.0,329,321,8,1698,0,0,3,3,5,3,0.0
continuous_immigration,ours,0,339,1.0,328,320,8,1707,0,0,4,4,9,4,0.0
continuous_immigration,ours,0,340,1.0,328,320,8,1712,0,0,5,5,9,5,0.0
continuous_immigration,ours,0,341,nan,325,317,8,1719,0,0,0,0,0,0,0.0
continuous_immigration,ours,0,342,1.0,318,310,8,1729,0,0,5,5,10,5,0.0
continuous_immigration,ours,0,343,1.0,314,306,8,1738,0,0,1,1,2,1,0.0
continuous_immigration,ours,0,344,1.0,317,309,8,1746,0,0,3,3,4,3,0.0
continuous_immigration,ours,0,345,1.0,315,307,8,1754,0,0,3,3,7,3,0.0
continuous_immigration,ours,0,346,1.0,311,303,8,1762,0,0,4,4,6,4,0.0
continuous_immigration,ours,0,347,1.0,309,301,8,1768,0,0,2,2,5,2,0.0
continuous_immigration,ours,0,348,1.0,308,300,8,1774,0,0,1,1,1,1,0.0
continuous_immigration,ours,0,349,1.0,309,301,8,1778,0,0,2,2,4,2,0.0
continuous_immigration,ours,0,350,1.0,310,302,8,1782,0,0,2,2,6,2,0.0
continuous_immigration,ours,0,351,1.0,317,309,8,1786,0,0,3,3,4,3,0.0
continuous_immigration,ours,0,352,1.0,321,313,8,1790,0,0,4,4,9,4,0.0
continuous_immigration,ours,0,353,1.0,318,310,8,1795,0,0,3,3,4,3,0.0
continuous_immigration,ours,0,354,1.0,322,314,8,1801,0,0,1,1,1,1,0.0
continuous_immigration,ours,0,355,nan,318,310,8,1807,0,0,0,0,0,0,0.0
continuous_immigration,ours,0,356,1.0,318,310,8,1811,0,0,3,3,5,3,0.0
continuous_immigration,ours,0,357,1.0,318,310,8,1816,0,0,2,2,3,2,0.0
continuous_immigration,ours,0,358,1.0,318,310,8,1820,0,0,4,4,8,4,0.0
continuous_immigration,ours,0,359,1.0,313,305,8,1827,0,0,3,3,4,3,0.0
continuous_immigration,ours,0,360,nan,308,300,8,1835,0,0,0,0,0,0,0.0
continuous_immigration,ours,0,361,1.0,309,301,8,1839,0,0,1,1,1,1,0.0
continuous_immigration,ours,0,362,1.0,311,303,8,1843,0,0,2,2,2,2,0.0
continuous_immigration,ours,0,363,1.0,315,307,8,1845,0,0,2,2,3,2,0.0
continuous_immigration,ours,0,364,1.0,314,306,8,1850,0,0,4,4,6,4,0.0
continuous_immigration,ours,0,365,nan,316,308,8,1855,0,0,0,0,0,0,0.0
continuous_immigration,ours,0,366,1.0,321,313,8,1860,0,0,3,3,5,3,0.0
continuous_immigration,ours,0,367,1.0,320,312,8,1869,0,0,2,2,2,2,0.0
continuous_immigration,ours,0,368,nan,321,313,8,1875,0,0,0,0,0,0,0.0
continuous_immigration,ours,0,369,1.0,314,306,8,1888,0,0,3,3,4,3,0.0
continuous_immigration,ours,0,370,1.0,310,302,8,1897,0,0,4,4,6,4,0.0
continuous_immigration,ours,0,371,1.0,317,309,8,1901,0,0,1,1,3,1,0.0
continuous_immigration,ours,0,372,1.0,314,306,8,1907,0,0,3,3,4,3,0.0
continuous_immigration,ours,0,373,1.0,311,303,8,1912,0,0,7,7,10,7,0.0
continuous_immigration,ours,0,374,nan,311,303,8,1918,0,0,0,0,0,0,0.0
continuous_immigration,ours,0,375,1.0,309,301,8,1927,0,0,2,2,2,2,0.0
continuous_immigration,ours,0,376,1.0,310,302,8,1930,0,0,3,3,4,3,0.0
continuous_immigration,ours,0,377,1.0,312,304,8,1935,0,0,3,3,6,3,0.0
continuous_immigration,ours,0,378,1.0,308,300,8,1945,0,0,2,2,2,2,0.0
continuous_immigration,ours,0,379,1.0,304,296,8,1953,0,0,5,5,8,5,0.0
continuous_immigration,ours,0,380,nan,302,294,8,1960,0,0,0,0,0,0,0.0
continuous_immigration,ours,0,381,1.0,303,295,8,1966,0,0,1,1,1,1,0.0
continuous_immigration,ours,0,382,1.0,304,296,8,1973,0,0,2,2,4,2,0.0
continuous_immigration,ours,0,383,1.0,303,295,8,1977,0,0,3,3,3,3,0.0
continuous_immigration,ours,0,384,1.0,308,300,8,1981,0,0,2,2,3,2,0.0
continuous_immigration,ours,0,385,1.0,313,305,8,1983,0,0,1,1,1,1,0.0
continuous_immigration,ours,0,386,1.0,314,306,8,1988,0,0,1,1,1,1,0.0
continuous_immigration,ours,0,387,1.0,311,303,8,1994,0,0,1,1,1,1,0.0
continuous_immigration,ours,0,388,1.0,312,304,8,2003,0,0,2,2,4,2,0.0
continuous_immigration,ours,0,389,1.0,315,307,8,2007,0,0,3,3,4,3,0.0
continuous_immigration,ours,0,390,1.0,317,309,8,2015,0,0,2,2,3,2,0.0
continuous_immigration,ours,0,391,1.0,320,312,8,2020,0,0,1,1,1,1,0.0
continuous_immigration,ours,0,392,1.0,320,312,8,2024,0,0,2,2,3,2,0.0
continuous_immigration,ours,0,393,1.0,323,315,8,2027,0,0,1,1,1,1,0.0
continuous_immigration,ours,0,394,nan,329,321,8,2032,0,0,0,0,0,0,0.0
continuous_immigration,ours,0,395,1.0,325,317,8,2043,0,0,2,2,5,2,0.0
continuous_immigration,ours,0,396,nan,323,315,8,2049,0,0,0,0,0,0,0.0
continuous_immigration,ours,0,397,nan,326,318,8,2053,0,0,0,0,0,0,0.0
continuous_immigration,ours,0,398,1.0,328,320,8,2057,0,0,4,4,6,4,0.0
continuous_immigration,ours,0,399,1.0,326,318,8,2062,0,0,1,1,1,1,0.0
continuous_immigration,ours,1,0,0.0,9,9,0,0,0,0,1,0,0,0,nan
continuous_immigration,ours,1,1,0.0,15,15,0,0,0,0,1,0,0,0,nan
continuous_immigration,ours,1,2,0.0,24,24,0,0,0,0,1,0,0,0,nan
continuous_immigration,ours,1,3,0.5,30,30,0,0,0,0,2,1,1,1,nan
continuous_immigration,ours,1,4,nan,36,36,0,0,0,0,0,0,0,0,nan
continuous_immigration,ours,1,5,0.0,46,46,0,0,0,0,2,0,1,0,nan
continuous_immigration,ours,1,6,0.0,52,52,0,0,0,0,1,0,0,0,nan
continuous_immigration,ours,1,7,0.0,57,57,0,0,0,0,1,0,0,0,nan
continuous_immigration,ours,1,8,0.5,64,64,0,0,0,0,2,1,1,1,nan
continuous_immigration,ours,1,9,0.6666666666666666,68,68,0,0,0,0,3,2,2,2,nan
continuous_immigration,ours,1,10,1.0,74,74,0,0,0,0,1,1,1,1,nan
continuous_immigration,ours,1,11,0.0,82,82,0,0,0,0,1,0,0,0,nan
continuous_immigration,ours,1,12,1.0,92,92,0,0,0,0,2,2,2,2,nan
continuous_immigration,ours,1,13,1.0,97,97,0,0,0,0,1,1,1,1,nan
continuous_immigration,ours,1,14,0.6,104,104,0,0,0,0,5,3,3,3,nan
continuous_immigration,ours,1,15,1.0,107,107,0,0,0,0,1,1,1,1,nan
continuous_immigration,ours,1,16,0.6,116,116,0,0,0,0,5,3,3,3,nan
continuous_immigration,ours,1,17,0.8,121,120,1,0,0,0,5,4,6,4,0.0
continuous_immigration,ours,1,18,0.6666666666666666,127,125,2,0,0,0,3,2,3,2,0.0
continuous_immigration,ours,1,19,nan,133,131,2,0,0,0,0,0,0,0,0.0
continuous_immigration,ours,1,20,1.0,142,140,2,0,0,0,1,1,2,1,0.0
continuous_immigration,ours,1,21,0.25,152,150,2,0,0,0,4,1,1,1,0.0
continuous_immigration,ours,1,22,0.5,158,156,2,0,0,0,2,1,1,1,0.0
continuous_immigration,ours,1,23,0.3333333333333333,164,162,2,0,0,0,3,1,3,1,0.0
continuous_immigration,ours,1,24,0.0,170,168,2,0,0,0,1,0,0,0,0.0
continuous_immigration,ours,1,25,1.0,172,170,2,0,0,0,1,1,1,1,0.0
continuous_immigration,ours,1,26,1.0,176,174,2,0,0,0,2,2,3,2,0.0
continuous_immigration,ours,1,27,1.0,185,183,2,0,0,0,2,2,3,2,0.0
continuous_immigration,ours,1,28,0.5,191,189,2,0,0,0,2,1,1,1,0.0
continuous_immigration,ours,1,29,1.0,197,195,2,0,0,0,1,1,1,1,0.0
continuous_immigration,ours,1,30,1.0,204,202,2,0,0,0,2,2,2,2,0.0
continuous_immigration,ours,1,31,0.75,210,208,2,0,0,0,4,3,4,3,0.0
continuous_immigration,ours,1,32,0.5,218,216,2,0,0,0,4,2,3,2,0.0
continuous_immigration,ours,1,33,1.0,225,222,3,0,0,0,1,1,1,1,0.0
continuous_immigration,ours,1,34,1.0,231,227,4,0,0,0,1,1,1,1,0.0
continuous_immigration,ours,1,35,0.5,237,233,4,0,0,0,2,1,1,1,0.0
continuous_immigration,ours,1,36,1.0,246,242,4,0,0,0,1,1,2,1,0.0
continuous_immigration,ours,1,37,nan,251,247,4,0,0,0,0,0,0,0,0.0
continuous_immigration,ours,1,38,1.0,253,249,4,0,0,0,1,1,1,1,0.0
continuous_immigration,ours,1,39,0.5,257,253,4,0,0,0,4,2,2,2,0.0
continuous_immigration,ours,1,40,1.0,261,257,4,0,0,0,2,2,3,2,0.0
continuous_immigration,ours,1,41,1.0,269,265,4,0,0,0,2,2,2,2,0.0
continuous_immigration,ours,1,42,1.0,273,269,4,0,0,0,2,2,4,2,0.0
continuous_immigration,ours,1,43,1.0,282,278,4,0,0,0,1,1,2,1,0.0
continuous_immigration,ours,1,44,1.0,287,283,4,0,0,0,2,2,2,2,0.0
continuous_immigration,ours,1,45,nan,295,291,4,0,0,0,0,0,0,0,0.0
continuous_immigration,ours,1,46,1.0,302,298,4,0,0,0,3,3,3,3,0.0
continuous_immigration,ours,1,47,1.0,309,305,4,0,0,0,3,3,4,3,0.0
continuous_immigration,ours,1,48,nan,313,309,4,0,0,0,0,0,0,0,0.0
continuous_immigration,ours,1,49,nan,315,311,4,0,0,0,0,0,0,0,0.0
continuous_immigration,ours,1,50,1.0,326,322,4,0,0,0,3,3,4,3,0.0
continuous_immigration,ours,1,51,1.0,322,318,4,8,0,0,1,1,2,1,0.0
continuous_immigration,ours,1,52,1.0,317,313,4,14,0,0,1,1,1,1,0.0
continuous_immigration,ours,1,53,0.75,314,310,4,22,0,0,4,3,3,3,0.0
continuous_immigration,ours,1,54,1.0,315,310,5,28,0,0,1,1,1,1,0.0
continuous_immigration,ours,1,55,1.0,315,310,5,34,0,0,1,1,1,1,0.0
continuous_immigration,ours,1,56,1.0,311,306,5,42,0,0,2,2,2,2,0.0
continuous_immigration,ours,1,57,1.0,313,308,5,47,0,0,1,1,1,1,0.0
continuous_immigration,ours,1,58,1.0,314,309,5,51,0,0,3,3,3,3,0.0
continuous_immigration,ours,1,59,1.0,317,312,5,56,0,0,3,3,4,3,0.0
continuous_immigration,ours,1,60,1.0,318,313,5,59,0,0,3,3,5,3,0.0
continuous_immigration,ours,1,61,1.0,315,310,5,64,0,0,1,1,3,1,0.0
continuous_immigration,ours,1,62,1.0,312,307,5,72,0,0,2,2,2,2,0.0
continuous_immigration,ours,1,63,1.0,309,304,5,82,0,0,2,2,5,2,0.0
continuous_immigration,ours,1,64,1.0,307,302,5,87,0,0,4,4,5,4,0.0
continuous_immigration,ours,1,65,1.0,306,301,5,94,0,0,3,3,5,3,0.0
continuous_immigration,ours,1,66,1.0,308,303,5,97,0,0,2,2,4,2,0.0
continuous_immigration,ours,1,67,1.0,306,301,5,107,0,0,3,3,3,3,0.0
continuous_immigration,ours,1,68,1.0,307,301,6,113,0,0,1,1,2,1,0.0
continuous_immigration,ours,1,69,1.0,303,297,6,119,0,0,1,1,1,1,0.0
continuous_immigration,ours,1,70,nan,306,300,6,125,0,0,0,0,0,0,0.0
continuous_immigration,ours,1,71,1.0,304,297,7,134,0,0,3,3,4,3,0.0
continuous_immigration,ours,1,72,nan,300,293,7,143,0,0,0,0,0,0,0.0
continuous_immigration,ours,1,73,1.0,300,293,7,149,0,0,1,1,1,1,0.0
continuous_immigration,ours,1,74,1.0,303,296,7,155,0,0,1,1,1,1,0.0
continuous_immigration,ours,1,75,1.0,305,298,7,159,0,0,2,2,4,2,0.0
continuous_immigration,ours,1,76,1.0,305,298,7,161,0,0,1,1,1,1,0.0
continuous_immigration,ours,1,77,0.5,307,300,7,164,0,0,2,1,2,1,0.0
continuous_immigration,ours,1,78,1.0,304,297,7,173,0,0,2,2,4,2,0.0
continuous_immigration,ours,1,79,1.0,306,299,7,179,0,0,3,3,4,3,0.0
continuous_immigration,ours,1,80,1.0,307,300,7,185,0,0,1,1,2,1,0.0
continuous_immigration,ours,1,81,1.0,305,298,7,192,0,0,1,1,2,1,0.0
continuous_immigration,ours,1,82,1.0,303,296,7,198,0,0,2,2,2,2,0.0
continuous_immigration,ours,1,83,1.0,301,294,7,206,0,0,2,2,3,2,0.0
continuous_immigration,ours,1,84,nan,297,290,7,213,0,0,0,0,0,0,0.0
continuous_immigration,ours,1,85,nan,298,291,7,219,0,0,0,0,0,0,0.0
continuous_immigration,ours,1,86,nan,298,291,7,225,0,0,0,0,0,0,0.0
continuous_immigration,ours,1,87,nan,293,286,7,234,0,0,0,0,0,0,0.0
continuous_immigration,ours,1,88,1.0,292,285,7,238,0,0,3,3,5,3,0.0
continuous_immigration,ours,1,89,1.0,297,290,7,240,0,0,1,1,1,1,0.0
continuous_immigration,ours,1,90,nan,299,292,7,244,0,0,0,0,0,0,0.0
continuous_immigration,ours,1,91,1.0,305,298,7,247,0,0,2,2,3,2,0.0
continuous_immigration,ours,1,92,1.0,299,292,7,255,0,0,3,3,4,3,0.0
continuous_immigration,ours,1,93,1.0,299,292,7,258,0,0,7,7,11,7,0.0
continuous_immigration,ours,1,94,1.0,299,293,6,267,0,0,1,1,2,1,0.0
continuous_immigration,ours,1,95,1.0,302,296,6,271,0,0,1,1,1,1,0.0
continuous_immigration,ours,1,96,1.0,296,290,6,279,0,0,3,3,3,3,0.0
continuous_immigration,ours,1,97,1.0,294,288,6,286,0,0,3,3,6,3,0.0
continuous_immigration,ours,1,98,1.0,290,284,6,293,0,0,2,2,3,2,0.0
continuous_immigration,ours,1,99,1.0,294,288,6,297,0,0,1,1,3,1,0.0
continuous_immigration,ours,1,100,nan,298,292,6,299,0,0,0,0,0,0,0.0
continuous_immigration,ours,1,101,1.0,292,286,6,310,0,0,1,1,2,1,0.0
continuous_immigration,ours,1,102,1.0,297,291,6,314,0,0,2,2,3,2,0.0
continuous_immigration,ours,1,103,1.0,300,294,6,315,0,0,4,4,4,4,0.0
continuous_immigration,ours,1,104,1.0,300,294,6,320,0,0,3,3,6,3,0.0
continuous_immigration,ours,1,105,1.0,297,291,6,327,0,0,2,2,2,2,0.0
continuous_immigration,ours,1,106,1.0,299,293,6,332,0,0,1,1,2,1,0.0
continuous_immigration,ours,1,107,1.0,298,292,6,336,0,0,2,2,3,2,0.0
continuous_immigration,ours,1,108,1.0,299,293,6,342,0,0,4,4,8,4,0.0
continuous_immigration,ours,1,109,1.0,297,290,7,347,0,0,2,2,2,2,0.0
continuous_immigration,ours,1,110,1.0,295,288,7,355,0,0,2,2,3,2,0.0
continuous_immigration,ours,1,111,1.0,295,288,7,359,0,0,1,1,2,1,0.0
continuous_immigration,ours,1,112,nan,300,293,7,361,0,0,0,0,0,0,0.0
continuous_immigration,ours,1,113,1.0,306,299,7,366,0,0,4,4,5,4,0.0
continuous_immigration,ours,1,114,1.0,300,293,7,373,0,0,1,1,1,1,0.0
continuous_immigration,ours,1,115,1.0,304,297,7,376,0,0,1,1,2,1,0.0
continuous_immigration,ours,1,116,1.0,305,298,7,382,0,0,1,1,3,1,0.0
continuous_immigration,ours,1,117,nan,303,296,7,387,0,0,0,0,0,0,0.0
continuous_immigration,ours,1,118,1.0,298,291,7,395,0,0,1,1,1,1,0.0
continuous_immigration,ours,1,119,1.0,295,288,7,402,0,0,1,1,1,1,0.0
continuous_immigration,ours,1,120,nan,305,298,7,404,0,0,0,0,0,0,0.0
continuous_immigration,ours,1,121,1.0,300,293,7,413,0,0,3,3,6,3,0.0
continuous_immigration,ours,1,122,1.0,297,290,7,420,0,0,2,2,4,2,0.0
continuous_immigration,ours,1,123,1.0,299,292,7,425,0,0,2,2,5,2,0.0
continuous_immigration,ours,1,124,1.0,296,289,7,432,0,0,3,3,5,3,0.0
continuous_immigration,ours,1,125,1.0,293,286,7,441,0,0,1,1,1,1,0.0
continuous_immigration,ours,1,126,1.0,293,285,8,447,0,0,5,5,9,5,0.0
continuous_immigration,ours,1,127,1.0,302,294,8,449,0,0,2,2,2,2,0.0
continuous_immigration,ours,1,128,1.0,303,295,8,454,0,0,2,2,3,2,0.0
continuous_immigration,ours,1,129,nan,300,292,8,460,0,0,0,0,0,0,0.0
continuous_immigration,ours,1,130,1.0,299,291,8,468,0,0,5,5,10,5,0.0
continuous_immigration,ours,1,131,1.0,296,288,8,475,0,0,4,4,4,4,0.0
continuous_immigration,ours,1,132,1.0,299,291,8,480,0,0,2,2,5,2,0.0
continuous_immigration,ours,1,133,1.0,300,292,8,484,0,0,3,3,4,3,0.0
continuous_immigration,ours,1,134,nan,301,293,8,490,0,0,0,0,0,0,0.0
continuous_immigration,ours,1,135,1.0,305,297,8,493,0,0,1,1,3,1,0.0
continuous_immigration,ours,1,136,1.0,304,296,8,499,0,1,3,3,7,3,0.0
continuous_immigration,ours,1,137,1.0,302,294,8,505,0,1,1,1,1,1,0.0
continuous_immigration,ours,1,138,nan,303,295,8,509,0,1,0,0,0,0,0.0
continuous_immigration,ours,1,139,1.0,307,299,8,512,0,1,1,1,3,1,0.0
continuous_immigration,ours,1,140,1.0,309,301,8,519,0,1,4,4,7,4,0.0
continuous_immigration,ours,1,141,1.0,306,298,8,525,0,1,2,2,4,2,0.0
continuous_immigration,ours,1,142,nan,309,301,8,534,0,1,0,0,0,0,0.0
continuous_immigration,ours,1,143,1.0,312,304,8,536,0,1,3,3,4,3,0.0
continuous_immigration,ours,1,144,1.0,312,304,8,539,0,1,3,3,4,3,0.0
continuous_immigration,ours,1,145,1.0,308,300,8,548,0,1,1,1,2,1,0.0
continuous_immigration,ours,1,146,1.0,308,300,8,555,0,1,4,4,5,4,0.0
continuous_immigration,ours,1,147,1.0,314,306,8,557,0,1,2,2,2,2,0.0
continuous_immigration,ours,1,148,1.0,317,309,8,562,0,1,3,3,4,3,0.0
continuous_immigration,ours,1,149,1.0,324,316,8,565,0,1,2,2,4,2,0.0
continuous_immigration,ours,1,150,nan,320,312,8,573,0,1,0,0,0,0,0.0
continuous_immigration,ours,1,151,nan,319,311,8,579,0,1,0,0,0,0,0.0
continuous_immigration,ours,1,152,1.0,319,311,8,584,0,1,1,1,2,1,0.0
continuous_immigration,ours,1,153,1.0,317,309,8,593,0,1,3,3,7,3,0.0
continuous_immigration,ours,1,154,1.0,318,310,8,597,0,1,2,2,3,2,0.0
continuous_immigration,ours,1,155,1.0,324,316,8,602,0,1,1,1,1,1,0.0
continuous_immigration,ours,1,156,1.0,325,317,8,606,0,0,5,5,10,5,0.0
continuous_immigration,ours,1,157,1.0,326,318,8,613,0,0,1,1,2,1,0.0
continuous_immigration,ours,1,158,1.0,335,327,8,616,0,0,2,2,2,2,0.0
continuous_immigration,ours,1,159,1.0,334,326,8,623,0,0,1,1,2,1,0.0
continuous_immigration,ours,1,160,1.0,338,330,8,626,0,0,1,1,1,1,0.0
continuous_immigration,ours,1,161,1.0,336,328,8,632,0,0,2,2,3,2,0.0
continuous_immigration,ours,1,162,1.0,339,331,8,636,0,0,3,3,6,3,0.0
continuous_immigration,ours,1,163,1.0,338,330,8,643,0,0,5,5,9,5,0.0
continuous_immigration,ours,1,164,1.0,333,325,8,654,0,0,3,3,5,3,0.0
continuous_immigration,ours,1,165,1.0,333,325,8,655,0,0,1,1,1,1,0.0
continuous_immigration,ours,1,166,1.0,329,321,8,662,0,0,2,2,4,2,0.0
continuous_immigration,ours,1,167,1.0,327,319,8,669,0,0,2,2,4,2,0.0
continuous_immigration,ours,1,168,1.0,333,325,8,671,0,0,2,2,2,2,0.0
continuous_immigration,ours,1,169,1.0,333,325,8,674,0,0,1,1,3,1,0.0
continuous_immigration,ours,1,170,1.0,333,325,8,678,0,0,2,2,2,2,0.0
continuous_immigration,ours,1,171,nan,330,322,8,690,0,0,0,0,0,0,0.0
continuous_immigration,ours,1,172,1.0,340,332,8,694,0,0,3,3,4,3,0.0
continuous_immigration,ours,1,173,1.0,346,338,8,698,0,0,4,4,10,4,0.0
continuous_immigration,ours,1,174,1.0,347,339,8,705,0,0,3,3,3,3,0.0
continuous_immigration,ours,1,175,nan,345,337,8,709,0,0,0,0,0,0,0.0
continuous_immigration,ours,1,176,1.0,349,341,8,715,0,0,2,2,6,2,0.0
continuous_immigration,ours,1,177,1.0,348,340,8,722,0,0,1,1,3,1,0.0
continuous_immigration,ours,1,178,1.0,352,344,8,733,0,0,2,2,3,2,0.0
continuous_immigration,ours,1,179,nan,358,350,8,739,0,0,0,0,0,0,0.0
continuous_immigration,ours,1,180,1.0,364,356,8,742,0,0,4,4,9,4,0.0
continuous_immigration,ours,1,181,1.0,362,354,8,749,0,0,4,4,7,4,0.0
continuous_immigration,ours,1,182,1.0,364,356,8,753,0,0,1,1,2,1,0.0
continuous_immigration,ours,1,183,1.0,366,358,8,761,0,0,3,3,6,3,0.0
continuous_immigration,ours,1,184,1.0,365,357,8,766,0,0,2,2,5,2,0.0
continuous_immigration,ours,1,185,1.0,369,361,8,772,0,0,2,2,2,2,0.0
continuous_immigration,ours,1,186,nan,365,357,8,779,0,0,0,0,0,0,0.0
continuous_immigration,ours,1,187,1.0,363,355,8,784,0,0,6,6,10,6,0.0
continuous_immigration,ours,1,188,1.0,364,356,8,788,0,0,2,2,2,2,0.0
continuous_immigration,ours,1,189,1.0,366,358,8,793,0,0,4,4,6,4,0.0
continuous_immigration,ours,1,190,1.0,365,357,8,799,0,0,2,2,3,2,0.0
continuous_immigration,ours,1,191,1.0,359,351,8,808,0,0,2,2,2,2,0.0
continuous_immigration,ours,1,192,1.0,362,354,8,811,0,0,2,2,2,2,0.0
continuous_immigration,ours,1,193,nan,355,347,8,823,0,0,0,0,0,0,0.0
continuous_immigration,ours,1,194,nan,352,344,8,828,0,0,0,0,0,0,0.0
continuous_immigration,ours,1,195,1.0,354,346,8,832,0,0,2,2,4,2,0.0
continuous_immigration,ours,1,196,1.0,358,350,8,837,0,0,1,1,3,1,0.0
continuous_immigration,ours,1,197,1.0,355,347,8,844,0,0,1,1,1,1,0.0
continuous_immigration,ours,1,198,1.0,351,343,8,852,0,0,4,4,6,4,0.0
continuous_immigration,ours,1,199,1.0,347,339,8,860,0,0,2,2,2,2,0.0
continuous_immigration,ours,1,200,1.0,347,339,8,869,0,0,3,3,8,3,0.0
continuous_immigration,ours,1,201,1.0,347,339,8,873,0,0,5,5,7,5,0.0
continuous_immigration,ours,1,202,1.0,348,340,8,878,0,0,4,4,8,4,0.0
continuous_immigration,ours,1,203,1.0,348,340,8,883,0,0,1,1,1,1,0.0
continuous_immigration,ours,1,204,nan,348,340,8,890,0,0,0,0,0,0,0.0
continuous_immigration,ours,1,205,nan,351,343,8,895,0,0,0,0,0,0,0.0
continuous_immigration,ours,1,206,1.0,346,338,8,906,0,0,1,1,2,1,0.0
continuous_immigration,ours,1,207,1.0,347,339,8,911,0,0,2,2,3,2,0.0
continuous_immigration,ours,1,208,nan,348,340,8,919,0,0,0,0,0,0,0.0
continuous_immigration,ours,1,209,nan,342,334,8,931,0,0,0,0,0,0,0.0
continuous_immigration,ours,1,210,1.0,339,331,8,937,0,0,1,1,1,1,0.0
continuous_immigration,ours,1,211,1.0,341,333,8,944,0,0,2,2,2,2,0.0
continuous_immigration,ours,1,212,1.0,341,333,8,948,0,0,5,5,8,5,0.0
continuous_immigration,ours,1,213,1.0,338,330,8,955,0,0,2,2,2,2,0.0
continuous_immigration,ours,1,214,nan,335,327,8,961,0,0,0,0,0,0,0.0
continuous_immigration,ours,1,215,1.0,336,328,8,967,0,0,1,1,2,1,0.0
continuous_immigration,ours,1,216,1.0,340,332,8,968,0,0,2,2,5,2,0.0
continuous_immigration,ours,1,217,1.0,346,338,8,971,0,0,2,2,3,2,0.0
continuous_immigration,ours,1,218,1.0,346,338,8,976,0,0,1,1,1,1,0.0
continuous_immigration,ours,1,219,1.0,347,339,8,984,0,0,1,1,1,1,0.0
continuous_immigration,ours,1,220,nan,348,340,8,987,0,0,0,0,0,0,0.0
continuous_immigration,ours,1,221,nan,350,342,8,991,0,0,0,0,0,0,0.0
continuous_immigration,ours,1,222,1.0,352,344,8,1000,0,0,2,2,2,2,0.0
continuous_immigration,ours,1,223,1.0,349,341,8,1014,0,0,2,2,3,2,0.0
continuous_immigration,ours,1,224,1.0,350,342,8,1024,0,0,1,1,1,1,0.0
continuous_immigration,ours,1,225,1.0,346,338,8,1032,0,0,1,1,1,1,0.0
continuous_immigration,ours,1,226,1.0,355,347,8,1034,0,0,2,2,3,2,0.0
continuous_immigration,ours,1,227,1.0,345,337,8,1044,0,0,4,4,6,4,0.0
continuous_immigration,ours,1,228,1.0,347,339,8,1050,0,0,2,2,2,2,0.0
continuous_immigration,ours,1,229,1.0,339,331,8,1065,0,0,3,3,6,3,0.0
continuous_immigration,ours,1,230,1.0,335,327,8,1077,0,0,1,1,1,1,0.0
continuous_immigration,ours,1,231,1.0,328,320,8,1086,0,0,2,2,2,2,0.0
continuous_immigration,ours,1,232,1.0,330,322,8,1091,0,0,1,1,2,1,0.0
continuous_immigration,ours,1,233,1.0,335,327,8,1097,0,0,4,4,6,4,0.0
continuous_immigration,ours,1,234,1.0,332,324,8,1107,0,0,2,2,3,2,0.0
continuous_immigration,ours,1,235,1.0,333,325,8,1111,0,0,2,2,3,2,0.0
continuous_immigration,ours,1,236,1.0,326,318,8,1121,0,0,1,1,1,1,0.0
continuous_immigration,ours,1,237,1.0,326,318,8,1124,0,0,2,2,4,2,0.0
continuous_immigration,ours,1,238,1.0,328,320,8,1127,0,0,2,2,4,2,0.0
continuous_immigration,ours,1,239,1.0,329,321,8,1132,0,0,2,2,3,2,0.0
continuous_immigration,ours,1,240,1.0,326,318,8,1140,0,0,2,2,2,2,0.0
continuous_immigration,ours,1,241,1.0,328,320,8,1146,0,0,2,2,3,2,0.0
continuous_immigration,ours,1,242,1.0,329,321,8,1149,0,0,1,1,1,1,0.0
continuous_immigration,ours,1,243,1.0,325,317,8,1155,0,0,3,3,4,3,0.0
continuous_immigration,ours,1,244,1.0,329,321,8,1160,0,0,3,3,3,3,0.0
continuous_immigration,ours,1,245,1.0,332,324,8,1162,0,0,3,3,3,3,0.0
continuous_immigration,ours,1,246,1.0,331,323,8,1168,0,0,1,1,2,1,0.0
continuous_immigration,ours,1,247,1.0,327,319,8,1177,0,0,1,1,2,1,0.0
continuous_immigration,ours,1,248,1.0,328,320,8,1181,0,0,2,2,2,2,0.0
continuous_immigration,ours,1,249,1.0,331,323,8,1185,0,0,1,1,3,1,0.0
continuous_immigration,ours,1,250,1.0,337,329,8,1189,0,0,2,2,7,2,0.0
continuous_immigration,ours,1,251,1.0,338,330,8,1198,0,0,3,3,4,3,0.0
continuous_immigration,ours,1,252,1.0,343,335,8,1202,0,1,2,2,2,2,0.0
continuous_immigration,ours,1,253,1.0,347,339,8,1208,0,1,2,2,2,2,0.0
continuous_immigration,ours,1,254,1.0,348,340,8,1213,0,1,4,4,6,4,0.0
continuous_immigration,ours,1,255,1.0,343,335,8,1220,0,1,3,3,7,3,0.0
continuous_immigration,ours,1,256,1.0,343,335,8,1227,0,1,4,4,10,4,0.0
continuous_immigration,ours,1,257,1.0,342,334,8,1233,0,1,1,1,3,1,0.0
continuous_immigration,ours,1,258,1.0,343,335,8,1239,0,1,2,2,4,2,0.0
continuous_immigration,ours,1,259,nan,337,329,8,1248,0,1,0,0,0,0,0.0
continuous_immigration,ours,1,260,1.0,340,332,8,1254,0,1,3,3,5,3,0.0
continuous_immigration,ours,1,261,1.0,341,333,8,1257,0,1,4,4,8,4,0.0
continuous_immigration,ours,1,262,1.0,339,331,8,1266,0,1,1,1,2,1,0.0
continuous_immigration,ours,1,263,1.0,343,335,8,1270,0,1,2,2,5,2,0.0
continuous_immigration,ours,1,264,nan,346,338,8,1275,0,1,0,0,0,0,0.0
continuous_immigration,ours,1,265,1.0,348,340,8,1278,0,1,2,2,5,2,0.0
continuous_immigration,ours,1,266,1.0,345,337,8,1285,0,1,1,1,2,1,0.0
continuous_immigration,ours,1,267,nan,347,339,8,1290,0,1,0,0,0,0,0.0
continuous_immigration,ours,1,268,1.0,344,336,8,1299,0,1,1,1,1,1,0.0
continuous_immigration,ours,1,269,1.0,349,341,8,1304,0,1,2,2,4,2,0.0
continuous_immigration,ours,1,270,1.0,347,339,8,1313,0,1,2,2,4,2,0.0
continuous_immigration,ours,1,271,1.0,353,345,8,1317,0,1,3,3,8,3,0.0
continuous_immigration,ours,1,272,1.0,356,348,8,1323,0,0,1,1,1,1,0.0
continuous_immigration,ours,1,273,1.0,351,343,8,1334,0,0,6,6,12,6,0.0
continuous_immigration,ours,1,274,1.0,349,341,8,1345,0,0,3,3,4,3,0.0
continuous_immigration,ours,1,275,nan,346,338,8,1356,0,0,0,0,0,0,0.0
continuous_immigration,ours,1,276,1.0,349,341,8,1360,0,0,1,1,3,1,0.0
continuous_immigration,ours,1,277,nan,342,334,8,1371,0,0,0,0,0,0,0.0
continuous_immigration,ours,1,278,1.0,346,338,8,1371,0,0,2,2,4,2,0.0
continuous_immigration,ours,1,279,1.0,344,336,8,1380,0,0,1,1,2,1,0.0
continuous_immigration,ours,1,280,1.0,341,333,8,1387,0,0,2,2,4,2,0.0
continuous_immigration,ours,1,281,1.0,333,325,8,1395,0,0,1,1,3,1,0.0
continuous_immigration,ours,1,282,1.0,336,328,8,1397,0,0,2,2,5,2,0.0
continuous_immigration,ours,1,283,1.0,335,327,8,1405,0,0,3,3,5,3,0.0
continuous_immigration,ours,1,284,1.0,331,323,8,1416,0,0,4,4,6,4,0.0
continuous_immigration,ours,1,285,1.0,334,326,8,1423,0,0,2,2,3,2,0.0
continuous_immigration,ours,1,286,1.0,341,333,8,1428,0,0,1,1,2,1,0.0
continuous_immigration,ours,1,287,1.0,341,333,8,1431,0,0,4,4,10,4,0.0
continuous_immigration,ours,1,288,1.0,341,333,8,1433,0,0,4,4,6,4,0.0
continuous_immigration,ours,1,289,1.0,341,333,8,1438,0,1,5,5,9,5,0.0
continuous_immigration,ours,1,290,1.0,346,338,8,1444,0,1,1,1,2,1,0.0
continuous_immigration,ours,1,291,1.0,344,336,8,1449,0,1,5,5,12,5,0.0
continuous_immigration,ours,1,292,1.0,345,337,8,1457,0,1,3,3,4,3,0.0
continuous_immigration,ours,1,293,1.0,347,339,8,1461,0,1,4,4,7,4,0.0
continuous_immigration,ours,1,294,1.0,351,343,8,1464,0,1,3,3,7,3,0.0
continuous_immigration,ours,1,295,1.0,344,336,8,1473,0,1,3,3,5,3,0.0
continuous_immigration,ours,1,296,1.0,347,339,8,1478,0,1,2,2,3,2,0.0
continuous_immigration,ours,1,297,1.0,348,340,8,1483,0,1,4,4,6,4,0.0
continuous_immigration,ours,1,298,1.0,346,338,8,1488,0,1,2,2,3,2,0.0
continuous_immigration,ours,1,299,1.0,344,336,8,1492,0,1,1,1,1,1,0.0
continuous_immigration,ours,1,300,1.0,342,334,8,1499,0,1,2,2,3,2,0.0
continuous_immigration,ours,1,301,1.0,340,332,8,1509,0,1,2,2,4,2,0.0
continuous_immigration,ours,1,302,nan,332,324,8,1519,0,1,0,0,0,0,0.0
continuous_immigration,ours,1,303,1.0,327,319,8,1528,0,1,1,1,2,1,0.0
continuous_immigration,ours,1,304,nan,321,313,8,1538,0,1,0,0,0,0,0.0
continuous_immigration,ours,1,305,1.0,324,316,8,1544,0,1,1,1,1,1,0.0
continuous_immigration,ours,1,306,1.0,327,319,8,1546,0,1,3,3,3,3,0.0
continuous_immigration,ours,1,307,1.0,321,313,8,1553,0,1,5,5,8,5,0.0
continuous_immigration,ours,1,308,1.0,321,313,8,1558,0,1,4,4,6,4,0.0
continuous_immigration,ours,1,309,nan,318,310,8,1565,0,0,0,0,0,0,0.0
continuous_immigration,ours,1,310,nan,322,314,8,1568,0,0,0,0,0,0,0.0
continuous_immigration,ours,1,311,1.0,321,313,8,1577,0,0,1,1,1,1,0.0
continuous_immigration,ours,1,312,1.0,321,313,8,1581,0,0,2,2,2,2,0.0
continuous_immigration,ours,1,313,1.0,322,314,8,1588,0,0,3,3,3,3,0.0
continuous_immigration,ours,1,314,1.0,322,314,8,1596,0,0,3,3,5,3,0.0
continuous_immigration,ours,1,315,1.0,321,313,8,1604,0,0,1,1,2,1,0.0
continuous_immigration,ours,1,316,1.0,326,318,8,1609,0,0,2,2,2,2,0.0
continuous_immigration,ours,1,317,1.0,330,322,8,1613,0,0,2,2,2,2,0.0
continuous_immigration,ours,1,318,1.0,331,323,8,1620,0,0,3,3,3,3,0.0
continuous_immigration,ours,1,319,1.0,330,322,8,1626,0,0,3,3,3,3,0.0
continuous_immigration,ours,1,320,1.0,328,320,8,1636,0,0,2,2,2,2,0.0
continuous_immigration,ours,1,321,1.0,334,326,8,1643,0,0,2,2,2,2,0.0
continuous_immigration,ours,1,322,1.0,328,320,8,1653,0,0,1,1,3,1,0.0
continuous_immigration,ours,1,323,1.0,323,315,8,1662,0,0,1,1,3,1,0.0
continuous_immigration,ours,1,324,1.0,321,313,8,1668,0,0,2,2,2,2,0.0
continuous_immigration,ours,1,325,1.0,322,314,8,1677,0,0,1,1,1,1,0.0
continuous_immigration,ours,1,326,1.0,315,307,8,1685,0,0,1,1,1,1,0.0
continuous_immigration,ours,1,327,1.0,313,305,8,1692,0,0,3,3,7,3,0.0
continuous_immigration,ours,1,328,1.0,311,303,8,1696,0,1,2,2,4,2,0.0
continuous_immigration,ours,1,329,nan,311,303,8,1700,0,1,0,0,0,0,0.0
continuous_immigration,ours,1,330,1.0,308,300,8,1707,0,1,3,3,6,3,0.0
continuous_immigration,ours,1,331,1.0,307,299,8,1711,0,1,1,1,1,1,0.0
continuous_immigration,ours,1,332,1.0,315,307,8,1711,0,1,1,1,2,1,0.0
continuous_immigration,ours,1,333,1.0,316,308,8,1716,0,1,3,3,6,3,0.0
continuous_immigration,ours,1,334,1.0,316,308,8,1723,0,1,1,1,1,1,0.0
continuous_immigration,ours,1,335,1.0,316,308,8,1729,0,1,1,1,3,1,0.0
continuous_immigration,ours,1,336,1.0,313,305,8,1739,0,1,3,3,7,3,0.0
continuous_immigration,ours,1,337,1.0,306,298,8,1750,0,1,2,2,3,2,0.0
continuous_immigration,ours,1,338,1.0,308,300,8,1753,0,1,1,1,1,1,0.0
continuous_immigration,ours,1,339,1.0,312,304,8,1755,0,1,1,1,2,1,0.0
continuous_immigration,ours,1,340,1.0,316,308,8,1760,0,1,1,1,1,1,0.0
continuous_immigration,ours,1,341,1.0,311,303,8,1771,0,1,1,1,1,1,0.0
continuous_immigration,ours,1,342,nan,310,302,8,1774,0,1,0,0,0,0,0.0
continuous_immigration,ours,1,343,1.0,304,296,8,1783,0,1,4,4,6,4,0.0
continuous_immigration,ours,1,344,1.0,305,297,8,1789,0,1,2,2,5,2,0.0
continuous_immigration,ours,1,345,nan,302,294,8,1796,0,1,0,0,0,0,0.0
continuous_immigration,ours,1,346,1.0,305,297,8,1798,0,1,6,6,11,6,0.0
continuous_immigration,ours,1,347,1.0,302,294,8,1806,0,1,2,2,2,2,0.0
continuous_immigration,ours,1,348,1.0,301,293,8,1812,0,1,1,1,1,1,0.0
continuous_immigration,ours,1,349,1.0,299,291,8,1815,0,1,1,1,3,1,0.0
continuous_immigration,ours,1,350,1.0,301,293,8,1817,0,1,4,4,9,4,0.0
continuous_immigration,ours,1,351,1.0,306,298,8,1822,0,1,2,2,5,2,0.0
continuous_immigration,ours,1,352,1.0,298,290,8,1831,0,1,3,3,3,3,0.0
continuous_immigration,ours,1,353,1.0,299,291,8,1833,0,1,2,2,5,2,0.0
continuous_immigration,ours,1,354,1.0,306,298,8,1837,0,1,2,2,4,2,0.0
continuous_immigration,ours,1,355,1.0,311,303,8,1841,0,1,6,6,9,6,0.0
continuous_immigration,ours,1,356,nan,307,299,8,1850,0,1,0,0,0,0,0.0
continuous_immigration,ours,1,357,1.0,303,295,8,1855,0,1,2,2,5,2,0.0
continuous_immigration,ours,1,358,1.0,310,302,8,1856,0,1,3,3,9,3,0.0
continuous_immigration,ours,1,359,1.0,307,299,8,1861,0,1,2,2,5,2,0.0
continuous_immigration,ours,1,360,1.0,306,298,8,1865,0,1,3,3,5,3,0.0
continuous_immigration,ours,1,361,1.0,305,297,8,1872,0,1,3,3,5,3,0.0
continuous_immigration,ours,1,362,nan,301,293,8,1880,0,1,0,0,0,0,0.0
continuous_immigration,ours,1,363,1.0,300,292,8,1884,0,1,3,3,5,3,0.0
continuous_immigration,ours,1,364,1.0,297,289,8,1892,0,1,3,3,4,3,0.0
continuous_immigration,ours,1,365,1.0,292,284,8,1900,0,1,2,2,2,2,0.0
continuous_immigration,ours,1,366,1.0,294,286,8,1907,0,1,1,1,1,1,0.0
continuous_immigration,ours,1,367,nan,289,281,8,1917,0,1,0,0,0,0,0.0
continuous_immigration,ours,1,368,nan,289,281,8,1925,0,0,0,0,0,0,0.0
continuous_immigration,ours,1,369,1.0,290,282,8,1933,0,0,1,1,2,1,0.0
continuous_immigration,ours,1,370,1.0,291,283,8,1938,0,0,3,3,4,3,0.0
continuous_immigration,ours,1,371,1.0,284,276,8,1946,0,0,1,1,2,1,0.0
continuous_immigration,ours,1,372,1.0,282,274,8,1959,0,0,2,2,2,2,0.0
continuous_immigration,ours,1,373,1.0,283,275,8,1963,0,0,1,1,3,1,0.0
continuous_immigration,ours,1,374,1.0,284,276,8,1967,0,0,4,4,6,4,0.0
continuous_immigration,ours,1,375,1.0,287,279,8,1971,0,0,2,2,3,2,0.0
continuous_immigration,ours,1,376,1.0,280,272,8,1981,0,0,3,3,4,3,0.0
continuous_immigration,ours,1,377,1.0,285,277,8,1982,0,0,2,2,4,2,0.0
continuous_immigration,ours,1,378,1.0,281,273,8,1987,0,0,4,4,7,4,0.0
continuous_immigration,ours,1,379,1.0,284,276,8,1990,0,0,2,2,4,2,0.0
continuous_immigration,ours,1,380,nan,287,279,8,1994,0,0,0,0,0,0,0.0
continuous_immigration,ours,1,381,1.0,287,279,8,1998,0,0,3,3,7,3,0.0
continuous_immigration,ours,1,382,1.0,289,281,8,2001,0,0,2,2,3,2,0.0
continuous_immigration,ours,1,383,1.0,291,283,8,2009,0,0,3,3,6,3,0.0
continuous_immigration,ours,1,384,1.0,291,283,8,2015,0,0,2,2,5,2,0.0
continuous_immigration,ours,1,385,1.0,289,281,8,2022,0,0,2,2,4,2,0.0
continuous_immigration,ours,1,386,1.0,290,282,8,2028,0,0,3,3,8,3,0.0
continuous_immigration,ours,1,387,1.0,289,281,8,2035,0,0,1,1,3,1,0.0
continuous_immigration,ours,1,388,1.0,295,287,8,2039,0,0,1,1,1,1,0.0
continuous_immigration,ours,1,389,nan,296,288,8,2044,0,0,0,0,0,0,0.0
continuous_immigration,ours,1,390,nan,296,288,8,2050,0,0,0,0,0,0,0.0
continuous_immigration,ours,1,391,nan,293,285,8,2059,0,0,0,0,0,0,0.0
continuous_immigration,ours,1,392,1.0,297,289,8,2064,0,0,1,1,1,1,0.0
continuous_immigration,ours,1,393,nan,302,294,8,2066,0,0,0,0,0,0,0.0
continuous_immigration,ours,1,394,1.0,302,294,8,2070,0,1,2,2,4,2,0.0
continuous_immigration,ours,1,395,nan,299,291,8,2077,0,1,0,0,0,0,0.0
continuous_immigration,ours,1,396,nan,300,292,8,2081,0,1,0,0,0,0,0.0
continuous_immigration,ours,1,397,1.0,302,294,8,2086,0,1,2,2,4,2,0.0
continuous_immigration,ours,1,398,1.0,304,296,8,2091,0,1,1,1,2,1,0.0
continuous_immigration,ours,1,399,1.0,304,296,8,2096,0,1,2,2,4,2,0.0
continuous_immigration,ours,2,0,nan,7,7,0,0,0,0,0,0,0,0,nan
continuous_immigration,ours,2,1,0.0,15,15,0,0,0,0,2,0,0,0,nan
continuous_immigration,ours,2,2,nan,18,18,0,0,0,0,0,0,0,0,nan
continuous_immigration,ours,2,3,0.75,23,23,0,0,0,0,4,3,3,3,nan
continuous_immigration,ours,2,4,nan,35,35,0,0,0,0,0,0,0,0,nan
continuous_immigration,ours,2,5,nan,42,42,0,0,0,0,0,0,0,0,nan
continuous_immigration,ours,2,6,0.0,49,49,0,0,0,0,2,0,0,0,nan
continuous_immigration,ours,2,7,1.0,58,58,0,0,0,0,1,1,1,1,nan
continuous_immigration,ours,2,8,1.0,64,64,0,0,0,0,1,1,1,1,nan
continuous_immigration,ours,2,9,0.5,70,70,0,0,0,0,2,1,2,1,nan
continuous_immigration,ours,2,10,0.0,80,80,0,0,0,0,1,0,0,0,nan
continuous_immigration,ours,2,11,0.0,84,84,0,0,0,0,1,0,1,0,nan
continuous_immigration,ours,2,12,0.6666666666666666,91,91,0,0,0,0,3,2,3,2,nan
continuous_immigration,ours,2,13,0.5,93,93,0,0,0,0,2,1,1,1,nan
continuous_immigration,ours,2,14,0.5,96,96,0,0,0,0,2,1,3,1,nan
continuous_immigration,ours,2,15,nan,98,98,0,0,0,0,0,0,0,0,nan
continuous_immigration,ours,2,16,1.0,104,104,0,0,0,0,2,2,2,2,nan
continuous_immigration,ours,2,17,nan,115,115,0,0,0,0,0,0,0,0,nan
continuous_immigration,ours,2,18,0.5,119,119,0,0,0,0,2,1,1,1,nan
continuous_immigration,ours,2,19,0.0,127,127,0,0,0,0,2,0,1,0,nan
continuous_immigration,ours,2,20,1.0,138,138,0,0,0,0,2,2,2,2,nan
continuous_immigration,ours,2,21,0.6,143,143,0,0,0,0,5,3,6,3,nan
continuous_immigration,ours,2,22,1.0,147,146,1,0,0,0,1,1,1,1,0.0
continuous_immigration,ours,2,23,1.0,158,157,1,0,0,0,1,1,1,1,0.0
continuous_immigration,ours,2,24,1.0,166,165,1,0,0,0,2,2,3,2,0.0
continuous_immigration,ours,2,25,1.0,173,171,2,0,0,0,3,3,4,3,0.0
continuous_immigration,ours,2,26,0.6666666666666666,178,176,2,0,0,0,3,2,4,2,0.0
continuous_immigration,ours,2,27,1.0,186,183,3,0,0,0,3,3,3,3,0.0
continuous_immigration,ours,2,28,1.0,194,191,3,0,0,0,1,1,2,1,0.0
continuous_immigration,ours,2,29,0.6666666666666666,198,195,3,0,0,0,3,2,3,2,0.0
continuous_immigration,ours,2,30,0.0,204,201,3,0,0,0,1,0,2,0,0.0
continuous_immigration,ours,2,31,0.5,216,213,3,0,0,0,2,1,3,1,0.0
continuous_immigration,ours,2,32,nan,220,217,3,0,0,0,0,0,0,0,0.0
continuous_immigration,ours,2,33,1.0,225,222,3,0,0,0,3,3,4,3,0.0
continuous_immigration,ours,2,34,1.0,230,227,3,0,0,0,2,2,3,2,0.0
continuous_immigration,ours,2,35,1.0,238,234,4,0,0,0,5,5,8,5,0.0
continuous_immigration,ours,2,36,1.0,243,238,5,0,0,0,1,1,2,1,0.0
continuous_immigration,ours,2,37,1.0,250,245,5,0,0,0,1,1,1,1,0.0
continuous_immigration,ours,2,38,1.0,257,252,5,0,0,0,1,1,1,1,0.0
continuous_immigration,ours,2,39,1.0,262,257,5,0,0,0,1,1,2,1,0.0
continuous_immigration,ours,2,40,1.0,269,264,5,0,0,0,1,1,2,1,0.0
continuous_immigration,ours,2,41,1.0,274,269,5,0,0,0,1,1,1,1,0.0
continuous_immigration,ours,2,42,1.0,279,274,5,0,0,0,2,2,3,2,0.0
continuous_immigration,ours,2,43,1.0,282,277,5,0,0,0,4,4,11,4,0.0
continuous_immigration,ours,2,44,1.0,288,283,5,0,0,0,3,3,6,3,0.0
continuous_immigration,ours,2,45,1.0,294,289,5,0,0,0,1,1,1,1,0.0
continuous_immigration,ours,2,46,nan,300,295,5,0,0,0,0,0,0,0,0.0
continuous_immigration,ours,2,47,1.0,306,301,5,0,0,0,3,3,7,3,0.0
continuous_immigration,ours,2,48,1.0,312,307,5,0,0,0,4,4,8,4,0.0
continuous_immigration,ours,2,49,1.0,314,309,5,0,0,0,1,1,2,1,0.0
continuous_immigration,ours,2,50,1.0,319,314,5,0,0,0,2,2,4,2,0.0
continuous_immigration,ours,2,51,1.0,320,315,5,6,0,0,1,1,2,1,0.0
continuous_immigration,ours,2,52,1.0,319,314,5,13,0,0,1,1,2,1,0.0
continuous_immigration,ours,2,53,1.0,325,320,5,14,0,0,1,1,1,1,0.0
continuous_immigration,ours,2,54,1.0,328,323,5,19,0,0,2,2,5,2,0.0
continuous_immigration,ours,2,55,1.0,328,323,5,30,0,0,2,2,2,2,0.0
continuous_immigration,ours,2,56,nan,329,324,5,37,0,0,0,0,0,0,0.0
continuous_immigration,ours,2,57,1.0,328,323,5,43,0,0,2,2,4,2,0.0
continuous_immigration,ours,2,58,1.0,327,322,5,50,0,0,3,3,7,3,0.0
continuous_immigration,ours,2,59,1.0,329,324,5,55,0,0,1,1,2,1,0.0
continuous_immigration,ours,2,60,nan,327,322,5,61,0,0,0,0,0,0,0.0
continuous_immigration,ours,2,61,1.0,325,320,5,71,0,0,3,3,6,3,0.0
continuous_immigration,ours,2,62,1.0,324,319,5,75,0,0,2,2,4,2,0.0
continuous_immigration,ours,2,63,1.0,324,319,5,82,0,0,2,2,5,2,0.0
continuous_immigration,ours,2,64,1.0,329,324,5,83,0,0,2,2,3,2,0.0
continuous_immigration,ours,2,65,0.5,331,326,5,86,0,0,2,1,3,1,0.0
continuous_immigration,ours,2,66,1.0,336,331,5,87,0,0,2,2,3,2,0.0
continuous_immigration,ours,2,67,1.0,336,331,5,93,0,0,1,1,1,1,0.0
continuous_immigration,ours,2,68,1.0,330,325,5,103,0,0,2,2,2,2,0.0
continuous_immigration,ours,2,69,1.0,331,326,5,107,0,0,2,2,3,2,0.0
continuous_immigration,ours,2,70,1.0,328,323,5,115,0,0,2,2,5,2,0.0
continuous_immigration,ours,2,71,1.0,328,323,5,125,0,0,2,2,4,2,0.0
continuous_immigration,ours,2,72,1.0,327,322,5,129,0,0,2,2,3,2,0.0
continuous_immigration,ours,2,73,1.0,331,326,5,133,0,0,2,2,3,2,0.0
continuous_immigration,ours,2,74,1.0,326,321,5,144,0,0,3,3,4,3,0.0
continuous_immigration,ours,2,75,1.0,323,318,5,152,0,0,2,2,3,2,0.0
continuous_immigration,ours,2,76,1.0,320,314,6,159,0,0,4,4,6,4,0.0
continuous_immigration,ours,2,77,1.0,322,316,6,164,0,0,4,4,7,4,0.0
continuous_immigration,ours,2,78,1.0,322,316,6,172,0,0,4,4,7,4,0.0
continuous_immigration,ours,2,79,1.0,320,313,7,180,0,0,3,3,5,3,0.0
continuous_immigration,ours,2,80,1.0,322,315,7,184,0,0,5,5,8,5,0.0
continuous_immigration,ours,2,81,1.0,323,316,7,188,0,0,3,3,8,3,0.0
continuous_immigration,ours,2,82,1.0,318,311,7,198,0,0,4,4,9,4,0.0
continuous_immigration,ours,2,83,nan,326,319,7,202,0,0,0,0,0,0,0.0
continuous_immigration,ours,2,84,1.0,332,325,7,207,0,0,2,2,4,2,0.0
continuous_immigration,ours,2,85,nan,341,334,7,212,0,0,0,0,0,0,0.0
continuous_immigration,ours,2,86,1.0,340,333,7,220,0,0,1,1,1,1,0.0
continuous_immigration,ours,2,87,1.0,343,336,7,225,0,0,2,2,5,2,0.0
continuous_immigration,ours,2,88,1.0,341,334,7,232,0,0,1,1,2,1,0.0
continuous_immigration,ours,2,89,1.0,341,334,7,239,0,0,3,3,5,3,0.0
continuous_immigration,ours,2,90,1.0,337,330,7,244,0,0,3,3,5,3,0.0
continuous_immigration,ours,2,91,1.0,337,329,8,251,0,0,3,3,5,3,0.0
continuous_immigration,ours,2,92,1.0,341,333,8,255,0,0,2,2,3,2,0.0
continuous_immigration,ours,2,93,1.0,346,338,8,260,0,0,3,3,5,3,0.0
continuous_immigration,ours,2,94,nan,350,342,8,263,0,0,0,0,0,0,0.0
continuous_immigration,ours,2,95,1.0,345,337,8,269,0,0,1,1,4,1,0.0
continuous_immigration,ours,2,96,1.0,346,338,8,275,0,0,1,1,3,1,0.0
continuous_immigration,ours,2,97,1.0,341,333,8,281,0,0,2,2,6,2,0.0
continuous_immigration,ours,2,98,1.0,341,333,8,287,0,0,1,1,1,1,0.0
continuous_immigration,ours,2,99,1.0,338,330,8,293,0,0,2,2,3,2,0.0
continuous_immigration,ours,2,100,nan,343,335,8,295,0,0,0,0,0,0,0.0
continuous_immigration,ours,2,101,1.0,350,342,8,300,0,0,4,4,8,4,0.0
continuous_immigration,ours,2,102,1.0,350,342,8,307,0,0,2,2,5,2,0.0
continuous_immigration,ours,2,103,1.0,347,339,8,313,0,0,3,3,8,3,0.0
continuous_immigration,ours,2,104,1.0,347,339,8,320,0,0,3,3,6,3,0.0
continuous_immigration,ours,2,105,1.0,345,337,8,328,0,0,3,3,5,3,0.0
continuous_immigration,ours,2,106,1.0,338,330,8,339,0,0,1,1,4,1,0.0
continuous_immigration,ours,2,107,1.0,334,326,8,347,0,0,1,1,2,1,0.0
continuous_immigration,ours,2,108,1.0,331,323,8,352,0,0,2,2,5,2,0.0
continuous_immigration,ours,2,109,1.0,332,324,8,358,0,0,3,3,6,3,0.0
continuous_immigration,ours,2,110,1.0,329,321,8,365,0,0,3,3,8,3,0.0
continuous_immigration,ours,2,111,1.0,327,319,8,369,0,0,5,5,11,5,0.0
continuous_immigration,ours,2,112,1.0,327,319,8,377,0,0,4,4,7,4,0.0
continuous_immigration,ours,2,113,1.0,328,320,8,380,0,0,2,2,4,2,0.0
continuous_immigration,ours,2,114,1.0,328,320,8,387,0,0,2,2,3,2,0.0
continuous_immigration,ours,2,115,1.0,324,316,8,393,0,0,2,2,4,2,0.0
continuous_immigration,ours,2,116,nan,323,315,8,398,0,0,0,0,0,0,0.0
continuous_immigration,ours,2,117,1.0,322,314,8,404,0,0,2,2,2,2,0.0
continuous_immigration,ours,2,118,1.0,319,311,8,410,0,0,3,3,7,3,0.0
continuous_immigration,ours,2,119,1.0,322,314,8,414,0,0,1,1,2,1,0.0
continuous_immigration,ours,2,120,1.0,323,315,8,419,0,0,1,1,1,1,0.0
continuous_immigration,ours,2,121,1.0,326,318,8,424,0,0,2,2,5,2,0.0
continuous_immigration,ours,2,122,1.0,320,312,8,433,0,0,1,1,4,1,0.0
continuous_immigration,ours,2,123,nan,323,315,8,436,0,0,0,0,0,0,0.0
continuous_immigration,ours,2,124,1.0,320,312,8,444,0,0,3,3,3,3,0.0
continuous_immigration,ours,2,125,1.0,320,312,8,450,0,0,2,2,3,2,0.0
continuous_immigration,ours,2,126,1.0,320,312,8,455,0,0,1,1,2,1,0.0
continuous_immigration,ours,2,127,1.0,319,311,8,459,0,0,2,2,3,2,0.0
continuous_immigration,ours,2,128,1.0,320,312,8,466,0,0,1,1,4,1,0.0
continuous_immigration,ours,2,129,1.0,315,307,8,474,0,0,3,3,4,3,0.0
continuous_immigration,ours,2,130,1.0,315,307,8,480,0,0,3,3,6,3,0.0
continuous_immigration,ours,2,131,1.0,314,306,8,486,0,0,3,3,5,3,0.0
continuous_immigration,ours,2,132,nan,314,306,8,491,0,0,0,0,0,0,0.0
continuous_immigration,ours,2,133,1.0,313,305,8,496,0,0,3,3,5,3,0.0
continuous_immigration,ours,2,134,1.0,308,300,8,508,0,0,2,2,3,2,0.0
continuous_immigration,ours,2,135,1.0,309,301,8,519,0,0,2,2,4,2,0.0
continuous_immigration,ours,2,136,1.0,298,290,8,533,0,0,7,7,10,7,0.0
continuous_immigration,ours,2,137,1.0,297,289,8,540,0,0,3,3,6,3,0.0
continuous_immigration,ours,2,138,1.0,294,286,8,549,0,0,3,3,5,3,0.0
continuous_immigration,ours,2,139,1.0,296,288,8,554,0,0,2,2,3,2,0.0
continuous_immigration,ours,2,140,1.0,294,286,8,561,0,0,1,1,2,1,0.0
continuous_immigration,ours,2,141,nan,303,295,8,562,0,0,0,0,0,0,0.0
continuous_immigration,ours,2,142,1.0,308,300,8,569,0,0,2,2,2,2,0.0
continuous_immigration,ours,2,143,1.0,306,298,8,577,0,0,4,4,5,4,0.0
continuous_immigration,ours,2,144,1.0,306,298,8,587,0,0,4,4,7,4,0.0
continuous_immigration,ours,2,145,1.0,308,300,8,594,0,0,1,1,2,1,0.0
continuous_immigration,ours,2,146,nan,311,303,8,595,0,0,0,0,0,0,0.0
continuous_immigration,ours,2,147,1.0,311,303,8,602,0,0,1,1,2,1,0.0
continuous_immigration,ours,2,148,1.0,320,312,8,603,0,0,2,2,5,2,0.0
continuous_immigration,ours,2,149,nan,323,315,8,609,0,0,0,0,0,0,0.0
continuous_immigration,ours,2,150,1.0,329,321,8,612,0,0,1,1,1,1,0.0
continuous_immigration,ours,2,151,1.0,327,319,8,619,0,0,3,3,5,3,0.0
continuous_immigration,ours,2,152,1.0,323,315,8,631,0,0,4,4,9,4,0.0
continuous_immigration,ours,2,153,1.0,320,312,8,638,0,0,1,1,1,1,0.0
continuous_immigration,ours,2,154,1.0,324,316,8,641,0,0,1,1,2,1,0.0
continuous_immigration,ours,2,155,1.0,322,314,8,648,0,0,1,1,1,1,0.0
continuous_immigration,ours,2,156,nan,319,311,8,654,0,0,0,0,0,0,0.0
continuous_immigration,ours,2,157,1.0,326,318,8,658,0,1,3,3,3,3,0.0
continuous_immigration,ours,2,158,1.0,329,321,8,662,0,1,1,1,1,1,0.0
continuous_immigration,ours,2,159,1.0,333,325,8,664,0,1,3,3,4,3,0.0
continuous_immigration,ours,2,160,1.0,332,324,8,671,0,1,1,1,1,1,0.0
continuous_immigration,ours,2,161,1.0,338,330,8,675,0,1,2,2,3,2,0.0
continuous_immigration,ours,2,162,1.0,348,340,8,677,0,1,2,2,2,2,0.0
continuous_immigration,ours,2,163,1.0,345,337,8,686,0,1,2,2,2,2,0.0
continuous_immigration,ours,2,164,1.0,347,339,8,690,0,1,2,2,4,2,0.0
continuous_immigration,ours,2,165,1.0,346,338,8,697,0,1,1,1,2,1,0.0
continuous_immigration,ours,2,166,1.0,356,348,8,699,0,1,4,4,8,4,0.0
continuous_immigration,ours,2,167,nan,355,347,8,703,0,1,0,0,0,0,0.0
continuous_immigration,ours,2,168,1.0,356,348,8,708,0,1,2,2,4,2,0.0
continuous_immigration,ours,2,169,nan,359,351,8,712,0,1,0,0,0,0,0.0
continuous_immigration,ours,2,170,1.0,365,357,8,719,0,2,2,2,3,2,0.0
continuous_immigration,ours,2,171,1.0,364,356,8,725,0,2,3,3,4,3,0.0
continuous_immigration,ours,2,172,1.0,361,353,8,733,0,2,2,2,5,2,0.0
continuous_immigration,ours,2,173,nan,364,356,8,736,0,2,0,0,0,0,0.0
continuous_immigration,ours,2,174,1.0,359,351,8,742,0,2,1,1,1,1,0.0
continuous_immigration,ours,2,175,1.0,357,349,8,747,0,2,1,1,1,1,0.0
continuous_immigration,ours,2,176,1.0,360,352,8,752,0,2,7,7,13,7,0.0
continuous_immigration,ours,2,177,1.0,359,351,8,757,0,1,2,2,2,2,0.0
continuous_immigration,ours,2,178,1.0,363,355,8,760,0,1,4,4,9,4,0.0
continuous_immigration,ours,2,179,1.0,360,352,8,768,0,1,3,3,4,3,0.0
continuous_immigration,ours,2,180,1.0,362,354,8,771,0,1,3,3,6,3,0.0
continuous_immigration,ours,2,181,1.0,360,352,8,777,0,1,3,3,6,3,0.0
continuous_immigration,ours,2,182,1.0,357,349,8,782,0,1,4,4,7,4,0.0
continuous_immigration,ours,2,183,1.0,357,349,8,787,0,1,2,2,5,2,0.0
continuous_immigration,ours,2,184,1.0,358,350,8,791,0,1,3,3,7,3,0.0
continuous_immigration,ours,2,185,1.0,362,354,8,798,0,1,1,1,3,1,0.0
continuous_immigration,ours,2,186,1.0,354,346,8,810,0,1,2,2,2,2,0.0
continuous_immigration,ours,2,187,1.0,355,347,8,814,0,1,2,2,4,2,0.0
continuous_immigration,ours,2,188,1.0,352,344,8,820,0,1,1,1,1,1,0.0
continuous_immigration,ours,2,189,1.0,351,343,8,827,0,1,3,3,6,3,0.0
continuous_immigration,ours,2,190,1.0,351,343,8,834,0,0,3,3,7,3,0.0
continuous_immigration,ours,2,191,nan,350,342,8,839,0,0,0,0,0,0,0.0
continuous_immigration,ours,2,192,1.0,344,336,8,849,0,0,4,4,9,4,0.0
continuous_immigration,ours,2,193,1.0,341,333,8,861,0,0,3,3,5,3,0.0
continuous_immigration,ours,2,194,1.0,342,334,8,866,0,0,6,6,12,6,0.0
continuous_immigration,ours,2,195,1.0,340,332,8,876,0,0,1,1,1,1,0.0
continuous_immigration,ours,2,196,1.0,339,331,8,885,0,0,1,1,1,1,0.0
continuous_immigration,ours,2,197,1.0,341,333,8,888,0,0,3,3,5,3,0.0
continuous_immigration,ours,2,198,1.0,337,329,8,895,0,0,2,2,4,2,0.0
continuous_immigration,ours,2,199,1.0,335,327,8,904,0,0,1,1,1,1,0.0
continuous_immigration,ours,2,200,nan,330,322,8,913,0,0,0,0,0,0,0.0
continuous_immigration,ours,2,201,nan,328,320,8,922,0,0,0,0,0,0,0.0
continuous_immigration,ours,2,202,1.0,331,323,8,927,0,0,4,4,8,4,0.0
continuous_immigration,ours,2,203,1.0,327,319,8,935,0,0,1,1,2,1,0.0
continuous_immigration,ours,2,204,1.0,333,325,8,939,0,0,2,2,7,2,0.0
continuous_immigration,ours,2,205,1.0,333,325,8,946,0,0,2,2,3,2,0.0
continuous_immigration,ours,2,206,1.0,334,326,8,951,0,0,2,2,4,2,0.0
continuous_immigration,ours,2,207,1.0,336,328,8,954,0,0,1,1,1,1,0.0
continuous_immigration,ours,2,208,1.0,330,322,8,965,0,0,1,1,1,1,0.0
continuous_immigration,ours,2,209,1.0,327,319,8,973,0,0,2,2,2,2,0.0
continuous_immigration,ours,2,210,nan,327,319,8,979,0,0,0,0,0,0,0.0
continuous_immigration,ours,2,211,1.0,325,317,8,985,0,0,2,2,5,2,0.0
continuous_immigration,ours,2,212,1.0,332,324,8,995,0,0,2,2,4,2,0.0
continuous_immigration,ours,2,213,1.0,332,324,8,1007,0,0,4,4,7,4,0.0
continuous_immigration,ours,2,214,1.0,331,323,8,1013,0,0,1,1,1,1,0.0
continuous_immigration,ours,2,215,nan,331,323,8,1019,0,0,0,0,0,0,0.0
continuous_immigration,ours,2,216,1.0,329,321,8,1025,0,0,2,2,3,2,0.0
continuous_immigration,ours,2,217,1.0,324,316,8,1036,0,0,1,1,3,1,0.0
continuous_immigration,ours,2,218,1.0,329,321,8,1039,0,0,2,2,2,2,0.0
continuous_immigration,ours,2,219,1.0,332,324,8,1045,0,0,2,2,2,2,0.0
continuous_immigration,ours,2,220,1.0,331,323,8,1052,0,0,2,2,3,2,0.0
continuous_immigration,ours,2,221,1.0,325,317,8,1065,0,0,2,2,3,2,0.0
continuous_immigration,ours,2,222,1.0,323,315,8,1070,0,0,1,1,1,1,0.0
continuous_immigration,ours,2,223,1.0,323,315,8,1075,0,0,2,2,2,2,0.0
continuous_immigration,ours,2,224,1.0,321,313,8,1081,0,1,4,4,6,4,0.0
continuous_immigration,ours,2,225,1.0,321,313,8,1082,0,1,3,3,4,3,0.0
continuous_immigration,ours,2,226,1.0,322,314,8,1085,0,1,3,3,4,3,0.0
continuous_immigration,ours,2,227,nan,319,311,8,1093,0,1,0,0,0,0,0.0
continuous_immigration,ours,2,228,nan,325,317,8,1097,0,1,0,0,0,0,0.0
continuous_immigration,ours,2,229,1.0,324,316,8,1104,0,1,1,1,2,1,0.0
continuous_immigration,ours,2,230,1.0,328,320,8,1109,0,1,1,1,2,1,0.0
continuous_immigration,ours,2,231,1.0,331,323,8,1114,0,1,3,3,8,3,0.0
continuous_immigration,ours,2,232,nan,334,326,8,1118,0,1,0,0,0,0,0.0
continuous_immigration,ours,2,233,1.0,337,329,8,1120,0,1,4,4,6,4,0.0
continuous_immigration,ours,2,234,1.0,337,329,8,1125,0,1,1,1,1,1,0.0
continuous_immigration,ours,2,235,1.0,341,333,8,1130,0,1,3,3,6,3,0.0
continuous_immigration,ours,2,236,1.0,334,326,8,1141,0,1,4,4,6,4,0.0
continuous_immigration,ours,2,237,1.0,336,328,8,1145,0,1,2,2,5,2,0.0
continuous_immigration,ours,2,238,1.0,336,328,8,1150,0,1,3,3,4,3,0.0
continuous_immigration,ours,2,239,1.0,336,328,8,1153,0,1,3,3,6,3,0.0
continuous_immigration,ours,2,240,1.0,338,330,8,1159,0,1,3,3,4,3,0.0
continuous_immigration,ours,2,241,1.0,336,328,8,1166,0,1,2,2,2,2,0.0
continuous_immigration,ours,2,242,1.0,333,325,8,1170,0,1,1,1,1,1,0.0
continuous_immigration,ours,2,243,1.0,331,323,8,1174,0,1,3,3,6,3,0.0
continuous_immigration,ours,2,244,1.0,329,321,8,1183,0,0,2,2,3,2,0.0
continuous_immigration,ours,2,245,1.0,332,324,8,1189,0,0,2,2,2,2,0.0
continuous_immigration,ours,2,246,1.0,332,324,8,1197,0,0,4,4,7,4,0.0
continuous_immigration,ours,2,247,1.0,330,322,8,1205,0,0,1,1,4,1,0.0
continuous_immigration,ours,2,248,1.0,331,323,8,1210,0,0,3,3,8,3,0.0
continuous_immigration,ours,2,249,1.0,332,324,8,1213,0,0,3,3,3,3,0.0
continuous_immigration,ours,2,250,1.0,329,321,8,1220,0,0,2,2,2,2,0.0
continuous_immigration,ours,2,251,1.0,334,326,8,1224,0,0,2,2,2,2,0.0
continuous_immigration,ours,2,252,1.0,336,328,8,1231,0,0,2,2,3,2,0.0
continuous_immigration,ours,2,253,1.0,335,327,8,1239,0,0,4,4,10,4,0.0
continuous_immigration,ours,2,254,nan,339,331,8,1243,0,0,0,0,0,0,0.0
continuous_immigration,ours,2,255,1.0,336,328,8,1253,0,0,2,2,5,2,0.0
continuous_immigration,ours,2,256,1.0,334,326,8,1260,0,0,2,2,5,2,0.0
continuous_immigration,ours,2,257,1.0,333,325,8,1266,0,0,1,1,1,1,0.0
continuous_immigration,ours,2,258,1.0,337,329,8,1271,0,0,2,2,2,2,0.0
continuous_immigration,ours,2,259,1.0,338,330,8,1276,0,0,3,3,8,3,0.0
continuous_immigration,ours,2,260,1.0,341,333,8,1281,0,0,2,2,3,2,0.0
continuous_immigration,ours,2,261,nan,342,334,8,1286,0,0,0,0,0,0,0.0
continuous_immigration,ours,2,262,1.0,345,337,8,1290,0,0,3,3,7,3,0.0
continuous_immigration,ours,2,263,1.0,333,325,8,1307,0,0,2,2,2,2,0.0
continuous_immigration,ours,2,264,1.0,323,315,8,1319,0,0,1,1,1,1,0.0
continuous_immigration,ours,2,265,1.0,323,315,8,1324,0,0,2,2,3,2,0.0
continuous_immigration,ours,2,266,1.0,322,314,8,1330,0,0,3,3,6,3,0.0
continuous_immigration,ours,2,267,nan,327,319,8,1334,0,0,0,0,0,0,0.0
continuous_immigration,ours,2,268,1.0,325,317,8,1340,0,0,2,2,2,2,0.0
continuous_immigration,ours,2,269,1.0,319,311,8,1348,0,0,2,2,7,2,0.0
continuous_immigration,ours,2,270,1.0,317,309,8,1357,0,0,2,2,3,2,0.0
continuous_immigration,ours,2,271,1.0,316,308,8,1363,0,0,1,1,1,1,0.0
continuous_immigration,ours,2,272,1.0,311,303,8,1370,0,0,1,1,1,1,0.0
continuous_immigration,ours,2,273,1.0,311,303,8,1373,0,0,2,2,3,2,0.0
continuous_immigration,ours,2,274,1.0,310,302,8,1378,0,0,2,2,2,2,0.0
continuous_immigration,ours,2,275,1.0,314,306,8,1382,0,0,2,2,2,2,0.0
continuous_immigration,ours,2,276,1.0,318,310,8,1383,0,0,5,5,9,5,0.0
continuous_immigration,ours,2,277,1.0,316,308,8,1387,0,0,5,5,10,5,0.0
continuous_immigration,ours,2,278,1.0,316,308,8,1392,0,0,1,1,2,1,0.0
continuous_immigration,ours,2,279,1.0,312,304,8,1402,0,0,4,4,6,4,0.0
continuous_immigration,ours,2,280,1.0,313,305,8,1408,0,0,4,4,7,4,0.0
continuous_immigration,ours,2,281,1.0,312,304,8,1417,0,0,3,3,3,3,0.0
continuous_immigration,ours,2,282,1.0,308,300,8,1425,0,0,1,1,4,1,0.0
continuous_immigration,ours,2,283,1.0,309,301,8,1432,0,0,2,2,4,2,0.0
continuous_immigration,ours,2,284,1.0,313,305,8,1437,0,0,4,4,5,4,0.0
continuous_immigration,ours,2,285,1.0,313,305,8,1442,0,0,1,1,2,1,0.0
continuous_immigration,ours,2,286,1.0,312,304,8,1451,0,0,1,1,2,1,0.0
continuous_immigration,ours,2,287,1.0,318,310,8,1455,0,0,1,1,1,1,0.0
continuous_immigration,ours,2,288,1.0,322,314,8,1461,0,0,2,2,5,2,0.0
continuous_immigration,ours,2,289,1.0,321,313,8,1466,0,0,3,3,5,3,0.0
continuous_immigration,ours,2,290,1.0,321,313,8,1469,0,0,3,3,4,3,0.0
continuous_immigration,ours,2,291,nan,324,316,8,1477,0,0,0,0,0,0,0.0
continuous_immigration,ours,2,292,1.0,322,314,8,1482,0,0,1,1,2,1,0.0
continuous_immigration,ours,2,293,1.0,328,320,8,1483,0,0,4,4,6,4,0.0
continuous_immigration,ours,2,294,nan,333,325,8,1485,0,0,0,0,0,0,0.0
continuous_immigration,ours,2,295,1.0,328,320,8,1493,0,0,3,3,7,3,0.0
continuous_immigration,ours,2,296,1.0,321,313,8,1502,0,0,1,1,1,1,0.0
continuous_immigration,ours,2,297,1.0,321,313,8,1510,0,0,2,2,4,2,0.0
continuous_immigration,ours,2,298,1.0,325,317,8,1516,0,0,1,1,1,1,0.0
continuous_immigration,ours,2,299,1.0,326,318,8,1522,0,0,1,1,4,1,0.0
continuous_immigration,ours,2,300,nan,333,325,8,1527,0,0,0,0,0,0,0.0
continuous_immigration,ours,2,301,1.0,338,330,8,1531,0,0,3,3,6,3,0.0
continuous_immigration,ours,2,302,1.0,335,327,8,1540,0,0,4,4,6,4,0.0
continuous_immigration,ours,2,303,1.0,333,325,8,1549,0,0,2,2,3,2,0.0
continuous_immigration,ours,2,304,1.0,330,322,8,1556,0,0,2,2,3,2,0.0
continuous_immigration,ours,2,305,1.0,327,319,8,1564,0,0,2,2,6,2,0.0
continuous_immigration,ours,2,306,1.0,324,316,8,1570,0,0,5,5,10,5,0.0
continuous_immigration,ours,2,307,1.0,324,316,8,1575,0,0,1,1,2,1,0.0
continuous_immigration,ours,2,308,1.0,323,315,8,1580,0,0,1,1,2,1,0.0
continuous_immigration,ours,2,309,1.0,320,312,8,1589,0,0,1,1,2,1,0.0
continuous_immigration,ours,2,310,nan,317,309,8,1595,0,0,0,0,0,0,0.0
continuous_immigration,ours,2,311,1.0,311,303,8,1603,0,0,5,5,12,5,0.0
continuous_immigration,ours,2,312,1.0,311,303,8,1609,0,0,2,2,2,2,0.0
continuous_immigration,ours,2,313,1.0,312,304,8,1616,0,0,5,5,7,5,0.0
continuous_immigration,ours,2,314,1.0,312,304,8,1621,0,0,2,2,4,2,0.0
continuous_immigration,ours,2,315,1.0,316,308,8,1623,0,0,2,2,3,2,0.0
continuous_immigration,ours,2,316,1.0,317,309,8,1628,0,0,1,1,1,1,0.0
continuous_immigration,ours,2,317,nan,317,309,8,1633,0,0,0,0,0,0,0.0
continuous_immigration,ours,2,318,1.0,315,307,8,1641,0,0,4,4,7,4,0.0
continuous_immigration,ours,2,319,1.0,316,308,8,1645,0,0,1,1,5,1,0.0
continuous_immigration,ours,2,320,1.0,322,314,8,1647,0,0,1,1,1,1,0.0
continuous_immigration,ours,2,321,1.0,319,311,8,1654,0,0,3,3,9,3,0.0
continuous_immigration,ours,2,322,1.0,325,317,8,1659,0,0,2,2,3,2,0.0
continuous_immigration,ours,2,323,1.0,326,318,8,1661,0,0,7,7,9,7,0.0
continuous_immigration,ours,2,324,1.0,330,322,8,1664,0,0,1,1,4,1,0.0
continuous_immigration,ours,2,325,1.0,336,328,8,1668,0,0,2,2,4,2,0.0
continuous_immigration,ours,2,326,1.0,335,327,8,1676,0,0,1,1,4,1,0.0
continuous_immigration,ours,2,327,1.0,331,323,8,1682,0,0,4,4,8,4,0.0
continuous_immigration,ours,2,328,1.0,333,325,8,1684,0,0,3,3,7,3,0.0
continuous_immigration,ours,2,329,1.0,335,327,8,1688,0,0,5,5,7,5,0.0
continuous_immigration,ours,2,330,1.0,336,328,8,1694,0,0,1,1,3,1,0.0
continuous_immigration,ours,2,331,1.0,334,326,8,1702,0,0,1,1,2,1,0.0
continuous_immigration,ours,2,332,nan,334,326,8,1710,0,0,0,0,0,0,0.0
continuous_immigration,ours,2,333,1.0,336,328,8,1714,0,0,1,1,1,1,0.0
continuous_immigration,ours,2,334,1.0,336,328,8,1722,0,0,2,2,2,2,0.0
continuous_immigration,ours,2,335,1.0,332,324,8,1731,0,0,2,2,3,2,0.0
continuous_immigration,ours,2,336,1.0,331,323,8,1736,0,0,1,1,2,1,0.0
continuous_immigration,ours,2,337,1.0,329,321,8,1744,0,0,5,5,7,5,0.0
continuous_immigration,ours,2,338,1.0,324,316,8,1754,0,0,2,2,3,2,0.0
continuous_immigration,ours,2,339,1.0,323,315,8,1764,0,0,3,3,5,3,0.0
continuous_immigration,ours,2,340,1.0,322,314,8,1768,0,0,5,5,11,5,0.0
continuous_immigration,ours,2,341,1.0,326,318,8,1771,0,0,1,1,1,1,0.0
continuous_immigration,ours,2,342,nan,320,312,8,1782,0,0,0,0,0,0,0.0
continuous_immigration,ours,2,343,1.0,322,314,8,1785,0,0,5,5,10,5,0.0
continuous_immigration,ours,2,344,1.0,324,316,8,1792,0,0,3,3,7,3,0.0
continuous_immigration,ours,2,345,1.0,322,314,8,1799,0,0,5,5,8,5,0.0
continuous_immigration,ours,2,346,1.0,328,320,8,1802,0,0,2,2,4,2,0.0
continuous_immigration,ours,2,347,1.0,330,322,8,1804,0,0,3,3,3,3,0.0
continuous_immigration,ours,2,348,1.0,329,321,8,1812,0,0,2,2,4,2,0.0
continuous_immigration,ours,2,349,1.0,326,318,8,1822,0,0,3,3,4,3,0.0
continuous_immigration,ours,2,350,1.0,324,316,8,1829,0,0,2,2,4,2,0.0
continuous_immigration,ours,2,351,1.0,319,311,8,1841,0,0,1,1,1,1,0.0
continuous_immigration,ours,2,352,1.0,312,304,8,1850,0,0,2,2,4,2,0.0
continuous_immigration,ours,2,353,1.0,314,306,8,1856,0,0,2,2,3,2,0.0
continuous_immigration,ours,2,354,nan,311,303,8,1863,0,0,0,0,0,0,0.0
continuous_immigration,ours,2,355,1.0,311,303,8,1867,0,0,5,5,9,5,0.0
continuous_immigration,ours,2,356,1.0,311,303,8,1872,0,0,2,2,4,2,0.0
continuous_immigration,ours,2,357,1.0,313,305,8,1875,0,1,2,2,6,2,0.0
continuous_immigration,ours,2,358,nan,318,310,8,1880,0,1,0,0,0,0,0.0
continuous_immigration,ours,2,359,1.0,319,311,8,1884,0,1,4,4,10,4,0.0
continuous_immigration,ours,2,360,1.0,317,309,8,1890,0,1,4,4,5,4,0.0
continuous_immigration,ours,2,361,1.0,319,311,8,1893,0,1,2,2,5,2,0.0
continuous_immigration,ours,2,362,1.0,323,315,8,1895,0,1,5,5,11,5,0.0
continuous_immigration,ours,2,363,1.0,321,313,8,1901,0,1,3,3,3,3,0.0
continuous_immigration,ours,2,364,1.0,322,314,8,1909,0,1,1,1,2,1,0.0
continuous_immigration,ours,2,365,1.0,324,316,8,1914,0,1,3,3,7,3,0.0
continuous_immigration,ours,2,366,1.0,326,318,8,1920,0,1,1,1,5,1,0.0
continuous_immigration,ours,2,367,1.0,323,315,8,1926,0,1,7,7,17,7,0.0
continuous_immigration,ours,2,368,1.0,325,317,8,1931,0,1,2,2,4,2,0.0
continuous_immigration,ours,2,369,nan,326,318,8,1937,0,1,0,0,0,0,0.0
continuous_immigration,ours,2,370,1.0,325,317,8,1942,0,1,4,4,8,4,0.0
continuous_immigration,ours,2,371,1.0,324,316,8,1950,0,1,1,1,2,1,0.0
continuous_immigration,ours,2,372,1.0,328,320,8,1954,0,1,4,4,11,4,0.0
continuous_immigration,ours,2,373,1.0,324,316,8,1965,0,1,4,4,7,4,0.0
continuous_immigration,ours,2,374,1.0,326,318,8,1968,0,1,2,2,5,2,0.0
continuous_immigration,ours,2,375,nan,329,321,8,1975,0,1,0,0,0,0,0.0
continuous_immigration,ours,2,376,1.0,326,318,8,1985,0,1,1,1,2,1,0.0
continuous_immigration,ours,2,377,1.0,324,316,8,1992,0,0,3,3,5,3,0.0
continuous_immigration,ours,2,378,1.0,331,323,8,1994,0,0,4,4,6,4,0.0
continuous_immigration,ours,2,379,1.0,333,325,8,1998,0,0,1,1,2,1,0.0
continuous_immigration,ours,2,380,nan,331,323,8,2004,0,0,0,0,0,0,0.0
continuous_immigration,ours,2,381,1.0,328,320,8,2011,0,0,1,1,1,1,0.0
continuous_immigration,ours,2,382,1.0,330,322,8,2017,0,0,1,1,2,1,0.0
continuous_immigration,ours,2,383,1.0,327,319,8,2025,0,0,3,3,6,3,0.0
continuous_immigration,ours,2,384,1.0,326,318,8,2031,0,0,4,4,7,4,0.0
continuous_immigration,ours,2,385,1.0,324,316,8,2039,0,0,1,1,1,1,0.0
continuous_immigration,ours,2,386,1.0,327,319,8,2044,0,0,4,4,5,4,0.0
continuous_immigration,ours,2,387,nan,329,321,8,2048,0,0,0,0,0,0,0.0
continuous_immigration,ours,2,388,1.0,332,324,8,2054,0,0,3,3,4,3,0.0
continuous_immigration,ours,2,389,1.0,334,326,8,2059,0,0,1,1,2,1,0.0
continuous_immigration,ours,2,390,1.0,328,320,8,2068,0,0,2,2,3,2,0.0
continuous_immigration,ours,2,391,1.0,333,325,8,2071,0,0,3,3,7,3,0.0
continuous_immigration,ours,2,392,1.0,337,329,8,2078,0,0,3,3,6,3,0.0
continuous_immigration,ours,2,393,1.0,334,326,8,2083,0,0,3,3,6,3,0.0
continuous_immigration,ours,2,394,1.0,340,332,8,2088,0,0,4,4,8,4,0.0
continuous_immigration,ours,2,395,nan,337,329,8,2097,0,0,0,0,0,0,0.0
continuous_immigration,ours,2,396,nan,336,328,8,2102,0,0,0,0,0,0,0.0
continuous_immigration,ours,2,397,1.0,328,320,8,2111,0,0,2,2,3,2,0.0
continuous_immigration,ours,2,398,1.0,331,323,8,2115,0,0,3,3,5,3,0.0
continuous_immigration,ours,2,399,1.0,329,321,8,2122,0,0,2,2,5,2,0.0
continuous_immigration,ours,3,0,0.0,5,5,0,0,0,0,2,0,0,0,nan
continuous_immigration,ours,3,1,0.0,10,10,0,0,0,0,2,0,0,0,nan
continuous_immigration,ours,3,2,0.0,23,23,0,0,0,0,2,0,0,0,nan
continuous_immigration,ours,3,3,0.0,27,27,0,0,0,0,1,0,0,0,nan
continuous_immigration,ours,3,4,0.0,33,33,0,0,0,0,2,0,0,0,nan
continuous_immigration,ours,3,5,0.0,40,40,0,0,0,0,3,0,0,0,nan
continuous_immigration,ours,3,6,0.5,48,48,0,0,0,0,2,1,1,1,nan
continuous_immigration,ours,3,7,0.5,54,54,0,0,0,0,2,1,1,1,nan
continuous_immigration,ours,3,8,0.3333333333333333,62,62,0,0,0,0,3,1,1,1,nan
continuous_immigration,ours,3,9,1.0,72,72,0,0,0,0,2,2,3,2,nan
continuous_immigration,ours,3,10,0.3333333333333333,75,75,0,0,0,0,3,1,1,1,nan
continuous_immigration,ours,3,11,nan,84,84,0,0,0,0,0,0,0,0,nan
continuous_immigration,ours,3,12,1.0,90,90,0,0,0,0,1,1,1,1,nan
continuous_immigration,ours,3,13,0.0,93,93,0,0,0,0,1,0,1,0,nan
continuous_immigration,ours,3,14,0.75,104,104,0,0,0,0,4,3,4,3,nan
continuous_immigration,ours,3,15,0.6666666666666666,107,107,0,0,0,0,3,2,4,2,nan
continuous_immigration,ours,3,16,0.8,115,114,1,0,0,0,5,4,8,4,0.0
continuous_immigration,ours,3,17,0.6666666666666666,122,120,2,0,0,0,3,2,4,2,0.0
continuous_immigration,ours,3,18,1.0,132,130,2,0,0,0,1,1,1,1,0.0
continuous_immigration,ours,3,19,1.0,138,136,2,0,0,0,1,1,1,1,0.0
continuous_immigration,ours,3,20,nan,145,143,2,0,0,0,0,0,0,0,0.0
continuous_immigration,ours,3,21,nan,149,147,2,0,0,0,0,0,0,0,0.0
continuous_immigration,ours,3,22,nan,154,152,2,0,0,0,0,0,0,0,0.0
continuous_immigration,ours,3,23,1.0,161,159,2,0,0,0,2,2,5,2,0.0
continuous_immigration,ours,3,24,0.6666666666666666,170,168,2,0,0,0,3,2,3,2,0.0
continuous_immigration,ours,3,25,1.0,174,172,2,0,0,0,1,1,1,1,0.0
continuous_immigration,ours,3,26,1.0,180,177,3,0,0,0,3,3,5,3,0.0
continuous_immigration,ours,3,27,0.5,183,180,3,0,0,0,4,2,3,2,0.0
continuous_immigration,ours,3,28,nan,186,183,3,0,0,0,0,0,0,0,0.0
continuous_immigration,ours,3,29,1.0,189,186,3,0,0,0,6,6,10,6,0.0
continuous_immigration,ours,3,30,0.6666666666666666,197,193,4,0,0,0,3,2,5,2,0.0
continuous_immigration,ours,3,31,1.0,207,203,4,0,0,0,2,2,4,2,0.0
continuous_immigration,ours,3,32,1.0,211,207,4,0,0,0,1,1,2,1,0.0
continuous_immigration,ours,3,33,0.5,222,218,4,0,0,0,2,1,1,1,0.0
continuous_immigration,ours,3,34,1.0,230,226,4,0,0,0,1,1,1,1,0.0
continuous_immigration,ours,3,35,nan,234,230,4,0,0,0,0,0,0,0,0.0
continuous_immigration,ours,3,36,0.0,241,237,4,0,0,0,1,0,1,0,0.0
continuous_immigration,ours,3,37,1.0,247,243,4,0,0,0,2,2,5,2,0.0
continuous_immigration,ours,3,38,1.0,249,245,4,0,0,0,2,2,3,2,0.0
continuous_immigration,ours,3,39,1.0,255,251,4,0,0,0,2,2,4,2,0.0
continuous_immigration,ours,3,40,1.0,268,264,4,0,0,0,3,3,4,3,0.0
continuous_immigration,ours,3,41,1.0,275,271,4,0,0,0,1,1,3,1,0.0
continuous_immigration,ours,3,42,1.0,277,273,4,0,0,0,2,2,4,2,0.0
continuous_immigration,ours,3,43,nan,278,274,4,0,0,0,0,0,0,0,0.0
continuous_immigration,ours,3,44,1.0,285,281,4,0,0,0,2,2,2,2,0.0
continuous_immigration,ours,3,45,0.75,294,290,4,0,0,0,4,3,6,3,0.0
continuous_immigration,ours,3,46,1.0,302,298,4,0,0,0,2,2,2,2,0.0
continuous_immigration,ours,3,47,1.0,303,299,4,0,0,0,3,3,4,3,0.0
continuous_immigration,ours,3,48,1.0,308,304,4,0,0,0,3,3,9,3,0.0
continuous_immigration,ours,3,49,1.0,316,312,4,0,0,0,3,3,10,3,0.0
continuous_immigration,ours,3,50,1.0,319,315,4,0,0,0,1,1,3,1,0.0
continuous_immigration,ours,3,51,1.0,318,314,4,4,0,0,2,2,3,2,0.0
continuous_immigration,ours,3,52,1.0,318,314,4,9,0,0,1,1,3,1,0.0
continuous_immigration,ours,3,53,1.0,315,311,4,21,0,0,1,1,3,1,0.0
continuous_immigration,ours,3,54,1.0,318,314,4,25,0,0,5,5,11,5,0.0
continuous_immigration,ours,3,55,1.0,316,312,4,30,0,0,2,2,5,2,0.0
continuous_immigration,ours,3,56,1.0,316,312,4,35,0,0,3,3,5,3,0.0
continuous_immigration,ours,3,57,1.0,318,314,4,43,0,0,2,2,3,2,0.0
continuous_immigration,ours,3,58,1.0,319,315,4,49,0,0,2,2,6,2,0.0
continuous_immigration,ours,3,59,nan,314,310,4,56,0,0,0,0,0,0,0.0
continuous_immigration,ours,3,60,1.0,307,303,4,65,0,0,1,1,1,1,0.0
continuous_immigration,ours,3,61,1.0,307,303,4,68,0,0,1,1,3,1,0.0
continuous_immigration,ours,3,62,1.0,306,302,4,77,0,0,1,1,2,1,0.0
continuous_immigration,ours,3,63,1.0,303,299,4,83,0,0,4,4,9,4,0.0
continuous_immigration,ours,3,64,nan,307,303,4,86,0,0,0,0,0,0,0.0
continuous_immigration,ours,3,65,1.0,307,303,4,94,0,0,2,2,5,2,0.0
continuous_immigration,ours,3,66,1.0,313,309,4,97,0,0,2,2,4,2,0.0
continuous_immigration,ours,3,67,1.0,317,313,4,103,0,0,2,2,4,2,0.0
continuous_immigration,ours,3,68,nan,322,318,4,109,0,0,0,0,0,0,0.0
continuous_immigration,ours,3,69,1.0,318,314,4,118,0,0,2,2,2,2,0.0
continuous_immigration,ours,3,70,1.0,317,312,5,124,0,0,1,1,1,1,0.0
continuous_immigration,ours,3,71,1.0,321,316,5,131,0,0,4,4,9,4,0.0
continuous_immigration,ours,3,72,1.0,322,317,5,135,0,0,2,2,4,2,0.0
continuous_immigration,ours,3,73,nan,325,320,5,140,0,0,0,0,0,0,0.0
continuous_immigration,ours,3,74,1.0,327,322,5,147,0,0,2,2,5,2,0.0
continuous_immigration,ours,3,75,1.0,323,318,5,156,0,0,2,2,3,2,0.0
continuous_immigration,ours,3,76,nan,323,318,5,160,0,0,0,0,0,0,0.0
continuous_immigration,ours,3,77,1.0,323,318,5,166,0,0,1,1,2,1,0.0
continuous_immigration,ours,3,78,1.0,327,322,5,169,0,0,1,1,2,1,0.0
continuous_immigration,ours,3,79,1.0,328,323,5,172,0,0,3,3,6,3,0.0
continuous_immigration,ours,3,80,1.0,331,326,5,175,0,0,1,1,2,1,0.0
continuous_immigration,ours,3,81,nan,330,325,5,183,0,0,0,0,0,0,0.0
continuous_immigration,ours,3,82,1.0,324,319,5,192,0,0,1,1,1,1,0.0
continuous_immigration,ours,3,83,1.0,329,324,5,196,0,0,1,1,2,1,0.0
continuous_immigration,ours,3,84,1.0,323,318,5,207,0,0,1,1,3,1,0.0
continuous_immigration,ours,3,85,1.0,316,311,5,215,0,0,1,1,1,1,0.0
continuous_immigration,ours,3,86,1.0,316,311,5,219,0,0,3,3,5,3,0.0
continuous_immigration,ours,3,87,1.0,316,311,5,226,0,0,1,1,2,1,0.0
continuous_immigration,ours,3,88,1.0,314,309,5,232,0,0,3,3,6,3,0.0
continuous_immigration,ours,3,89,1.0,319,314,5,234,0,0,1,1,2,1,0.0
continuous_immigration,ours,3,90,1.0,316,311,5,240,0,0,1,1,1,1,0.0
continuous_immigration,ours,3,91,1.0,309,303,6,253,0,0,5,5,12,5,0.0
continuous_immigration,ours,3,92,1.0,309,303,6,260,0,0,3,3,7,3,0.0
continuous_immigration,ours,3,93,1.0,315,309,6,262,0,0,1,1,2,1,0.0
continuous_immigration,ours,3,94,1.0,321,315,6,263,0,0,1,1,2,1,0.0
continuous_immigration,ours,3,95,1.0,319,313,6,269,0,0,2,2,5,2,0.0
continuous_immigration,ours,3,96,1.0,312,306,6,278,0,0,1,1,2,1,0.0
continuous_immigration,ours,3,97,1.0,315,309,6,286,0,0,1,1,2,1,0.0
continuous_immigration,ours,3,98,1.0,318,312,6,286,0,0,3,3,6,3,0.0
continuous_immigration,ours,3,99,1.0,319,313,6,291,0,0,1,1,3,1,0.0
continuous_immigration,ours,3,100,1.0,318,312,6,298,0,0,5,5,12,5,0.0
continuous_immigration,ours,3,101,1.0,318,312,6,301,0,0,2,2,4,2,0.0
continuous_immigration,ours,3,102,1.0,322,316,6,304,0,0,2,2,3,2,0.0
continuous_immigration,ours,3,103,1.0,322,316,6,309,0,0,2,2,4,2,0.0
continuous_immigration,ours,3,104,nan,317,311,6,318,0,0,0,0,0,0,0.0
continuous_immigration,ours,3,105,1.0,312,306,6,326,0,0,2,2,5,2,0.0
continuous_immigration,ours,3,106,nan,314,308,6,329,0,0,0,0,0,0,0.0
continuous_immigration,ours,3,107,1.0,315,309,6,334,0,1,3,3,5,3,0.0
continuous_immigration,ours,3,108,1.0,308,302,6,344,0,1,3,3,5,3,0.0
continuous_immigration,ours,3,109,1.0,301,295,6,351,0,1,4,4,9,4,0.0
continuous_immigration,ours,3,110,1.0,302,296,6,353,0,1,1,1,2,1,0.0
continuous_immigration,ours,3,111,nan,307,301,6,355,0,1,0,0,0,0,0.0
continuous_immigration,ours,3,112,1.0,306,300,6,358,0,1,2,2,5,2,0.0
continuous_immigration,ours,3,113,1.0,305,299,6,365,0,1,1,1,2,1,0.0
continuous_immigration,ours,3,114,1.0,307,301,6,368,0,1,1,1,4,1,0.0
continuous_immigration,ours,3,115,1.0,303,297,6,375,0,1,6,6,11,6,0.0
continuous_immigration,ours,3,116,1.0,301,295,6,382,0,1,3,3,5,3,0.0
continuous_immigration,ours,3,117,1.0,297,291,6,390,0,1,3,3,7,3,0.0
continuous_immigration,ours,3,118,nan,293,287,6,400,0,1,0,0,0,0,0.0
continuous_immigration,ours,3,119,1.0,287,281,6,411,0,1,1,1,2,1,0.0
continuous_immigration,ours,3,120,1.0,289,283,6,416,0,1,1,1,1,1,0.0
continuous_immigration,ours,3,121,nan,294,288,6,421,0,1,0,0,0,0,0.0
continuous_immigration,ours,3,122,1.0,286,280,6,432,0,1,1,1,2,1,0.0
continuous_immigration,ours,3,123,1.0,287,281,6,437,0,1,2,2,6,2,0.0
continuous_immigration,ours,3,124,1.0,288,282,6,445,0,1,5,5,10,5,0.0
continuous_immigration,ours,3,125,nan,288,282,6,454,0,1,0,0,0,0,0.0
continuous_immigration,ours,3,126,1.0,288,282,6,459,0,1,1,1,3,1,0.0
continuous_immigration,ours,3,127,1.0,292,286,6,463,0,0,2,2,5,2,0.0
continuous_immigration,ours,3,128,1.0,290,284,6,469,0,0,5,5,9,5,0.0
continuous_immigration,ours,3,129,1.0,289,283,6,476,0,0,1,1,2,1,0.0
continuous_immigration,ours,3,130,1.0,290,284,6,480,0,0,1,1,2,1,0.0
continuous_immigration,ours,3,131,1.0,295,288,7,486,0,0,2,2,3,2,0.0
continuous_immigration,ours,3,132,1.0,294,287,7,493,0,0,4,4,5,4,0.0
continuous_immigration,ours,3,133,1.0,297,289,8,496,0,0,1,1,2,1,0.0
continuous_immigration,ours,3,134,1.0,293,285,8,505,0,0,1,1,4,1,0.0
continuous_immigration,ours,3,135,1.0,294,286,8,510,0,0,2,2,4,2,0.0
continuous_immigration,ours,3,136,1.0,299,291,8,511,0,0,3,3,8,3,0.0
continuous_immigration,ours,3,137,nan,302,294,8,515,0,0,0,0,0,0,0.0
continuous_immigration,ours,3,138,1.0,305,297,8,522,0,0,1,1,1,1,0.0
continuous_immigration,ours,3,139,1.0,310,302,8,526,0,0,3,3,4,3,0.0
continuous_immigration,ours,3,140,nan,307,299,8,533,0,0,0,0,0,0,0.0
continuous_immigration,ours,3,141,1.0,313,305,8,536,0,0,3,3,9,3,0.0
continuous_immigration,ours,3,142,1.0,311,303,8,542,0,0,2,2,4,2,0.0
continuous_immigration,ours,3,143,1.0,308,300,8,550,0,0,3,3,5,3,0.0
continuous_immigration,ours,3,144,1.0,306,298,8,558,0,0,1,1,1,1,0.0
continuous_immigration,ours,3,145,1.0,305,297,8,565,0,0,2,2,7,2,0.0
continuous_immigration,ours,3,146,1.0,309,301,8,569,0,0,6,6,12,6,0.0
continuous_immigration,ours,3,147,1.0,314,306,8,571,0,0,1,1,2,1,0.0
continuous_immigration,ours,3,148,1.0,308,300,8,582,0,0,1,1,2,1,0.0
continuous_immigration,ours,3,149,1.0,308,300,8,585,0,0,1,1,4,1,0.0
continuous_immigration,ours,3,150,1.0,309,301,8,591,0,0,2,2,3,2,0.0
continuous_immigration,ours,3,151,1.0,307,299,8,597,0,0,2,2,4,2,0.0
continuous_immigration,ours,3,152,1.0,312,304,8,600,0,0,1,1,1,1,0.0
continuous_immigration,ours,3,153,1.0,315,307,8,607,0,0,2,2,6,2,0.0
continuous_immigration,ours,3,154,1.0,311,303,8,612,0,0,3,3,8,3,0.0
continuous_immigration,ours,3,155,1.0,314,306,8,616,0,0,1,1,1,1,0.0
continuous_immigration,ours,3,156,1.0,318,310,8,619,0,0,3,3,6,3,0.0
continuous_immigration,ours,3,157,nan,316,308,8,624,0,0,0,0,0,0,0.0
continuous_immigration,ours,3,158,1.0,318,310,8,631,0,0,2,2,6,2,0.0
continuous_immigration,ours,3,159,1.0,318,310,8,634,0,0,2,2,3,2,0.0
continuous_immigration,ours,3,160,1.0,321,313,8,634,0,0,2,2,3,2,0.0
continuous_immigration,ours,3,161,1.0,319,311,8,637,0,0,1,1,3,1,0.0
continuous_immigration,ours,3,162,1.0,318,310,8,644,0,0,2,2,4,2,0.0
continuous_immigration,ours,3,163,1.0,324,316,8,645,0,0,3,3,3,3,0.0
continuous_immigration,ours,3,164,1.0,325,317,8,651,0,0,2,2,3,2,0.0
continuous_immigration,ours,3,165,1.0,329,321,8,656,0,0,1,1,3,1,0.0
continuous_immigration,ours,3,166,1.0,330,322,8,659,0,0,3,3,7,3,0.0
continuous_immigration,ours,3,167,1.0,327,319,8,664,0,0,2,2,3,2,0.0
continuous_immigration,ours,3,168,1.0,328,320,8,668,0,0,1,1,2,1,0.0
continuous_immigration,ours,3,169,1.0,324,316,8,674,0,0,3,3,8,3,0.0
continuous_immigration,ours,3,170,1.0,327,319,8,679,0,0,1,1,3,1,0.0
continuous_immigration,ours,3,171,1.0,330,322,8,686,0,0,1,1,1,1,0.0
continuous_immigration,ours,3,172,1.0,332,324,8,696,0,0,1,1,1,1,0.0
continuous_immigration,ours,3,173,1.0,334,326,8,699,0,1,3,3,4,3,0.0
continuous_immigration,ours,3,174,1.0,335,327,8,705,0,1,4,4,8,4,0.0
continuous_immigration,ours,3,175,1.0,329,321,8,715,0,1,3,3,5,3,0.0
continuous_immigration,ours,3,176,1.0,323,315,8,724,0,1,4,4,8,4,0.0
continuous_immigration,ours,3,177,1.0,321,313,8,729,0,1,1,1,2,1,0.0
continuous_immigration,ours,3,178,1.0,320,312,8,737,0,1,3,3,7,3,0.0
continuous_immigration,ours,3,179,nan,321,313,8,741,0,1,0,0,0,0,0.0
continuous_immigration,ours,3,180,1.0,323,315,8,747,0,1,2,2,3,2,0.0
continuous_immigration,ours,3,181,1.0,322,314,8,752,0,1,2,2,4,2,0.0
continuous_immigration,ours,3,182,1.0,319,311,8,763,0,1,5,5,13,5,0.0
continuous_immigration,ours,3,183,1.0,319,311,8,769,0,1,4,4,8,4,0.0
continuous_immigration,ours,3,184,1.0,319,311,8,775,0,1,3,3,8,3,0.0
continuous_immigration,ours,3,185,1.0,321,313,8,780,0,1,3,3,6,3,0.0
continuous_immigration,ours,3,186,1.0,319,311,8,786,0,1,2,2,4,2,0.0
continuous_immigration,ours,3,187,1.0,316,308,8,792,0,1,2,2,3,2,0.0
continuous_immigration,ours,3,188,1.0,313,305,8,799,0,1,1,1,1,1,0.0
continuous_immigration,ours,3,189,1.0,305,297,8,809,0,1,2,2,5,2,0.0
continuous_immigration,ours,3,190,1.0,298,290,8,818,0,1,3,3,8,3,0.0
continuous_immigration,ours,3,191,1.0,296,288,8,822,0,1,3,3,7,3,0.0
continuous_immigration,ours,3,192,1.0,297,289,8,831,0,1,2,2,4,2,0.0
continuous_immigration,ours,3,193,1.0,296,288,8,835,0,0,1,1,2,1,0.0
continuous_immigration,ours,3,194,1.0,299,291,8,840,0,0,2,2,3,2,0.0
continuous_immigration,ours,3,195,1.0,297,289,8,846,0,0,1,1,2,1,0.0
continuous_immigration,ours,3,196,1.0,297,289,8,852,0,0,1,1,3,1,0.0
continuous_immigration,ours,3,197,1.0,294,286,8,860,0,0,5,5,9,5,0.0
continuous_immigration,ours,3,198,1.0,299,291,8,867,0,0,1,1,3,1,0.0
continuous_immigration,ours,3,199,1.0,298,290,8,872,0,0,5,5,11,5,0.0
continuous_immigration,ours,3,200,1.0,300,292,8,875,0,0,2,2,2,2,0.0
continuous_immigration,ours,3,201,nan,298,290,8,882,0,0,0,0,0,0,0.0
continuous_immigration,ours,3,202,1.0,301,293,8,886,0,0,1,1,2,1,0.0
continuous_immigration,ours,3,203,1.0,298,290,8,894,0,0,1,1,2,1,0.0
continuous_immigration,ours,3,204,1.0,289,281,8,904,0,0,2,2,4,2,0.0
continuous_immigration,ours,3,205,1.0,290,282,8,905,0,0,3,3,4,3,0.0
continuous_immigration,ours,3,206,1.0,288,280,8,912,0,0,4,4,8,4,0.0
continuous_immigration,ours,3,207,1.0,287,279,8,919,0,0,1,1,2,1,0.0
continuous_immigration,ours,3,208,1.0,292,284,8,922,0,0,1,1,2,1,0.0
continuous_immigration,ours,3,209,1.0,287,279,8,931,0,0,1,1,1,1,0.0
continuous_immigration,ours,3,210,1.0,287,279,8,934,0,0,2,2,5,2,0.0
continuous_immigration,ours,3,211,1.0,293,285,8,937,0,0,3,3,6,3,0.0
continuous_immigration,ours,3,212,nan,301,293,8,938,0,0,0,0,0,0,0.0
continuous_immigration,ours,3,213,1.0,298,290,8,944,0,0,1,1,3,1,0.0
continuous_immigration,ours,3,214,1.0,297,289,8,952,0,0,2,2,3,2,0.0
continuous_immigration,ours,3,215,1.0,297,289,8,959,0,0,1,1,2,1,0.0
continuous_immigration,ours,3,216,1.0,295,287,8,968,0,0,2,2,3,2,0.0
continuous_immigration,ours,3,217,1.0,301,293,8,972,0,0,1,1,4,1,0.0
continuous_immigration,ours,3,218,1.0,302,294,8,974,0,0,1,1,3,1,0.0
continuous_immigration,ours,3,219,nan,305,297,8,978,0,0,0,0,0,0,0.0
continuous_immigration,ours,3,220,1.0,309,301,8,980,0,0,1,1,1,1,0.0
continuous_immigration,ours,3,221,1.0,306,298,8,988,0,0,2,2,3,2,0.0
continuous_immigration,ours,3,222,1.0,300,292,8,998,0,0,2,2,2,2,0.0
continuous_immigration,ours,3,223,nan,295,287,8,1010,0,0,0,0,0,0,0.0
continuous_immigration,ours,3,224,1.0,296,288,8,1015,0,0,3,3,9,3,0.0
continuous_immigration,ours,3,225,1.0,294,286,8,1022,0,0,1,1,2,1,0.0
continuous_immigration,ours,3,226,1.0,295,287,8,1026,0,0,1,1,2,1,0.0
continuous_immigration,ours,3,227,1.0,299,291,8,1029,0,0,1,1,1,1,0.0
continuous_immigration,ours,3,228,1.0,303,295,8,1032,0,0,1,1,1,1,0.0
continuous_immigration,ours,3,229,1.0,307,299,8,1039,0,1,2,2,4,2,0.0
continuous_immigration,ours,3,230,1.0,308,300,8,1044,0,1,5,5,10,5,0.0
continuous_immigration,ours,3,231,1.0,303,295,8,1052,0,1,1,1,1,1,0.0
continuous_immigration,ours,3,232,1.0,305,297,8,1056,0,1,1,1,2,1,0.0
continuous_immigration,ours,3,233,1.0,305,297,8,1064,0,1,3,3,6,3,0.0
continuous_immigration,ours,3,234,1.0,304,296,8,1070,0,1,1,1,3,1,0.0
continuous_immigration,ours,3,235,1.0,306,298,8,1076,0,1,6,6,8,6,0.0
continuous_immigration,ours,3,236,nan,303,295,8,1083,0,1,0,0,0,0,0.0
continuous_immigration,ours,3,237,1.0,303,295,8,1087,0,1,2,2,2,2,0.0
continuous_immigration,ours,3,238,1.0,307,299,8,1090,0,1,3,3,3,3,0.0
continuous_immigration,ours,3,239,1.0,310,302,8,1094,0,1,4,4,7,4,0.0
continuous_immigration,ours,3,240,1.0,311,303,8,1096,0,1,2,2,5,2,0.0
continuous_immigration,ours,3,241,1.0,314,306,8,1098,0,2,4,4,9,4,0.0
continuous_immigration,ours,3,242,1.0,316,308,8,1100,0,2,2,2,4,2,0.0
continuous_immigration,ours,3,243,nan,310,302,8,1110,0,2,0,0,0,0,0.0
continuous_immigration,ours,3,244,1.0,317,309,8,1113,0,2,2,2,4,2,0.0
continuous_immigration,ours,3,245,nan,311,303,8,1121,0,2,0,0,0,0,0.0
continuous_immigration,ours,3,246,nan,318,310,8,1125,0,2,0,0,0,0,0.0
continuous_immigration,ours,3,247,1.0,319,311,8,1130,0,2,3,3,6,3,0.0
continuous_immigration,ours,3,248,1.0,319,311,8,1135,0,2,2,2,5,2,0.0
continuous_immigration,ours,3,249,1.0,311,303,8,1147,0,1,1,1,4,1,0.0
continuous_immigration,ours,3,250,1.0,315,307,8,1152,0,1,2,2,3,2,0.0
continuous_immigration,ours,3,251,1.0,316,308,8,1157,0,1,1,1,2,1,0.0
continuous_immigration,ours,3,252,1.0,320,312,8,1162,0,1,3,3,7,3,0.0
continuous_immigration,ours,3,253,nan,317,309,8,1169,0,1,0,0,0,0,0.0
continuous_immigration,ours,3,254,1.0,319,311,8,1174,0,1,1,1,2,1,0.0
continuous_immigration,ours,3,255,1.0,325,317,8,1175,0,1,4,4,7,4,0.0
continuous_immigration,ours,3,256,1.0,326,318,8,1177,0,1,1,1,1,1,0.0
continuous_immigration,ours,3,257,nan,326,318,8,1182,0,1,0,0,0,0,0.0
continuous_immigration,ours,3,258,1.0,328,320,8,1188,0,1,1,1,2,1,0.0
continuous_immigration,ours,3,259,1.0,324,316,8,1195,0,1,2,2,3,2,0.0
continuous_immigration,ours,3,260,1.0,328,320,8,1199,0,1,4,4,7,4,0.0
continuous_immigration,ours,3,261,1.0,328,320,8,1202,0,0,2,2,5,2,0.0
continuous_immigration,ours,3,262,1.0,319,311,8,1211,0,0,2,2,4,2,0.0
continuous_immigration,ours,3,263,1.0,316,308,8,1220,0,0,2,2,5,2,0.0
continuous_immigration,ours,3,264,1.0,315,307,8,1223,0,0,2,2,5,2,0.0
continuous_immigration,ours,3,265,1.0,314,306,8,1230,0,0,2,2,3,2,0.0
continuous_immigration,ours,3,266,1.0,313,305,8,1237,0,0,2,2,5,2,0.0
continuous_immigration,ours,3,267,1.0,308,300,8,1244,0,0,1,1,2,1,0.0
continuous_immigration,ours,3,268,1.0,302,294,8,1254,0,0,1,1,1,1,0.0
continuous_immigration,ours,3,269,1.0,308,300,8,1257,0,0,2,2,4,2,0.0
continuous_immigration,ours,3,270,1.0,308,300,8,1264,0,0,4,4,9,4,0.0
continuous_immigration,ours,3,271,1.0,311,303,8,1270,0,0,5,5,12,5,0.0
continuous_immigration,ours,3,272,1.0,314,306,8,1275,0,0,1,1,4,1,0.0
continuous_immigration,ours,3,273,1.0,316,308,8,1279,0,0,3,3,7,3,0.0
continuous_immigration,ours,3,274,nan,317,309,8,1286,0,0,0,0,0,0,0.0
continuous_immigration,ours,3,275,1.0,318,310,8,1292,0,0,2,2,5,2,0.0
continuous_immigration,ours,3,276,nan,320,312,8,1297,0,0,0,0,0,0,0.0
continuous_immigration,ours,3,277,1.0,319,311,8,1302,0,0,3,3,5,3,0.0
continuous_immigration,ours,3,278,1.0,317,309,8,1309,0,0,1,1,1,1,0.0
continuous_immigration,ours,3,279,1.0,313,305,8,1316,0,0,1,1,2,1,0.0
continuous_immigration,ours,3,280,1.0,307,299,8,1326,0,0,2,2,5,2,0.0
continuous_immigration,ours,3,281,1.0,308,300,8,1332,0,0,3,3,7,3,0.0
continuous_immigration,ours,3,282,1.0,309,301,8,1335,0,0,1,1,3,1,0.0
continuous_immigration,ours,3,283,1.0,307,299,8,1341,0,0,1,1,2,1,0.0
continuous_immigration,ours,3,284,1.0,310,302,8,1350,0,0,2,2,6,2,0.0
continuous_immigration,ours,3,285,1.0,309,301,8,1355,0,0,1,1,2,1,0.0
continuous_immigration,ours,3,286,1.0,306,298,8,1363,0,0,2,2,4,2,0.0
continuous_immigration,ours,3,287,nan,310,302,8,1367,0,0,0,0,0,0,0.0
continuous_immigration,ours,3,288,1.0,308,300,8,1372,0,0,3,3,6,3,0.0
continuous_immigration,ours,3,289,1.0,308,300,8,1379,0,0,3,3,7,3,0.0
continuous_immigration,ours,3,290,1.0,310,302,8,1386,0,0,2,2,5,2,0.0
continuous_immigration,ours,3,291,1.0,315,307,8,1389,0,0,1,1,2,1,0.0
continuous_immigration,ours,3,292,1.0,319,311,8,1394,0,0,1,1,2,1,0.0
continuous_immigration,ours,3,293,1.0,321,313,8,1398,0,0,3,3,8,3,0.0
continuous_immigration,ours,3,294,nan,330,322,8,1402,0,0,0,0,0,0,0.0
continuous_immigration,ours,3,295,1.0,327,319,8,1411,0,0,4,4,8,4,0.0
continuous_immigration,ours,3,296,1.0,327,319,8,1413,0,0,3,3,9,3,0.0
continuous_immigration,ours,3,297,1.0,322,314,8,1424,0,0,3,3,7,3,0.0
continuous_immigration,ours,3,298,1.0,321,313,8,1430,0,0,6,6,14,6,0.0
continuous_immigration,ours,3,299,1.0,323,315,8,1435,0,0,3,3,7,3,0.0
continuous_immigration,ours,3,300,1.0,322,314,8,1439,0,0,1,1,3,1,0.0
continuous_immigration,ours,3,301,1.0,317,309,8,1448,0,0,1,1,2,1,0.0
continuous_immigration,ours,3,302,1.0,319,311,8,1453,0,0,3,3,7,3,0.0
continuous_immigration,ours,3,303,1.0,316,308,8,1462,0,0,2,2,4,2,0.0
continuous_immigration,ours,3,304,1.0,319,311,8,1466,0,0,3,3,9,3,0.0
continuous_immigration,ours,3,305,1.0,319,311,8,1473,0,0,3,3,5,3,0.0
continuous_immigration,ours,3,306,1.0,316,308,8,1480,0,0,1,1,3,1,0.0
continuous_immigration,ours,3,307,1.0,316,308,8,1483,0,0,1,1,2,1,0.0
continuous_immigration,ours,3,308,1.0,316,308,8,1488,0,0,1,1,2,1,0.0
continuous_immigration,ours,3,309,nan,310,302,8,1497,0,0,0,0,0,0,0.0
continuous_immigration,ours,3,310,1.0,317,309,8,1499,0,0,6,6,11,6,0.0
continuous_immigration,ours,3,311,1.0,320,312,8,1507,0,0,4,4,14,4,0.0
continuous_immigration,ours,3,312,1.0,324,316,8,1510,0,0,2,2,3,2,0.0
continuous_immigration,ours,3,313,1.0,331,323,8,1510,0,0,2,2,4,2,0.0
continuous_immigration,ours,3,314,1.0,329,321,8,1516,0,0,1,1,1,1,0.0
continuous_immigration,ours,3,315,1.0,334,326,8,1518,0,0,3,3,7,3,0.0
continuous_immigration,ours,3,316,1.0,333,325,8,1524,0,0,3,3,8,3,0.0
continuous_immigration,ours,3,317,1.0,332,324,8,1530,0,0,2,2,4,2,0.0
continuous_immigration,ours,3,318,1.0,334,326,8,1532,0,0,3,3,5,3,0.0
continuous_immigration,ours,3,319,nan,343,335,8,1536,0,0,0,0,0,0,0.0
continuous_immigration,ours,3,320,1.0,338,330,8,1545,0,0,2,2,6,2,0.0
continuous_immigration,ours,3,321,1.0,336,328,8,1552,0,0,4,4,6,4,0.0
continuous_immigration,ours,3,322,1.0,338,330,8,1561,0,0,3,3,6,3,0.0
continuous_immigration,ours,3,323,1.0,337,329,8,1569,0,0,1,1,2,1,0.0
continuous_immigration,ours,3,324,1.0,336,328,8,1575,0,0,1,1,3,1,0.0
continuous_immigration,ours,3,325,1.0,334,326,8,1583,0,0,5,5,13,5,0.0
continuous_immigration,ours,3,326,1.0,333,325,8,1590,0,0,5,5,13,5,0.0
continuous_immigration,ours,3,327,1.0,334,326,8,1597,0,0,2,2,3,2,0.0
continuous_immigration,ours,3,328,1.0,335,327,8,1601,0,0,2,2,4,2,0.0
continuous_immigration,ours,3,329,nan,331,323,8,1606,0,0,0,0,0,0,0.0
continuous_immigration,ours,3,330,1.0,337,329,8,1609,0,0,1,1,3,1,0.0
continuous_immigration,ours,3,331,1.0,338,330,8,1613,0,0,1,1,3,1,0.0
continuous_immigration,ours,3,332,1.0,336,328,8,1620,0,0,3,3,9,3,0.0
continuous_immigration,ours,3,333,1.0,340,332,8,1624,0,0,2,2,2,2,0.0
continuous_immigration,ours,3,334,nan,339,331,8,1628,0,0,0,0,0,0,0.0
continuous_immigration,ours,3,335,1.0,331,323,8,1640,0,0,1,1,2,1,0.0
continuous_immigration,ours,3,336,1.0,335,327,8,1644,0,0,1,1,1,1,0.0
continuous_immigration,ours,3,337,1.0,337,329,8,1649,0,0,2,2,6,2,0.0
continuous_immigration,ours,3,338,nan,336,328,8,1657,0,0,0,0,0,0,0.0
continuous_immigration,ours,3,339,1.0,339,331,8,1660,0,0,2,2,4,2,0.0
continuous_immigration,ours,3,340,1.0,337,329,8,1667,0,0,2,2,4,2,0.0
continuous_immigration,ours,3,341,1.0,333,325,8,1676,0,0,6,6,13,6,0.0
continuous_immigration,ours,3,342,1.0,327,319,8,1684,0,0,3,3,7,3,0.0
continuous_immigration,ours,3,343,1.0,326,318,8,1693,0,0,1,1,2,1,0.0
continuous_immigration,ours,3,344,1.0,323,315,8,1700,0,0,2,2,6,2,0.0
continuous_immigration,ours,3,345,nan,316,308,8,1713,0,0,0,0,0,0,0.0
continuous_immigration,ours,3,346,nan,320,312,8,1719,0,0,0,0,0,0,0.0
continuous_immigration,ours,3,347,nan,323,315,8,1721,0,0,0,0,0,0,0.0
continuous_immigration,ours,3,348,1.0,324,316,8,1727,0,0,2,2,5,2,0.0
continuous_immigration,ours,3,349,1.0,321,313,8,1732,0,0,1,1,1,1,0.0
continuous_immigration,ours,3,350,1.0,321,313,8,1738,0,0,1,1,2,1,0.0
continuous_immigration,ours,3,351,nan,324,316,8,1741,0,0,0,0,0,0,0.0
continuous_immigration,ours,3,352,1.0,323,315,8,1745,0,0,1,1,2,1,0.0
continuous_immigration,ours,3,353,1.0,328,320,8,1752,0,0,2,2,3,2,0.0
continuous_immigration,ours,3,354,1.0,330,322,8,1758,0,0,3,3,7,3,0.0
continuous_immigration,ours,3,355,1.0,329,321,8,1765,0,0,2,2,7,2,0.0
continuous_immigration,ours,3,356,1.0,326,318,8,1772,0,0,1,1,2,1,0.0
continuous_immigration,ours,3,357,nan,331,323,8,1776,0,0,0,0,0,0,0.0
continuous_immigration,ours,3,358,1.0,332,324,8,1779,0,0,2,2,4,2,0.0
continuous_immigration,ours,3,359,1.0,336,328,8,1784,0,0,2,2,6,2,0.0
continuous_immigration,ours,3,360,1.0,340,332,8,1787,0,0,1,1,4,1,0.0
continuous_immigration,ours,3,361,1.0,343,335,8,1796,0,0,5,5,9,5,0.0
continuous_immigration,ours,3,362,1.0,338,330,8,1807,0,0,5,5,12,5,0.0
continuous_immigration,ours,3,363,1.0,334,326,8,1814,0,0,3,3,7,3,0.0
continuous_immigration,ours,3,364,1.0,332,324,8,1821,0,0,1,1,3,1,0.0
continuous_immigration,ours,3,365,1.0,330,322,8,1825,0,0,1,1,2,1,0.0
continuous_immigration,ours,3,366,nan,330,322,8,1832,0,0,0,0,0,0,0.0
continuous_immigration,ours,3,367,1.0,334,326,8,1837,0,0,4,4,7,4,0.0
continuous_immigration,ours,3,368,nan,339,331,8,1842,0,0,0,0,0,0,0.0
continuous_immigration,ours,3,369,1.0,338,330,8,1846,0,0,2,2,4,2,0.0
continuous_immigration,ours,3,370,1.0,330,322,8,1859,0,0,4,4,8,4,0.0
continuous_immigration,ours,3,371,1.0,332,324,8,1863,0,0,4,4,8,4,0.0
continuous_immigration,ours,3,372,1.0,333,325,8,1868,0,0,4,4,8,4,0.0
continuous_immigration,ours,3,373,1.0,326,318,8,1879,0,0,4,4,8,4,0.0
continuous_immigration,ours,3,374,1.0,328,320,8,1886,0,0,2,2,3,2,0.0
continuous_immigration,ours,3,375,1.0,334,326,8,1891,0,0,1,1,2,1,0.0
continuous_immigration,ours,3,376,1.0,331,323,8,1897,0,0,1,1,2,1,0.0
continuous_immigration,ours,3,377,1.0,329,321,8,1903,0,0,1,1,3,1,0.0
continuous_immigration,ours,3,378,1.0,326,318,8,1911,0,0,1,1,2,1,0.0
continuous_immigration,ours,3,379,1.0,326,318,8,1916,0,0,3,3,5,3,0.0
continuous_immigration,ours,3,380,1.0,329,321,8,1917,0,0,1,1,1,1,0.0
continuous_immigration,ours,3,381,1.0,330,322,8,1926,0,0,3,3,6,3,0.0
continuous_immigration,ours,3,382,1.0,331,323,8,1931,0,0,1,1,1,1,0.0
continuous_immigration,ours,3,383,1.0,334,326,8,1936,0,0,4,4,7,4,0.0
continuous_immigration,ours,3,384,1.0,334,326,8,1944,0,0,3,3,7,3,0.0
continuous_immigration,ours,3,385,1.0,337,329,8,1947,0,0,1,1,3,1,0.0
continuous_immigration,ours,3,386,1.0,337,329,8,1951,0,0,2,2,3,2,0.0
continuous_immigration,ours,3,387,1.0,338,330,8,1959,0,0,4,4,10,4,0.0
continuous_immigration,ours,3,388,1.0,339,331,8,1967,0,0,2,2,6,2,0.0
continuous_immigration,ours,3,389,1.0,338,330,8,1974,0,0,1,1,3,1,0.0
continuous_immigration,ours,3,390,1.0,339,331,8,1980,0,0,2,2,2,2,0.0
continuous_immigration,ours,3,391,1.0,337,329,8,1985,0,0,3,3,5,3,0.0
continuous_immigration,ours,3,392,1.0,340,332,8,1990,0,0,2,2,4,2,0.0
continuous_immigration,ours,3,393,1.0,343,335,8,1992,0,0,4,4,6,4,0.0
continuous_immigration,ours,3,394,1.0,340,332,8,2000,0,0,3,3,5,3,0.0
continuous_immigration,ours,3,395,1.0,337,329,8,2004,0,0,3,3,8,3,0.0
continuous_immigration,ours,3,396,1.0,336,328,8,2010,0,0,2,2,6,2,0.0
continuous_immigration,ours,3,397,1.0,330,322,8,2020,0,0,2,2,4,2,0.0
continuous_immigration,ours,3,398,1.0,328,320,8,2025,0,0,1,1,1,1,0.0
continuous_immigration,ours,3,399,nan,328,320,8,2032,0,0,0,0,0,0,0.0
continuous_immigration,ours,4,0,0.0,7,7,0,0,0,0,1,0,1,0,nan
continuous_immigration,ours,4,1,0.0,17,17,0,0,0,0,2,0,0,0,nan
continuous_immigration,ours,4,2,0.0,25,25,0,0,0,0,4,0,0,0,nan
continuous_immigration,ours,4,3,0.25,31,31,0,0,0,0,4,1,1,1,nan
continuous_immigration,ours,4,4,nan,43,43,0,0,0,0,0,0,0,0,nan
continuous_immigration,ours,4,5,0.0,49,49,0,0,0,0,2,0,0,0,nan
continuous_immigration,ours,4,6,0.3333333333333333,57,57,0,0,0,0,3,1,1,1,nan
continuous_immigration,ours,4,7,0.4,64,64,0,0,0,0,5,2,2,2,nan
continuous_immigration,ours,4,8,0.5,68,68,0,0,0,0,4,2,3,2,nan
continuous_immigration,ours,4,9,1.0,78,78,0,0,0,0,1,1,1,1,nan
continuous_immigration,ours,4,10,1.0,90,90,0,0,0,0,1,1,2,1,nan
continuous_immigration,ours,4,11,0.0,94,94,0,0,0,0,1,0,0,0,nan
continuous_immigration,ours,4,12,0.0,100,100,0,0,0,0,1,0,0,0,nan
continuous_immigration,ours,4,13,0.25,108,107,1,0,0,0,4,1,2,1,0.0
continuous_immigration,ours,4,14,1.0,116,115,1,0,0,0,1,1,1,1,0.0
continuous_immigration,ours,4,15,0.3333333333333333,122,121,1,0,0,0,3,1,3,1,0.0
continuous_immigration,ours,4,16,1.0,127,126,1,0,0,0,1,1,2,1,0.0
continuous_immigration,ours,4,17,0.0,135,134,1,0,0,0,1,0,0,0,0.0
continuous_immigration,ours,4,18,0.6666666666666666,140,139,1,0,0,0,3,2,2,2,0.0
continuous_immigration,ours,4,19,1.0,146,145,1,0,0,0,1,1,2,1,0.0
continuous_immigration,ours,4,20,0.6666666666666666,152,151,1,0,0,0,3,2,3,2,0.0
continuous_immigration,ours,4,21,nan,159,158,1,0,0,0,0,0,0,0,0.0
continuous_immigration,ours,4,22,1.0,167,166,1,0,0,0,3,3,5,3,0.0
continuous_immigration,ours,4,23,1.0,175,174,1,0,0,0,2,2,3,2,0.0
continuous_immigration,ours,4,24,1.0,180,179,1,0,0,0,2,2,3,2,0.0
continuous_immigration,ours,4,25,0.5,188,186,2,0,0,0,4,2,5,2,0.0
continuous_immigration,ours,4,26,1.0,194,192,2,0,0,0,1,1,1,1,0.0
continuous_immigration,ours,4,27,1.0,199,196,3,0,0,0,1,1,2,1,0.0
continuous_immigration,ours,4,28,0.6666666666666666,206,203,3,0,0,0,3,2,2,2,0.0
continuous_immigration,ours,4,29,1.0,212,209,3,0,0,0,2,2,3,2,0.0
continuous_immigration,ours,4,30,0.6,218,215,3,0,0,0,5,3,6,3,0.0
continuous_immigration,ours,4,31,1.0,227,224,3,0,0,0,3,3,4,3,0.0
continuous_immigration,ours,4,32,1.0,232,229,3,0,0,0,1,1,2,1,0.0
continuous_immigration,ours,4,33,1.0,236,233,3,0,0,0,1,1,2,1,0.0
continuous_immigration,ours,4,34,0.5,239,236,3,0,0,0,2,1,2,1,0.0
continuous_immigration,ours,4,35,1.0,248,245,3,0,0,0,2,2,4,2,0.0
continuous_immigration,ours,4,36,1.0,255,252,3,0,0,0,2,2,2,2,0.0
continuous_immigration,ours,4,37,nan,260,257,3,0,0,0,0,0,0,0,0.0
continuous_immigration,ours,4,38,nan,268,265,3,0,0,0,0,0,0,0,0.0
continuous_immigration,ours,4,39,1.0,275,272,3,0,0,0,1,1,3,1,0.0
continuous_immigration,ours,4,40,1.0,278,274,4,0,0,0,3,3,4,3,0.0
continuous_immigration,ours,4,41,0.5,280,276,4,0,0,0,2,1,2,1,0.0
continuous_immigration,ours,4,42,1.0,286,282,4,0,0,0,2,2,3,2,0.0
continuous_immigration,ours,4,43,1.0,297,293,4,0,0,0,1,1,1,1,0.0
continuous_immigration,ours,4,44,1.0,307,302,5,0,0,0,3,3,6,3,0.0
continuous_immigration,ours,4,45,1.0,311,306,5,0,0,0,2,2,3,2,0.0
continuous_immigration,ours,4,46,1.0,315,310,5,0,0,0,3,3,3,3,0.0
continuous_immigration,ours,4,47,1.0,321,316,5,0,0,0,2,2,2,2,0.0
continuous_immigration,ours,4,48,1.0,329,324,5,0,0,0,2,2,3,2,0.0
continuous_immigration,ours,4,49,1.0,336,331,5,0,0,0,1,1,3,1,0.0
continuous_immigration,ours,4,50,1.0,345,340,5,0,0,0,2,2,4,2,0.0
continuous_immigration,ours,4,51,1.0,343,338,5,7,0,0,1,1,2,1,0.0
continuous_immigration,ours,4,52,1.0,338,333,5,16,0,0,1,1,1,1,0.0
continuous_immigration,ours,4,53,nan,336,331,5,23,0,0,0,0,0,0,0.0
continuous_immigration,ours,4,54,0.6666666666666666,335,330,5,28,0,0,3,2,5,2,0.0
continuous_immigration,ours,4,55,1.0,329,324,5,40,0,0,1,1,2,1,0.0
continuous_immigration,ours,4,56,1.0,332,327,5,46,0,0,2,2,2,2,0.0
continuous_immigration,ours,4,57,1.0,335,330,5,53,0,0,2,2,2,2,0.0
continuous_immigration,ours,4,58,1.0,336,331,5,58,0,0,1,1,2,1,0.0
continuous_immigration,ours,4,59,1.0,339,334,5,62,0,0,4,4,5,4,0.0
continuous_immigration,ours,4,60,1.0,337,332,5,70,0,0,2,2,3,2,0.0
continuous_immigration,ours,4,61,1.0,333,328,5,81,0,0,1,1,1,1,0.0
continuous_immigration,ours,4,62,1.0,338,333,5,84,0,0,3,3,6,3,0.0
continuous_immigration,ours,4,63,nan,340,335,5,90,0,0,0,0,0,0,0.0
continuous_immigration,ours,4,64,1.0,343,338,5,98,0,0,3,3,7,3,0.0
continuous_immigration,ours,4,65,1.0,343,338,5,106,0,0,1,1,1,1,0.0
continuous_immigration,ours,4,66,1.0,348,343,5,111,0,0,1,1,2,1,0.0
continuous_immigration,ours,4,67,1.0,346,341,5,116,0,0,2,2,4,2,0.0
continuous_immigration,ours,4,68,1.0,349,344,5,123,0,0,1,1,1,1,0.0
continuous_immigration,ours,4,69,nan,352,347,5,128,0,0,0,0,0,0,0.0
continuous_immigration,ours,4,70,1.0,353,347,6,134,0,0,5,5,9,5,0.0
continuous_immigration,ours,4,71,1.0,355,348,7,140,0,0,3,3,6,3,0.0
continuous_immigration,ours,4,72,1.0,356,349,7,147,0,0,2,2,3,2,0.0
continuous_immigration,ours,4,73,1.0,354,347,7,155,0,0,4,4,10,4,0.0
continuous_immigration,ours,4,74,1.0,359,352,7,163,0,0,2,2,2,2,0.0
continuous_immigration,ours,4,75,nan,361,354,7,168,0,0,0,0,0,0,0.0
continuous_immigration,ours,4,76,1.0,357,350,7,176,0,0,4,4,6,4,0.0
continuous_immigration,ours,4,77,1.0,356,349,7,182,0,0,1,1,2,1,0.0
continuous_immigration,ours,4,78,0.6666666666666666,357,350,7,187,0,0,3,2,4,2,0.0
continuous_immigration,ours,4,79,1.0,359,352,7,193,0,0,2,2,4,2,0.0
continuous_immigration,ours,4,80,1.0,360,353,7,199,0,0,1,1,1,1,0.0
continuous_immigration,ours,4,81,1.0,358,351,7,205,0,0,3,3,7,3,0.0
continuous_immigration,ours,4,82,1.0,353,346,7,215,0,0,2,2,3,2,0.0
continuous_immigration,ours,4,83,1.0,352,345,7,220,0,0,1,1,1,1,0.0
continuous_immigration,ours,4,84,1.0,353,346,7,224,0,0,2,2,3,2,0.0
continuous_immigration,ours,4,85,1.0,358,351,7,226,0,0,3,3,5,3,0.0
continuous_immigration,ours,4,86,1.0,352,345,7,235,0,0,1,1,1,1,0.0
continuous_immigration,ours,4,87,1.0,351,344,7,242,0,0,2,2,3,2,0.0
continuous_immigration,ours,4,88,1.0,351,344,7,247,0,0,1,1,1,1,0.0
continuous_immigration,ours,4,89,1.0,350,343,7,255,0,0,1,1,2,1,0.0
continuous_immigration,ours,4,90,1.0,348,341,7,261,0,0,2,2,3,2,0.0
continuous_immigration,ours,4,91,1.0,348,341,7,264,0,0,1,1,2,1,0.0
continuous_immigration,ours,4,92,1.0,356,349,7,266,0,0,2,2,3,2,0.0
continuous_immigration,ours,4,93,1.0,359,352,7,272,0,0,3,3,7,3,0.0
continuous_immigration,ours,4,94,1.0,359,352,7,282,0,0,3,3,4,3,0.0
continuous_immigration,ours,4,95,1.0,355,348,7,291,0,0,2,2,3,2,0.0
continuous_immigration,ours,4,96,1.0,352,345,7,295,0,0,2,2,2,2,0.0
continuous_immigration,ours,4,97,1.0,356,349,7,299,0,0,1,1,2,1,0.0
continuous_immigration,ours,4,98,1.0,354,347,7,305,0,0,1,1,2,1,0.0
continuous_immigration,ours,4,99,1.0,352,345,7,313,0,0,1,1,2,1,0.0
continuous_immigration,ours,4,100,1.0,348,341,7,319,0,0,2,2,3,2,0.0
continuous_immigration,ours,4,101,nan,351,344,7,328,0,0,0,0,0,0,0.0
continuous_immigration,ours,4,102,1.0,352,345,7,333,0,0,4,4,7,4,0.0
continuous_immigration,ours,4,103,1.0,355,348,7,337,0,0,1,1,2,1,0.0
continuous_immigration,ours,4,104,1.0,355,348,7,342,0,0,2,2,5,2,0.0
continuous_immigration,ours,4,105,nan,359,352,7,345,0,0,0,0,0,0,0.0
continuous_immigration,ours,4,106,1.0,360,353,7,351,0,0,3,3,5,3,0.0
continuous_immigration,ours,4,107,1.0,361,354,7,360,0,0,1,1,2,1,0.0
continuous_immigration,ours,4,108,1.0,355,348,7,370,0,0,3,3,4,3,0.0
continuous_immigration,ours,4,109,1.0,355,348,7,376,0,0,6,6,10,6,0.0
continuous_immigration,ours,4,110,1.0,353,346,7,383,0,0,2,2,4,2,0.0
continuous_immigration,ours,4,111,1.0,350,343,7,389,0,0,3,3,4,3,0.0
continuous_immigration,ours,4,112,1.0,347,340,7,396,0,0,4,4,5,4,0.0
continuous_immigration,ours,4,113,1.0,345,338,7,404,0,0,1,1,1,1,0.0
continuous_immigration,ours,4,114,1.0,343,336,7,412,0,0,2,2,3,2,0.0
continuous_immigration,ours,4,115,1.0,339,332,7,423,0,0,3,3,4,3,0.0
continuous_immigration,ours,4,116,nan,338,331,7,431,0,0,0,0,0,0,0.0
continuous_immigration,ours,4,117,1.0,336,329,7,440,0,0,1,1,1,1,0.0
continuous_immigration,ours,4,118,nan,336,329,7,443,0,0,0,0,0,0,0.0
continuous_immigration,ours,4,119,1.0,331,324,7,453,0,0,1,1,4,1,0.0
continuous_immigration,ours,4,120,nan,326,319,7,461,0,0,0,0,0,0,0.0
continuous_immigration,ours,4,121,1.0,322,315,7,469,0,0,4,4,7,4,0.0
continuous_immigration,ours,4,122,1.0,316,309,7,477,0,0,1,1,2,1,0.0
continuous_immigration,ours,4,123,1.0,311,304,7,485,0,0,1,1,1,1,0.0
continuous_immigration,ours,4,124,1.0,306,299,7,491,0,0,2,2,3,2,0.0
continuous_immigration,ours,4,125,nan,298,291,7,504,0,0,0,0,0,0,0.0
continuous_immigration,ours,4,126,1.0,297,290,7,511,0,0,2,2,3,2,0.0
continuous_immigration,ours,4,127,nan,302,295,7,515,0,0,0,0,0,0,0.0
continuous_immigration,ours,4,128,nan,301,294,7,520,0,0,0,0,0,0,0.0
continuous_immigration,ours,4,129,1.0,299,292,7,526,0,0,1,1,1,1,0.0
continuous_immigration,ours,4,130,1.0,296,289,7,534,0,0,4,4,4,4,0.0
continuous_immigration,ours,4,131,1.0,294,287,7,540,0,0,1,1,1,1,0.0
continuous_immigration,ours,4,132,1.0,297,290,7,544,0,0,1,1,4,1,0.0
continuous_immigration,ours,4,133,1.0,301,294,7,549,0,0,4,4,5,4,0.0
continuous_immigration,ours,4,134,1.0,305,298,7,553,0,0,2,2,4,2,0.0
continuous_immigration,ours,4,135,nan,308,301,7,558,0,0,0,0,0,0,0.0
continuous_immigration,ours,4,136,nan,308,301,7,565,0,0,0,0,0,0,0.0
continuous_immigration,ours,4,137,1.0,307,300,7,568,0,0,3,3,6,3,0.0
continuous_immigration,ours,4,138,1.0,307,300,7,574,0,0,1,1,1,1,0.0
continuous_immigration,ours,4,139,nan,306,299,7,579,0,0,0,0,0,0,0.0
continuous_immigration,ours,4,140,1.0,304,297,7,586,0,0,1,1,1,1,0.0
continuous_immigration,ours,4,141,1.0,314,307,7,590,0,0,2,2,3,2,0.0
continuous_immigration,ours,4,142,1.0,321,314,7,593,0,0,2,2,6,2,0.0
continuous_immigration,ours,4,143,nan,316,309,7,603,0,0,0,0,0,0,0.0
continuous_immigration,ours,4,144,1.0,310,303,7,612,0,0,2,2,5,2,0.0
continuous_immigration,ours,4,145,1.0,305,298,7,622,0,0,2,2,5,2,0.0
continuous_immigration,ours,4,146,1.0,309,302,7,627,0,0,2,2,2,2,0.0
continuous_immigration,ours,4,147,1.0,318,310,8,628,0,0,3,3,6,3,0.0
continuous_immigration,ours,4,148,1.0,314,306,8,636,0,0,2,2,2,2,0.0
continuous_immigration,ours,4,149,1.0,315,307,8,640,0,0,2,2,3,2,0.0
continuous_immigration,ours,4,150,1.0,315,307,8,646,0,0,3,3,6,3,0.0
continuous_immigration,ours,4,151,nan,320,312,8,648,0,0,0,0,0,0,0.0
continuous_immigration,ours,4,152,1.0,313,305,8,660,0,0,2,2,3,2,0.0
continuous_immigration,ours,4,153,1.0,311,303,8,666,0,0,4,4,7,4,0.0
continuous_immigration,ours,4,154,1.0,318,310,8,673,0,0,2,2,2,2,0.0
continuous_immigration,ours,4,155,1.0,321,313,8,679,0,0,2,2,3,2,0.0
continuous_immigration,ours,4,156,1.0,323,315,8,686,0,0,3,3,6,3,0.0
continuous_immigration,ours,4,157,nan,325,317,8,693,0,0,0,0,0,0,0.0
continuous_immigration,ours,4,158,nan,318,310,8,703,0,0,0,0,0,0,0.0
continuous_immigration,ours,4,159,1.0,324,316,8,707,0,0,3,3,9,3,0.0
continuous_immigration,ours,4,160,1.0,328,320,8,713,0,0,2,2,4,2,0.0
continuous_immigration,ours,4,161,1.0,330,322,8,718,0,0,2,2,5,2,0.0
continuous_immigration,ours,4,162,1.0,333,325,8,721,0,0,2,2,3,2,0.0
continuous_immigration,ours,4,163,1.0,331,323,8,725,0,0,2,2,2,2,0.0
continuous_immigration,ours,4,164,1.0,332,324,8,731,0,0,1,1,2,1,0.0
continuous_immigration,ours,4,165,1.0,331,323,8,737,0,0,3,3,8,3,0.0
continuous_immigration,ours,4,166,1.0,331,323,8,744,0,0,2,2,5,2,0.0
continuous_immigration,ours,4,167,1.0,325,317,8,751,0,0,1,1,1,1,0.0
continuous_immigration,ours,4,168,1.0,326,318,8,758,0,0,1,1,2,1,0.0
continuous_immigration,ours,4,169,1.0,330,322,8,761,0,0,2,2,4,2,0.0
continuous_immigration,ours,4,170,1.0,333,325,8,766,0,0,4,4,10,4,0.0
continuous_immigration,ours,4,171,1.0,334,326,8,769,0,1,1,1,3,1,0.0
continuous_immigration,ours,4,172,nan,334,326,8,774,0,1,0,0,0,0,0.0
continuous_immigration,ours,4,173,1.0,335,327,8,776,0,1,2,2,4,2,0.0
continuous_immigration,ours,4,174,1.0,342,334,8,779,0,1,3,3,8,3,0.0
continuous_immigration,ours,4,175,1.0,345,337,8,780,0,1,2,2,6,2,0.0
continuous_immigration,ours,4,176,1.0,345,337,8,785,0,1,3,3,8,3,0.0
continuous_immigration,ours,4,177,1.0,346,338,8,791,0,1,1,1,2,1,0.0
continuous_immigration,ours,4,178,1.0,341,333,8,800,0,1,2,2,4,2,0.0
continuous_immigration,ours,4,179,1.0,346,338,8,804,0,1,4,4,11,4,0.0
continuous_immigration,ours,4,180,1.0,347,339,8,808,0,1,2,2,6,2,0.0
continuous_immigration,ours,4,181,1.0,347,339,8,813,0,2,2,2,7,2,0.0
continuous_immigration,ours,4,182,1.0,350,342,8,817,0,2,3,3,8,3,0.0
continuous_immigration,ours,4,183,1.0,348,340,8,824,0,2,2,2,5,2,0.0
continuous_immigration,ours,4,184,1.0,342,334,8,833,0,2,2,2,2,2,0.0
continuous_immigration,ours,4,185,1.0,343,335,8,841,0,3,3,3,7,3,0.0
continuous_immigration,ours,4,186,1.0,337,329,8,849,0,3,1,1,2,1,0.0
continuous_immigration,ours,4,187,1.0,337,329,8,856,0,3,2,2,4,2,0.0
continuous_immigration,ours,4,188,1.0,338,330,8,858,0,3,1,1,3,1,0.0
continuous_immigration,ours,4,189,1.0,339,331,8,864,0,3,3,3,8,3,0.0
continuous_immigration,ours,4,190,1.0,341,333,8,868,0,3,1,1,3,1,0.0
continuous_immigration,ours,4,191,1.0,341,333,8,873,0,2,1,1,1,1,0.0
continuous_immigration,ours,4,192,nan,331,323,8,886,0,2,0,0,0,0,0.0
continuous_immigration,ours,4,193,1.0,327,319,8,896,0,2,2,2,4,2,0.0
continuous_immigration,ours,4,194,1.0,329,321,8,901,0,2,1,1,2,1,0.0
continuous_immigration,ours,4,195,1.0,332,324,8,904,0,2,1,1,1,1,0.0
continuous_immigration,ours,4,196,1.0,333,325,8,909,0,2,2,2,5,2,0.0
continuous_immigration,ours,4,197,1.0,326,318,8,918,0,2,2,2,7,2,0.0
continuous_immigration,ours,4,198,nan,322,314,8,928,0,2,0,0,0,0,0.0
continuous_immigration,ours,4,199,1.0,327,319,8,932,0,2,1,1,2,1,0.0
continuous_immigration,ours,4,200,1.0,325,317,8,937,0,2,4,4,8,4,0.0
continuous_immigration,ours,4,201,1.0,322,314,8,943,0,1,3,3,7,3,0.0
continuous_immigration,ours,4,202,1.0,322,314,8,950,0,1,2,2,3,2,0.0
continuous_immigration,ours,4,203,1.0,322,315,7,956,0,1,1,1,2,1,0.0
continuous_immigration,ours,4,204,1.0,326,319,7,960,0,1,2,2,3,2,0.0
continuous_immigration,ours,4,205,1.0,322,315,7,974,0,0,1,1,3,1,0.0
continuous_immigration,ours,4,206,1.0,321,314,7,983,0,0,1,1,5,1,0.0
continuous_immigration,ours,4,207,1.0,319,312,7,992,0,0,1,1,3,1,0.0
continuous_immigration,ours,4,208,1.0,317,310,7,1001,0,0,3,3,10,3,0.0
continuous_immigration,ours,4,209,1.0,319,312,7,1004,0,0,2,2,3,2,0.0
continuous_immigration,ours,4,210,1.0,314,306,8,1014,0,0,3,3,7,3,0.0
continuous_immigration,ours,4,211,1.0,310,302,8,1024,0,0,3,3,7,3,0.0
continuous_immigration,ours,4,212,1.0,310,302,8,1031,0,0,1,1,2,1,0.0
continuous_immigration,ours,4,213,1.0,312,304,8,1038,0,0,1,1,1,1,0.0
continuous_immigration,ours,4,214,1.0,318,310,8,1040,0,0,1,1,1,1,0.0
continuous_immigration,ours,4,215,1.0,323,315,8,1046,0,0,3,3,5,3,0.0
continuous_immigration,ours,4,216,1.0,326,318,8,1051,0,0,2,2,4,2,0.0
continuous_immigration,ours,4,217,1.0,324,316,8,1058,0,0,1,1,1,1,0.0
continuous_immigration,ours,4,218,1.0,330,322,8,1059,0,0,4,4,7,4,0.0
continuous_immigration,ours,4,219,1.0,329,321,8,1067,0,0,3,3,4,3,0.0
continuous_immigration,ours,4,220,1.0,328,320,8,1074,0,0,1,1,1,1,0.0
continuous_immigration,ours,4,221,1.0,324,316,8,1082,0,0,1,1,1,1,0.0
continuous_immigration,ours,4,222,1.0,329,321,8,1086,0,0,1,1,1,1,0.0
continuous_immigration,ours,4,223,nan,331,323,8,1091,0,0,0,0,0,0,0.0
continuous_immigration,ours,4,224,1.0,339,331,8,1094,0,0,1,1,1,1,0.0
continuous_immigration,ours,4,225,nan,335,327,8,1104,0,0,0,0,0,0,0.0
continuous_immigration,ours,4,226,1.0,333,325,8,1108,0,0,1,1,4,1,0.0
continuous_immigration,ours,4,227,1.0,333,325,8,1113,0,0,3,3,6,3,0.0
continuous_immigration,ours,4,228,1.0,331,323,8,1120,0,0,2,2,2,2,0.0
continuous_immigration,ours,4,229,1.0,332,324,8,1124,0,0,5,5,8,5,0.0
continuous_immigration,ours,4,230,nan,325,317,8,1133,0,0,0,0,0,0,0.0
continuous_immigration,ours,4,231,nan,328,320,8,1138,0,0,0,0,0,0,0.0
continuous_immigration,ours,4,232,1.0,334,326,8,1143,0,0,2,2,3,2,0.0
continuous_immigration,ours,4,233,1.0,331,323,8,1150,0,0,1,1,1,1,0.0
continuous_immigration,ours,4,234,nan,339,331,8,1154,0,0,0,0,0,0,0.0
continuous_immigration,ours,4,235,nan,341,333,8,1157,0,0,0,0,0,0,0.0
continuous_immigration,ours,4,236,1.0,334,326,8,1166,0,0,2,2,6,2,0.0
continuous_immigration,ours,4,237,1.0,336,328,8,1168,0,0,1,1,1,1,0.0
continuous_immigration,ours,4,238,1.0,337,329,8,1175,0,0,3,3,8,3,0.0
continuous_immigration,ours,4,239,1.0,343,335,8,1179,0,0,1,1,1,1,0.0
continuous_immigration,ours,4,240,1.0,343,335,8,1186,0,0,2,2,6,2,0.0
continuous_immigration,ours,4,241,1.0,339,331,8,1192,0,0,1,1,1,1,0.0
continuous_immigration,ours,4,242,1.0,338,330,8,1197,0,0,1,1,2,1,0.0
continuous_immigration,ours,4,243,1.0,341,333,8,1200,0,1,1,1,1,1,0.0
continuous_immigration,ours,4,244,1.0,343,335,8,1205,0,1,4,4,9,4,0.0
continuous_immigration,ours,4,245,1.0,345,337,8,1212,0,1,2,2,4,2,0.0
continuous_immigration,ours,4,246,1.0,345,337,8,1218,0,1,2,2,5,2,0.0
continuous_immigration,ours,4,247,nan,346,338,8,1224,0,1,0,0,0,0,0.0
continuous_immigration,ours,4,248,nan,354,346,8,1226,0,1,0,0,0,0,0.0
continuous_immigration,ours,4,249,1.0,354,346,8,1232,0,1,4,4,10,4,0.0
continuous_immigration,ours,4,250,1.0,354,346,8,1240,0,1,2,2,6,2,0.0
continuous_immigration,ours,4,251,1.0,356,348,8,1243,0,1,3,3,7,3,0.0
continuous_immigration,ours,4,252,1.0,359,351,8,1246,0,1,1,1,2,1,0.0
continuous_immigration,ours,4,253,1.0,357,349,8,1253,0,1,2,2,5,2,0.0
continuous_immigration,ours,4,254,1.0,360,352,8,1259,0,1,2,2,3,2,0.0
continuous_immigration,ours,4,255,1.0,361,353,8,1267,0,1,3,3,6,3,0.0
continuous_immigration,ours,4,256,1.0,360,352,8,1277,0,1,2,2,4,2,0.0
continuous_immigration,ours,4,257,nan,357,349,8,1285,0,1,0,0,0,0,0.0
continuous_immigration,ours,4,258,1.0,355,347,8,1292,0,1,1,1,3,1,0.0
continuous_immigration,ours,4,259,1.0,356,348,8,1299,0,1,3,3,4,3,0.0
continuous_immigration,ours,4,260,1.0,359,351,8,1304,0,1,1,1,2,1,0.0
continuous_immigration,ours,4,261,1.0,361,353,8,1309,0,1,5,5,10,5,0.0
continuous_immigration,ours,4,262,nan,357,349,8,1315,0,1,0,0,0,0,0.0
continuous_immigration,ours,4,263,1.0,355,347,8,1322,0,0,2,2,6,2,0.0
continuous_immigration,ours,4,264,1.0,352,344,8,1331,0,0,1,1,2,1,0.0
continuous_immigration,ours,4,265,nan,350,342,8,1339,0,0,0,0,0,0,0.0
continuous_immigration,ours,4,266,1.0,346,338,8,1350,0,0,2,2,4,2,0.0
continuous_immigration,ours,4,267,1.0,346,338,8,1359,0,0,1,1,3,1,0.0
continuous_immigration,ours,4,268,nan,348,340,8,1364,0,0,0,0,0,0,0.0
continuous_immigration,ours,4,269,nan,348,340,8,1371,0,0,0,0,0,0,0.0
continuous_immigration,ours,4,270,1.0,347,339,8,1378,0,0,3,3,5,3,0.0
continuous_immigration,ours,4,271,1.0,344,336,8,1384,0,0,4,4,9,4,0.0
continuous_immigration,ours,4,272,1.0,351,343,8,1388,0,0,2,2,2,2,0.0
continuous_immigration,ours,4,273,1.0,349,341,8,1397,0,0,4,4,12,4,0.0
continuous_immigration,ours,4,274,1.0,349,341,8,1404,0,0,5,5,10,5,0.0
continuous_immigration,ours,4,275,1.0,344,336,8,1415,0,0,1,1,2,1,0.0
continuous_immigration,ours,4,276,nan,343,335,8,1421,0,0,0,0,0,0,0.0
continuous_immigration,ours,4,277,1.0,348,340,8,1422,0,0,3,3,7,3,0.0
continuous_immigration,ours,4,278,1.0,350,342,8,1427,0,0,2,2,5,2,0.0
continuous_immigration,ours,4,279,1.0,357,349,8,1432,0,0,3,3,6,3,0.0
continuous_immigration,ours,4,280,1.0,359,351,8,1437,0,0,2,2,3,2,0.0
continuous_immigration,ours,4,281,1.0,360,352,8,1439,0,0,2,2,3,2,0.0
continuous_immigration,ours,4,282,1.0,357,349,8,1446,0,0,1,1,2,1,0.0
continuous_immigration,ours,4,283,1.0,350,342,8,1457,0,0,1,1,2,1,0.0
continuous_immigration,ours,4,284,1.0,353,345,8,1461,0,0,2,2,3,2,0.0
continuous_immigration,ours,4,285,1.0,350,342,8,1473,0,0,3,3,6,3,0.0
continuous_immigration,ours,4,286,1.0,354,346,8,1478,0,0,3,3,6,3,0.0
continuous_immigration,ours,4,287,1.0,358,350,8,1480,0,0,1,1,1,1,0.0
continuous_immigration,ours,4,288,nan,358,350,8,1484,0,0,0,0,0,0,0.0
continuous_immigration,ours,4,289,1.0,352,344,8,1492,0,0,2,2,2,2,0.0
continuous_immigration,ours,4,290,1.0,346,338,8,1502,0,0,1,1,3,1,0.0
continuous_immigration,ours,4,291,1.0,342,334,8,1509,0,0,3,3,7,3,0.0
continuous_immigration,ours,4,292,nan,345,337,8,1511,0,0,0,0,0,0,0.0
continuous_immigration,ours,4,293,1.0,346,338,8,1515,0,0,3,3,6,3,0.0
continuous_immigration,ours,4,294,1.0,346,338,8,1521,0,0,2,2,3,2,0.0
continuous_immigration,ours,4,295,1.0,343,335,8,1528,0,0,1,1,3,1,0.0
continuous_immigration,ours,4,296,1.0,338,330,8,1538,0,0,2,2,2,2,0.0
continuous_immigration,ours,4,297,1.0,336,328,8,1544,0,0,3,3,5,3,0.0
continuous_immigration,ours,4,298,1.0,336,328,8,1551,0,0,2,2,3,2,0.0
continuous_immigration,ours,4,299,1.0,328,320,8,1561,0,0,3,3,7,3,0.0
continuous_immigration,ours,4,300,1.0,325,317,8,1567,0,0,2,2,3,2,0.0
continuous_immigration,ours,4,301,1.0,323,315,8,1575,0,0,3,3,5,3,0.0
continuous_immigration,ours,4,302,1.0,324,316,8,1580,0,0,4,4,6,4,0.0
continuous_immigration,ours,4,303,nan,324,316,8,1586,0,0,0,0,0,0,0.0
continuous_immigration,ours,4,304,1.0,321,313,8,1591,0,0,1,1,1,1,0.0
continuous_immigration,ours,4,305,1.0,319,311,8,1599,0,0,7,7,12,7,0.0
continuous_immigration,ours,4,306,1.0,322,314,8,1608,0,0,2,2,3,2,0.0
continuous_immigration,ours,4,307,nan,317,309,8,1617,0,0,0,0,0,0,0.0
continuous_immigration,ours,4,308,1.0,319,311,8,1622,0,0,1,1,1,1,0.0
continuous_immigration,ours,4,309,1.0,320,312,8,1627,0,0,1,1,2,1,0.0
continuous_immigration,ours,4,310,nan,319,311,8,1635,0,0,0,0,0,0,0.0
continuous_immigration,ours,4,311,1.0,317,309,8,1643,0,0,3,3,6,3,0.0
continuous_immigration,ours,4,312,1.0,312,304,8,1650,0,0,5,5,7,5,0.0
continuous_immigration,ours,4,313,nan,317,309,8,1652,0,0,0,0,0,0,0.0
continuous_immigration,ours,4,314,1.0,319,311,8,1657,0,0,3,3,5,3,0.0
continuous_immigration,ours,4,315,1.0,318,310,8,1663,0,0,1,1,1,1,0.0
continuous_immigration,ours,4,316,1.0,322,314,8,1669,0,0,2,2,3,2,0.0
continuous_immigration,ours,4,317,nan,321,313,8,1676,0,0,0,0,0,0,0.0
continuous_immigration,ours,4,318,1.0,319,311,8,1685,0,0,2,2,3,2,0.0
continuous_immigration,ours,4,319,1.0,319,311,8,1692,0,0,1,1,1,1,0.0
continuous_immigration,ours,4,320,1.0,317,309,8,1699,0,0,3,3,4,3,0.0
continuous_immigration,ours,4,321,1.0,319,311,8,1705,0,0,1,1,1,1,0.0
continuous_immigration,ours,4,322,1.0,320,312,8,1708,0,0,3,3,5,3,0.0
continuous_immigration,ours,4,323,1.0,316,308,8,1719,0,0,1,1,2,1,0.0
continuous_immigration,ours,4,324,1.0,315,307,8,1726,0,0,1,1,1,1,0.0
continuous_immigration,ours,4,325,1.0,317,309,8,1733,0,0,1,1,1,1,0.0
continuous_immigration,ours,4,326,1.0,320,312,8,1739,0,0,5,5,8,5,0.0
continuous_immigration,ours,4,327,1.0,321,313,8,1744,0,0,3,3,3,3,0.0
continuous_immigration,ours,4,328,1.0,324,316,8,1750,0,0,3,3,3,3,0.0
continuous_immigration,ours,4,329,1.0,325,317,8,1757,0,0,1,1,1,1,0.0
continuous_immigration,ours,4,330,1.0,318,310,8,1769,0,0,2,2,4,2,0.0
continuous_immigration,ours,4,331,1.0,318,310,8,1776,0,0,2,2,2,2,0.0
continuous_immigration,ours,4,332,1.0,320,312,8,1779,0,0,4,4,4,4,0.0
continuous_immigration,ours,4,333,nan,320,312,8,1783,0,0,0,0,0,0,0.0
continuous_immigration,ours,4,334,1.0,321,313,8,1787,0,0,2,2,3,2,0.0
continuous_immigration,ours,4,335,1.0,323,315,8,1794,0,0,2,2,4,2,0.0
continuous_immigration,ours,4,336,1.0,321,313,8,1803,0,0,3,3,5,3,0.0
continuous_immigration,ours,4,337,1.0,317,309,8,1812,0,0,1,1,1,1,0.0
continuous_immigration,ours,4,338,1.0,313,305,8,1818,0,0,1,1,1,1,0.0
continuous_immigration,ours,4,339,nan,313,305,8,1822,0,0,0,0,0,0,0.0
continuous_immigration,ours,4,340,1.0,319,311,8,1824,0,0,1,1,1,1,0.0
continuous_immigration,ours,4,341,nan,324,316,8,1828,0,0,0,0,0,0,0.0
continuous_immigration,ours,4,342,1.0,327,319,8,1831,0,0,3,3,4,3,0.0
continuous_immigration,ours,4,343,1.0,327,319,8,1836,0,0,1,1,1,1,0.0
continuous_immigration,ours,4,344,1.0,327,319,8,1841,0,0,1,1,2,1,0.0
continuous_immigration,ours,4,345,1.0,328,320,8,1847,0,0,1,1,1,1,0.0
continuous_immigration,ours,4,346,1.0,330,322,8,1851,0,0,2,2,3,2,0.0
continuous_immigration,ours,4,347,1.0,331,323,8,1856,0,0,1,1,1,1,0.0
continuous_immigration,ours,4,348,1.0,332,324,8,1860,0,0,1,1,2,1,0.0
continuous_immigration,ours,4,349,1.0,332,324,8,1867,0,0,2,2,3,2,0.0
continuous_immigration,ours,4,350,1.0,337,329,8,1869,0,0,4,4,5,4,0.0
continuous_immigration,ours,4,351,1.0,339,331,8,1872,0,0,5,5,8,5,0.0
continuous_immigration,ours,4,352,1.0,341,333,8,1878,0,0,1,1,1,1,0.0
continuous_immigration,ours,4,353,1.0,341,333,8,1884,0,0,2,2,5,2,0.0
continuous_immigration,ours,4,354,1.0,338,330,8,1890,0,0,2,2,2,2,0.0
continuous_immigration,ours,4,355,nan,343,335,8,1893,0,0,0,0,0,0,0.0
continuous_immigration,ours,4,356,1.0,343,335,8,1899,0,0,1,1,2,1,0.0
continuous_immigration,ours,4,357,1.0,343,335,8,1911,0,0,1,1,1,1,0.0
continuous_immigration,ours,4,358,nan,345,337,8,1915,0,0,0,0,0,0,0.0
continuous_immigration,ours,4,359,1.0,347,339,8,1922,0,0,2,2,2,2,0.0
continuous_immigration,ours,4,360,1.0,343,335,8,1928,0,0,3,3,3,3,0.0
continuous_immigration,ours,4,361,1.0,341,333,8,1935,0,0,2,2,5,2,0.0
continuous_immigration,ours,4,362,1.0,340,332,8,1941,0,0,2,2,3,2,0.0
continuous_immigration,ours,4,363,1.0,340,332,8,1943,0,0,3,3,4,3,0.0
continuous_immigration,ours,4,364,1.0,338,330,8,1950,0,0,3,3,4,3,0.0
continuous_immigration,ours,4,365,1.0,338,330,8,1957,0,1,3,3,3,3,0.0
continuous_immigration,ours,4,366,1.0,337,329,8,1962,0,1,4,4,9,4,0.0
continuous_immigration,ours,4,367,1.0,333,325,8,1972,0,1,4,4,6,4,0.0
continuous_immigration,ours,4,368,1.0,335,327,8,1978,0,1,2,2,3,2,0.0
continuous_immigration,ours,4,369,1.0,334,326,8,1985,0,1,1,1,2,1,0.0
continuous_immigration,ours,4,370,1.0,333,325,8,1992,0,1,3,3,6,3,0.0
continuous_immigration,ours,4,371,1.0,332,324,8,1997,0,1,4,4,4,4,0.0
continuous_immigration,ours,4,372,1.0,334,326,8,2005,0,1,2,2,2,2,0.0
continuous_immigration,ours,4,373,1.0,338,330,8,2009,0,1,1,1,1,1,0.0
continuous_immigration,ours,4,374,1.0,334,326,8,2016,0,1,1,1,1,1,0.0
continuous_immigration,ours,4,375,1.0,331,323,8,2022,0,1,2,2,2,2,0.0
continuous_immigration,ours,4,376,1.0,327,319,8,2031,0,1,2,2,2,2,0.0
continuous_immigration,ours,4,377,1.0,324,316,8,2040,0,1,2,2,3,2,0.0
continuous_immigration,ours,4,378,nan,322,314,8,2046,0,1,0,0,0,0,0.0
continuous_immigration,ours,4,379,1.0,321,313,8,2055,0,1,2,2,5,2,0.0
continuous_immigration,ours,4,380,1.0,319,311,8,2063,0,1,2,2,2,2,0.0
continuous_immigration,ours,4,381,1.0,323,315,8,2068,0,1,2,2,2,2,0.0
continuous_immigration,ours,4,382,1.0,321,313,8,2075,0,1,2,2,2,2,0.0
continuous_immigration,ours,4,383,1.0,325,317,8,2080,0,1,2,2,2,2,0.0
continuous_immigration,ours,4,384,1.0,328,320,8,2084,0,1,1,1,1,1,0.0
continuous_immigration,ours,4,385,1.0,326,318,8,2089,0,0,2,2,5,2,0.0
continuous_immigration,ours,4,386,1.0,320,312,8,2098,0,0,4,4,7,4,0.0
continuous_immigration,ours,4,387,1.0,320,312,8,2105,0,0,1,1,2,1,0.0
continuous_immigration,ours,4,388,1.0,324,316,8,2110,0,0,4,4,6,4,0.0
continuous_immigration,ours,4,389,1.0,328,320,8,2112,0,0,4,4,4,4,0.0
continuous_immigration,ours,4,390,1.0,332,324,8,2116,0,0,1,1,1,1,0.0
continuous_immigration,ours,4,391,1.0,331,323,8,2124,0,0,2,2,5,2,0.0
continuous_immigration,ours,4,392,nan,323,315,8,2133,0,0,0,0,0,0,0.0
continuous_immigration,ours,4,393,1.0,323,315,8,2140,0,0,2,2,3,2,0.0
continuous_immigration,ours,4,394,1.0,325,317,8,2145,0,0,1,1,1,1,0.0
continuous_immigration,ours,4,395,1.0,326,318,8,2150,0,0,2,2,3,2,0.0
continuous_immigration,ours,4,396,1.0,322,314,8,2157,0,0,2,2,3,2,0.0
continuous_immigration,ours,4,397,1.0,322,314,8,2163,0,0,3,3,5,3,0.0
continuous_immigration,ours,4,398,1.0,321,313,8,2169,0,0,1,1,3,1,0.0
continuous_immigration,ours,4,399,1.0,322,314,8,2174,0,0,1,1,1,1,0.0
continuous_immigration,sfams_style,0,0,0.0,6,0,6,0,0,0,5,0,0,0,0.5
continuous_immigration,sfams_style,0,1,1.0,8,0,8,9,0,0,1,1,1,1,0.625
continuous_immigration,sfams_style,0,2,0.3333333333333333,8,0,8,23,0,0,3,1,2,1,0.625
continuous_immigration,sfams_style,0,3,0.0,8,0,8,29,0,0,2,0,0,0,0.625
continuous_immigration,sfams_style,0,4,0.0,8,0,8,37,0,0,1,0,0,0,0.5
continuous_immigration,sfams_style,0,5,0.0,8,0,8,48,0,0,1,0,1,0,0.625
continuous_immigration,sfams_style,0,6,0.0,8,0,8,53,0,0,1,0,0,0,0.625
continuous_immigration,sfams_style,0,7,nan,8,0,8,63,0,0,0,0,0,0,0.75
continuous_immigration,sfams_style,0,8,0.25,8,0,8,78,0,0,4,1,1,1,0.625
continuous_immigration,sfams_style,0,9,0.0,8,0,8,86,0,0,2,0,0,0,0.375
continuous_immigration,sfams_style,0,10,nan,8,0,8,94,0,0,0,0,0,0,0.625
continuous_immigration,sfams_style,0,11,nan,8,0,8,99,0,0,0,0,0,0,0.625
continuous_immigration,sfams_style,0,12,1.0,8,0,8,110,0,0,1,1,1,1,0.625
continuous_immigration,sfams_style,0,13,0.5,8,0,8,120,0,0,2,1,2,1,0.5
continuous_immigration,sfams_style,0,14,nan,8,0,8,125,0,0,0,0,0,0,0.625
continuous_immigration,sfams_style,0,15,0.0,8,0,8,131,0,0,2,0,1,0,0.375
continuous_immigration,sfams_style,0,16,0.6666666666666666,8,0,8,137,0,0,3,2,3,2,0.375
continuous_immigration,sfams_style,0,17,0.3333333333333333,8,0,8,141,0,0,3,1,1,1,0.375
continuous_immigration,sfams_style,0,18,1.0,8,0,8,146,0,0,1,1,1,1,0.375
continuous_immigration,sfams_style,0,19,1.0,8,0,8,152,0,0,2,2,3,2,0.25
continuous_immigration,sfams_style,0,20,0.5,8,0,8,159,0,0,4,2,4,2,0.375
continuous_immigration,sfams_style,0,21,1.0,8,0,8,165,0,0,1,1,1,1,0.375
continuous_immigration,sfams_style,0,22,0.3333333333333333,8,0,8,176,0,0,3,1,1,1,0.375
continuous_immigration,sfams_style,0,23,nan,8,0,8,184,0,0,0,0,0,0,0.375
continuous_immigration,sfams_style,0,24,0.5,8,0,8,195,0,0,2,1,1,1,0.375
continuous_immigration,sfams_style,0,25,0.5,8,0,8,204,0,0,2,1,2,1,0.375
continuous_immigration,sfams_style,0,26,0.5,8,0,8,215,0,0,2,1,2,1,0.375
continuous_immigration,sfams_style,0,27,0.6666666666666666,8,0,8,227,0,0,3,2,2,2,0.375
continuous_immigration,sfams_style,0,28,0.25,8,0,8,235,0,0,4,1,1,1,0.375
continuous_immigration,sfams_style,0,29,1.0,8,0,8,247,0,0,1,1,3,1,0.375
continuous_immigration,sfams_style,0,30,1.0,8,0,8,251,0,0,1,1,1,1,0.375
continuous_immigration,sfams_style,0,31,0.25,8,0,8,257,0,0,4,1,3,1,0.375
continuous_immigration,sfams_style,0,32,1.0,8,0,8,265,0,0,1,1,1,1,0.375
continuous_immigration,sfams_style,0,33,0.6,8,0,8,270,0,0,5,3,4,3,0.375
continuous_immigration,sfams_style,0,34,0.6,8,0,8,278,0,0,5,3,4,3,0.375
continuous_immigration,sfams_style,0,35,0.5,8,0,8,283,0,0,2,1,2,1,0.375
continuous_immigration,sfams_style,0,36,1.0,8,0,8,289,0,0,1,1,1,1,0.375
continuous_immigration,sfams_style,0,37,0.0,8,0,8,297,0,0,1,0,0,0,0.375
continuous_immigration,sfams_style,0,38,0.0,8,0,8,301,0,0,1,0,1,0,0.25
continuous_immigration,sfams_style,0,39,1.0,8,0,8,309,0,0,1,1,2,1,0.25
continuous_immigration,sfams_style,0,40,0.3333333333333333,8,0,8,316,0,0,3,1,2,1,0.25
continuous_immigration,sfams_style,0,41,0.3333333333333333,8,0,8,323,0,0,6,2,2,2,0.25
continuous_immigration,sfams_style,0,42,0.0,8,0,8,334,0,0,1,0,0,0,0.25
continuous_immigration,sfams_style,0,43,nan,8,0,8,339,0,0,0,0,0,0,0.25
continuous_immigration,sfams_style,0,44,1.0,8,0,8,348,0,0,4,4,5,4,0.25
continuous_immigration,sfams_style,0,45,1.0,8,0,8,352,0,0,2,2,3,2,0.25
continuous_immigration,sfams_style,0,46,nan,8,0,8,361,0,0,0,0,0,0,0.25
continuous_immigration,sfams_style,0,47,0.4,8,0,8,370,0,0,5,2,2,2,0.25
continuous_immigration,sfams_style,0,48,0.0,8,0,8,375,0,0,2,0,0,0,0.25
continuous_immigration,sfams_style,0,49,0.6666666666666666,8,0,8,380,0,0,3,2,3,2,0.25
continuous_immigration,sfams_style,0,50,1.0,8,0,8,392,0,0,2,2,4,2,0.25
continuous_immigration,sfams_style,0,51,0.5,8,0,8,394,0,0,2,1,2,1,0.25
continuous_immigration,sfams_style,0,52,0.6666666666666666,8,0,8,401,0,0,3,2,2,2,0.25
continuous_immigration,sfams_style,0,53,0.0,8,0,8,408,0,0,1,0,1,0,0.25
continuous_immigration,sfams_style,0,54,1.0,8,0,8,417,0,0,1,1,2,1,0.25
continuous_immigration,sfams_style,0,55,0.8,8,0,8,424,0,0,5,4,7,4,0.25
continuous_immigration,sfams_style,0,56,1.0,8,0,8,428,0,0,2,2,2,2,0.25
continuous_immigration,sfams_style,0,57,1.0,8,0,8,435,0,0,2,2,3,2,0.25
continuous_immigration,sfams_style,0,58,1.0,8,0,8,442,0,0,2,2,3,2,0.25
continuous_immigration,sfams_style,0,59,0.0,8,0,8,447,0,0,2,0,1,0,0.25
continuous_immigration,sfams_style,0,60,0.0,8,0,8,453,0,0,1,0,0,0,0.25
continuous_immigration,sfams_style,0,61,0.0,8,0,8,459,0,0,1,0,0,0,0.25
continuous_immigration,sfams_style,0,62,0.0,8,0,8,465,0,0,1,0,0,0,0.25
continuous_immigration,sfams_style,0,63,0.0,8,0,8,472,0,0,2,0,0,0,0.25
continuous_immigration,sfams_style,0,64,0.5,8,0,8,479,0,0,4,2,3,2,0.25
continuous_immigration,sfams_style,0,65,0.5,8,0,8,483,0,0,4,2,2,2,0.25
continuous_immigration,sfams_style,0,66,0.5,8,0,8,493,0,0,2,1,2,1,0.25
continuous_immigration,sfams_style,0,67,1.0,8,0,8,498,0,0,1,1,2,1,0.25
continuous_immigration,sfams_style,0,68,nan,8,0,8,503,0,0,0,0,0,0,0.25
continuous_immigration,sfams_style,0,69,1.0,8,0,8,509,0,0,2,2,2,2,0.25
continuous_immigration,sfams_style,0,70,1.0,8,0,8,519,0,0,3,3,3,3,0.25
continuous_immigration,sfams_style,0,71,1.0,8,0,8,523,0,0,1,1,1,1,0.25
continuous_immigration,sfams_style,0,72,0.5,8,0,8,532,0,0,2,1,1,1,0.25
continuous_immigration,sfams_style,0,73,1.0,8,0,8,541,0,0,3,3,4,3,0.25
continuous_immigration,sfams_style,0,74,0.0,8,0,8,549,0,0,1,0,0,0,0.25
continuous_immigration,sfams_style,0,75,nan,8,0,8,557,0,0,0,0,0,0,0.25
continuous_immigration,sfams_style,0,76,nan,8,0,8,565,0,0,0,0,0,0,0.25
continuous_immigration,sfams_style,0,77,0.0,8,0,8,573,0,0,1,0,1,0,0.25
continuous_immigration,sfams_style,0,78,1.0,8,0,8,580,0,0,3,3,3,3,0.25
continuous_immigration,sfams_style,0,79,0.5,8,0,8,588,0,0,4,2,3,2,0.25
continuous_immigration,sfams_style,0,80,0.6666666666666666,8,0,8,599,0,0,3,2,2,2,0.25
continuous_immigration,sfams_style,0,81,0.0,8,0,8,605,0,0,1,0,0,0,0.25
continuous_immigration,sfams_style,0,82,0.6666666666666666,8,0,8,608,0,0,3,2,3,2,0.25
continuous_immigration,sfams_style,0,83,nan,8,0,8,614,0,0,0,0,0,0,0.25
continuous_immigration,sfams_style,0,84,0.5,8,0,8,619,0,0,2,1,1,1,0.25
continuous_immigration,sfams_style,0,85,nan,8,0,8,626,0,0,0,0,0,0,0.25
continuous_immigration,sfams_style,0,86,0.0,8,0,8,633,0,0,3,0,0,0,0.25
continuous_immigration,sfams_style,0,87,0.0,8,0,8,642,0,0,2,0,1,0,0.25
continuous_immigration,sfams_style,0,88,1.0,8,0,8,649,0,0,1,1,2,1,0.25
continuous_immigration,sfams_style,0,89,1.0,8,0,8,660,0,0,1,1,1,1,0.25
continuous_immigration,sfams_style,0,90,1.0,8,0,8,665,0,0,1,1,1,1,0.25
continuous_immigration,sfams_style,0,91,1.0,8,0,8,673,0,0,1,1,3,1,0.25
continuous_immigration,sfams_style,0,92,1.0,8,0,8,683,0,0,1,1,1,1,0.25
continuous_immigration,sfams_style,0,93,0.0,8,0,8,693,0,0,1,0,0,0,0.25
continuous_immigration,sfams_style,0,94,0.0,8,0,8,699,0,0,2,0,0,0,0.25
continuous_immigration,sfams_style,0,95,1.0,8,0,8,700,0,0,1,1,1,1,0.25
continuous_immigration,sfams_style,0,96,nan,8,0,8,709,0,0,0,0,0,0,0.25
continuous_immigration,sfams_style,0,97,0.0,8,0,8,719,0,0,1,0,0,0,0.25
continuous_immigration,sfams_style,0,98,1.0,8,0,8,727,0,0,2,2,3,2,0.25
continuous_immigration,sfams_style,0,99,0.3333333333333333,8,0,8,737,0,0,3,1,2,1,0.25
continuous_immigration,sfams_style,0,100,0.5,8,0,8,743,0,0,2,1,1,1,0.25
continuous_immigration,sfams_style,0,101,1.0,8,0,8,751,0,0,1,1,2,1,0.25
continuous_immigration,sfams_style,0,102,1.0,8,0,8,758,0,0,2,2,2,2,0.25
continuous_immigration,sfams_style,0,103,1.0,8,0,8,770,0,0,1,1,1,1,0.25
continuous_immigration,sfams_style,0,104,nan,8,0,8,777,0,0,0,0,0,0,0.25
continuous_immigration,sfams_style,0,105,nan,8,0,8,792,0,0,0,0,0,0,0.25
continuous_immigration,sfams_style,0,106,0.3333333333333333,8,0,8,797,0,0,6,2,3,2,0.25
continuous_immigration,sfams_style,0,107,0.5,8,0,8,802,0,0,2,1,3,1,0.25
continuous_immigration,sfams_style,0,108,0.6666666666666666,8,0,8,811,0,0,3,2,3,2,0.25
continuous_immigration,sfams_style,0,109,0.6666666666666666,8,0,8,818,0,0,6,4,5,4,0.25
continuous_immigration,sfams_style,0,110,0.0,8,0,8,822,0,0,1,0,1,0,0.25
continuous_immigration,sfams_style,0,111,1.0,8,0,8,828,0,0,3,3,4,3,0.25
continuous_immigration,sfams_style,0,112,1.0,8,0,8,832,0,0,2,2,3,2,0.25
continuous_immigration,sfams_style,0,113,0.5,8,0,8,841,0,0,4,2,2,2,0.25
continuous_immigration,sfams_style,0,114,0.0,8,0,8,847,0,0,1,0,0,0,0.25
continuous_immigration,sfams_style,0,115,0.5,8,0,8,856,0,0,2,1,1,1,0.25
continuous_immigration,sfams_style,0,116,0.5,8,0,8,870,0,0,2,1,1,1,0.25
continuous_immigration,sfams_style,0,117,nan,8,0,8,877,0,0,0,0,0,0,0.25
continuous_immigration,sfams_style,0,118,0.5,8,0,8,883,0,0,2,1,1,1,0.25
continuous_immigration,sfams_style,0,119,0.0,8,0,8,889,0,0,1,0,0,0,0.25
continuous_immigration,sfams_style,0,120,0.4,8,0,8,896,0,0,5,2,3,2,0.25
continuous_immigration,sfams_style,0,121,1.0,8,0,8,905,0,0,2,2,3,2,0.25
continuous_immigration,sfams_style,0,122,0.5,8,0,8,912,0,0,2,1,1,1,0.25
continuous_immigration,sfams_style,0,123,nan,8,0,8,920,0,0,0,0,0,0,0.25
continuous_immigration,sfams_style,0,124,0.5,8,0,8,930,0,0,2,1,4,1,0.25
continuous_immigration,sfams_style,0,125,0.6,8,0,8,937,0,0,5,3,4,3,0.25
continuous_immigration,sfams_style,0,126,nan,8,0,8,940,0,0,0,0,0,0,0.25
continuous_immigration,sfams_style,0,127,1.0,8,0,8,946,0,0,1,1,1,1,0.25
continuous_immigration,sfams_style,0,128,1.0,8,0,8,959,0,0,1,1,1,1,0.25
continuous_immigration,sfams_style,0,129,0.0,8,0,8,966,0,0,2,0,0,0,0.25
continuous_immigration,sfams_style,0,130,nan,8,0,8,973,0,0,0,0,0,0,0.25
continuous_immigration,sfams_style,0,131,0.5,8,0,8,980,0,0,2,1,2,1,0.25
continuous_immigration,sfams_style,0,132,0.5,8,0,8,984,0,0,4,2,2,2,0.25
continuous_immigration,sfams_style,0,133,nan,8,0,8,993,0,0,0,0,0,0,0.25
continuous_immigration,sfams_style,0,134,1.0,8,0,8,1002,0,0,1,1,1,1,0.25
continuous_immigration,sfams_style,0,135,0.3333333333333333,8,0,8,1008,0,0,3,1,3,1,0.25
continuous_immigration,sfams_style,0,136,0.3333333333333333,8,0,8,1016,0,0,3,1,2,1,0.25
continuous_immigration,sfams_style,0,137,0.6666666666666666,8,0,8,1025,0,0,3,2,2,2,0.25
continuous_immigration,sfams_style,0,138,0.6666666666666666,8,0,8,1030,0,0,3,2,2,2,0.25
continuous_immigration,sfams_style,0,139,1.0,8,0,8,1034,0,0,1,1,1,1,0.25
continuous_immigration,sfams_style,0,140,0.5,8,0,8,1038,0,0,2,1,2,1,0.25
continuous_immigration,sfams_style,0,141,0.6666666666666666,8,0,8,1048,0,0,3,2,5,2,0.25
continuous_immigration,sfams_style,0,142,nan,8,0,8,1055,0,0,0,0,0,0,0.25
continuous_immigration,sfams_style,0,143,0.0,8,0,8,1063,0,0,1,0,0,0,0.25
continuous_immigration,sfams_style,0,144,0.0,8,0,8,1069,0,0,2,0,0,0,0.25
continuous_immigration,sfams_style,0,145,0.8,8,0,8,1075,0,0,5,4,4,4,0.25
continuous_immigration,sfams_style,0,146,1.0,8,0,8,1088,0,0,1,1,1,1,0.25
continuous_immigration,sfams_style,0,147,1.0,8,0,8,1096,0,0,3,3,3,3,0.25
continuous_immigration,sfams_style,0,148,0.6666666666666666,8,0,8,1111,0,0,3,2,3,2,0.25
continuous_immigration,sfams_style,0,149,1.0,8,0,8,1114,0,0,4,4,5,4,0.25
continuous_immigration,sfams_style,0,150,nan,8,0,8,1120,0,0,0,0,0,0,0.25
continuous_immigration,sfams_style,0,151,1.0,8,0,8,1128,0,0,1,1,3,1,0.25
continuous_immigration,sfams_style,0,152,0.0,8,0,8,1135,0,0,2,0,0,0,0.25
continuous_immigration,sfams_style,0,153,1.0,8,0,8,1141,0,0,3,3,4,3,0.25
continuous_immigration,sfams_style,0,154,nan,8,0,8,1147,0,0,0,0,0,0,0.25
continuous_immigration,sfams_style,0,155,0.6666666666666666,8,0,8,1156,0,0,3,2,3,2,0.25
continuous_immigration,sfams_style,0,156,0.0,8,0,8,1165,0,0,1,0,0,0,0.25
continuous_immigration,sfams_style,0,157,1.0,8,0,8,1173,0,0,2,2,3,2,0.25
continuous_immigration,sfams_style,0,158,0.0,8,0,8,1179,0,0,1,0,0,0,0.25
continuous_immigration,sfams_style,0,159,0.3333333333333333,8,0,8,1188,0,0,6,2,4,2,0.25
continuous_immigration,sfams_style,0,160,nan,8,0,8,1197,0,0,0,0,0,0,0.25
continuous_immigration,sfams_style,0,161,0.3333333333333333,8,0,8,1204,0,0,3,1,1,1,0.25
continuous_immigration,sfams_style,0,162,0.5,8,0,8,1215,0,0,4,2,2,2,0.25
continuous_immigration,sfams_style,0,163,nan,8,0,8,1226,0,0,0,0,0,0,0.25
continuous_immigration,sfams_style,0,164,0.0,8,0,8,1235,0,0,2,0,1,0,0.25
continuous_immigration,sfams_style,0,165,0.0,8,0,8,1240,0,0,1,0,0,0,0.25
continuous_immigration,sfams_style,0,166,0.5,8,0,8,1245,0,0,4,2,2,2,0.25
continuous_immigration,sfams_style,0,167,1.0,8,0,8,1252,0,0,1,1,1,1,0.25
continuous_immigration,sfams_style,0,168,0.0,8,0,8,1257,0,0,2,0,0,0,0.25
continuous_immigration,sfams_style,0,169,nan,8,0,8,1265,0,0,0,0,0,0,0.25
continuous_immigration,sfams_style,0,170,0.0,8,0,8,1270,0,0,1,0,0,0,0.25
continuous_immigration,sfams_style,0,171,0.4,8,0,8,1278,0,0,5,2,3,2,0.25
continuous_immigration,sfams_style,0,172,1.0,8,0,8,1283,0,0,1,1,1,1,0.25
continuous_immigration,sfams_style,0,173,1.0,8,0,8,1286,0,0,3,3,3,3,0.25
continuous_immigration,sfams_style,0,174,0.6666666666666666,8,0,8,1296,0,0,3,2,3,2,0.25
continuous_immigration,sfams_style,0,175,nan,8,0,8,1302,0,0,0,0,0,0,0.25
continuous_immigration,sfams_style,0,176,1.0,8,0,8,1311,0,0,1,1,2,1,0.25
continuous_immigration,sfams_style,0,177,nan,8,0,8,1316,0,0,0,0,0,0,0.25
continuous_immigration,sfams_style,0,178,0.3333333333333333,8,0,8,1325,0,0,3,1,2,1,0.25
continuous_immigration,sfams_style,0,179,1.0,8,0,8,1329,0,0,1,1,1,1,0.25
continuous_immigration,sfams_style,0,180,0.6666666666666666,8,0,8,1333,0,0,3,2,2,2,0.25
continuous_immigration,sfams_style,0,181,0.6666666666666666,8,0,8,1339,0,0,3,2,2,2,0.25
continuous_immigration,sfams_style,0,182,1.0,8,0,8,1342,0,0,2,2,2,2,0.25
continuous_immigration,sfams_style,0,183,1.0,8,0,8,1348,0,0,2,2,2,2,0.25
continuous_immigration,sfams_style,0,184,0.0,8,0,8,1355,0,0,1,0,0,0,0.25
continuous_immigration,sfams_style,0,185,nan,8,0,8,1357,0,0,0,0,0,0,0.25
continuous_immigration,sfams_style,0,186,0.5,8,0,8,1365,0,0,2,1,2,1,0.25
continuous_immigration,sfams_style,0,187,1.0,8,0,8,1379,0,0,2,2,3,2,0.25
continuous_immigration,sfams_style,0,188,0.5,8,0,8,1384,0,0,4,2,2,2,0.25
continuous_immigration,sfams_style,0,189,1.0,8,0,8,1391,0,0,1,1,1,1,0.25
continuous_immigration,sfams_style,0,190,0.0,8,0,8,1400,0,0,2,0,0,0,0.25
continuous_immigration,sfams_style,0,191,1.0,8,0,8,1405,0,0,2,2,2,2,0.25
continuous_immigration,sfams_style,0,192,nan,8,0,8,1418,0,0,0,0,0,0,0.25
continuous_immigration,sfams_style,0,193,0.0,8,0,8,1427,0,0,2,0,0,0,0.25
continuous_immigration,sfams_style,0,194,nan,8,0,8,1429,0,0,0,0,0,0,0.25
continuous_immigration,sfams_style,0,195,1.0,8,0,8,1435,0,0,1,1,1,1,0.25
continuous_immigration,sfams_style,0,196,nan,8,0,8,1445,0,0,0,0,0,0,0.25
continuous_immigration,sfams_style,0,197,1.0,8,0,8,1448,0,0,1,1,3,1,0.25
continuous_immigration,sfams_style,0,198,1.0,8,0,8,1453,0,0,1,1,2,1,0.25
continuous_immigration,sfams_style,0,199,1.0,8,0,8,1456,0,0,1,1,1,1,0.25
continuous_immigration,sfams_style,0,200,nan,8,0,8,1465,0,0,0,0,0,0,0.25
continuous_immigration,sfams_style,0,201,0.0,8,0,8,1473,0,0,1,0,0,0,0.25
continuous_immigration,sfams_style,0,202,nan,8,0,8,1475,0,0,0,0,0,0,0.25
continuous_immigration,sfams_style,0,203,nan,8,0,8,1482,0,0,0,0,0,0,0.25
continuous_immigration,sfams_style,0,204,0.6,8,0,8,1488,0,0,5,3,4,3,0.25
continuous_immigration,sfams_style,0,205,0.6666666666666666,8,0,8,1492,0,0,6,4,5,4,0.25
continuous_immigration,sfams_style,0,206,nan,8,0,8,1498,0,0,0,0,0,0,0.25
continuous_immigration,sfams_style,0,207,0.3333333333333333,8,0,8,1508,0,0,3,1,1,1,0.25
continuous_immigration,sfams_style,0,208,0.16666666666666666,8,0,8,1517,0,0,6,1,1,1,0.25
continuous_immigration,sfams_style,0,209,0.0,8,0,8,1522,0,0,1,0,0,0,0.25
continuous_immigration,sfams_style,0,210,0.3333333333333333,8,0,8,1532,0,0,3,1,1,1,0.25
continuous_immigration,sfams_style,0,211,nan,8,0,8,1540,0,0,0,0,0,0,0.25
continuous_immigration,sfams_style,0,212,1.0,8,0,8,1546,0,0,1,1,1,1,0.25
continuous_immigration,sfams_style,0,213,0.4,8,0,8,1554,0,0,5,2,4,2,0.25
continuous_immigration,sfams_style,0,214,1.0,8,0,8,1560,0,0,1,1,1,1,0.25
continuous_immigration,sfams_style,0,215,0.0,8,0,8,1572,0,0,1,0,0,0,0.25
continuous_immigration,sfams_style,0,216,0.5,8,0,8,1580,0,0,2,1,3,1,0.25
continuous_immigration,sfams_style,0,217,0.0,8,0,8,1594,0,0,2,0,0,0,0.25
continuous_immigration,sfams_style,0,218,0.5,8,0,8,1604,0,0,2,1,3,1,0.25
continuous_immigration,sfams_style,0,219,0.5,8,0,8,1609,0,0,2,1,2,1,0.25
continuous_immigration,sfams_style,0,220,0.3333333333333333,8,0,8,1619,0,0,3,1,1,1,0.25
continuous_immigration,sfams_style,0,221,nan,8,0,8,1625,0,0,0,0,0,0,0.25
continuous_immigration,sfams_style,0,222,0.5,8,0,8,1634,0,0,2,1,1,1,0.25
continuous_immigration,sfams_style,0,223,0.6,8,0,8,1639,0,0,5,3,4,3,0.25
continuous_immigration,sfams_style,0,224,1.0,8,0,8,1647,0,0,3,3,3,3,0.25
continuous_immigration,sfams_style,0,225,0.0,8,0,8,1652,0,0,1,0,0,0,0.25
continuous_immigration,sfams_style,0,226,nan,8,0,8,1659,0,0,0,0,0,0,0.25
continuous_immigration,sfams_style,0,227,0.6666666666666666,8,0,8,1665,0,0,3,2,2,2,0.25
continuous_immigration,sfams_style,0,228,1.0,8,0,8,1671,0,0,3,3,3,3,0.25
continuous_immigration,sfams_style,0,229,1.0,8,0,8,1676,0,0,2,2,2,2,0.25
continuous_immigration,sfams_style,0,230,nan,8,0,8,1682,0,0,0,0,0,0,0.25
continuous_immigration,sfams_style,0,231,1.0,8,0,8,1689,0,0,2,2,2,2,0.25
continuous_immigration,sfams_style,0,232,1.0,8,0,8,1701,0,0,1,1,1,1,0.25
continuous_immigration,sfams_style,0,233,1.0,8,0,8,1708,0,0,3,3,3,3,0.25
continuous_immigration,sfams_style,0,234,1.0,8,0,8,1720,0,0,1,1,1,1,0.25
continuous_immigration,sfams_style,0,235,0.5,8,0,8,1726,0,0,2,1,1,1,0.25
continuous_immigration,sfams_style,0,236,nan,8,0,8,1731,0,0,0,0,0,0,0.25
continuous_immigration,sfams_style,0,237,0.5,8,0,8,1739,0,0,2,1,2,1,0.25
continuous_immigration,sfams_style,0,238,0.0,8,0,8,1746,0,0,1,0,0,0,0.25
continuous_immigration,sfams_style,0,239,0.5,8,0,8,1754,0,0,2,1,1,1,0.25
continuous_immigration,sfams_style,0,240,0.5,8,0,8,1759,0,0,4,2,3,2,0.25
continuous_immigration,sfams_style,0,241,0.3333333333333333,8,0,8,1765,0,0,3,1,2,1,0.25
continuous_immigration,sfams_style,0,242,0.5,8,0,8,1771,0,0,4,2,4,2,0.25
continuous_immigration,sfams_style,0,243,0.5,8,0,8,1779,0,0,2,1,2,1,0.25
continuous_immigration,sfams_style,0,244,1.0,8,0,8,1784,0,0,2,2,4,2,0.25
continuous_immigration,sfams_style,0,245,0.0,8,0,8,1794,0,0,2,0,0,0,0.25
continuous_immigration,sfams_style,0,246,1.0,8,0,8,1804,0,0,1,1,1,1,0.25
continuous_immigration,sfams_style,0,247,1.0,8,0,8,1811,0,0,2,2,2,2,0.25
continuous_immigration,sfams_style,0,248,1.0,8,0,8,1816,0,0,2,2,3,2,0.25
continuous_immigration,sfams_style,0,249,0.0,8,0,8,1821,0,0,1,0,0,0,0.25
continuous_immigration,sfams_style,0,250,1.0,8,0,8,1827,0,0,2,2,2,2,0.25
continuous_immigration,sfams_style,0,251,0.3333333333333333,8,0,8,1835,0,0,3,1,1,1,0.25
continuous_immigration,sfams_style,0,252,1.0,8,0,8,1849,0,0,1,1,1,1,0.25
continuous_immigration,sfams_style,0,253,nan,8,0,8,1857,0,0,0,0,0,0,0.25
continuous_immigration,sfams_style,0,254,1.0,8,0,8,1862,0,0,2,2,2,2,0.25
continuous_immigration,sfams_style,0,255,0.5,8,0,8,1874,0,0,6,3,7,3,0.25
continuous_immigration,sfams_style,0,256,nan,8,0,8,1884,0,0,0,0,0,0,0.25
continuous_immigration,sfams_style,0,257,0.5,8,0,8,1892,0,0,2,1,1,1,0.25
continuous_immigration,sfams_style,0,258,0.5,8,0,8,1898,0,0,2,1,1,1,0.25
continuous_immigration,sfams_style,0,259,nan,8,0,8,1903,0,0,0,0,0,0,0.25
continuous_immigration,sfams_style,0,260,0.3333333333333333,8,0,8,1910,0,0,3,1,1,1,0.25
continuous_immigration,sfams_style,0,261,0.6666666666666666,8,0,8,1916,0,0,3,2,3,2,0.25
continuous_immigration,sfams_style,0,262,0.25,8,0,8,1922,0,0,4,1,3,1,0.25
continuous_immigration,sfams_style,0,263,1.0,8,0,8,1932,0,0,2,2,2,2,0.25
continuous_immigration,sfams_style,0,264,0.0,8,0,8,1940,0,0,1,0,0,0,0.25
continuous_immigration,sfams_style,0,265,0.0,8,0,8,1951,0,0,1,0,0,0,0.25
continuous_immigration,sfams_style,0,266,1.0,8,0,8,1958,0,0,2,2,2,2,0.25
continuous_immigration,sfams_style,0,267,1.0,8,0,8,1964,0,0,2,2,4,2,0.25
continuous_immigration,sfams_style,0,268,0.0,8,0,8,1970,0,0,1,0,1,0,0.25
continuous_immigration,sfams_style,0,269,nan,8,0,8,1978,0,0,0,0,0,0,0.25
continuous_immigration,sfams_style,0,270,0.6666666666666666,8,0,8,1985,0,0,3,2,2,2,0.25
continuous_immigration,sfams_style,0,271,0.4,8,0,8,1990,0,0,5,2,2,2,0.25
continuous_immigration,sfams_style,0,272,0.75,8,0,8,1998,0,0,4,3,3,3,0.25
continuous_immigration,sfams_style,0,273,1.0,8,0,8,2008,0,0,2,2,3,2,0.25
continuous_immigration,sfams_style,0,274,nan,8,0,8,2017,0,0,0,0,0,0,0.25
continuous_immigration,sfams_style,0,275,0.6666666666666666,8,0,8,2021,0,0,3,2,2,2,0.25
continuous_immigration,sfams_style,0,276,0.0,8,0,8,2029,0,0,4,0,0,0,0.25
continuous_immigration,sfams_style,0,277,0.5,8,0,8,2036,0,0,4,2,3,2,0.25
continuous_immigration,sfams_style,0,278,0.5,8,0,8,2042,0,0,2,1,1,1,0.25
continuous_immigration,sfams_style,0,279,1.0,8,0,8,2050,0,0,1,1,1,1,0.25
continuous_immigration,sfams_style,0,280,nan,8,0,8,2061,0,0,0,0,0,0,0.25
continuous_immigration,sfams_style,0,281,1.0,8,0,8,2071,0,0,2,2,3,2,0.25
continuous_immigration,sfams_style,0,282,0.5,8,0,8,2080,0,0,2,1,1,1,0.25
continuous_immigration,sfams_style,0,283,1.0,8,0,8,2088,0,0,1,1,1,1,0.25
continuous_immigration,sfams_style,0,284,nan,8,0,8,2095,0,0,0,0,0,0,0.25
continuous_immigration,sfams_style,0,285,1.0,8,0,8,2106,0,0,2,2,3,2,0.25
continuous_immigration,sfams_style,0,286,1.0,8,0,8,2113,0,0,2,2,2,2,0.25
continuous_immigration,sfams_style,0,287,nan,8,0,8,2124,0,0,0,0,0,0,0.25
continuous_immigration,sfams_style,0,288,1.0,8,0,8,2137,0,0,3,3,5,3,0.25
continuous_immigration,sfams_style,0,289,nan,8,0,8,2143,0,0,0,0,0,0,0.25
continuous_immigration,sfams_style,0,290,1.0,8,0,8,2155,0,0,1,1,1,1,0.25
continuous_immigration,sfams_style,0,291,1.0,8,0,8,2169,0,0,2,2,3,2,0.25
continuous_immigration,sfams_style,0,292,0.0,8,0,8,2179,0,0,2,0,1,0,0.25
continuous_immigration,sfams_style,0,293,0.0,8,0,8,2188,0,0,1,0,0,0,0.25
continuous_immigration,sfams_style,0,294,nan,8,0,8,2197,0,0,0,0,0,0,0.25
continuous_immigration,sfams_style,0,295,0.6,8,0,8,2205,0,0,5,3,3,3,0.25
continuous_immigration,sfams_style,0,296,1.0,8,0,8,2214,0,0,1,1,1,1,0.25
continuous_immigration,sfams_style,0,297,1.0,8,0,8,2222,0,0,1,1,1,1,0.25
continuous_immigration,sfams_style,0,298,0.3333333333333333,8,0,8,2226,0,0,3,1,1,1,0.25
continuous_immigration,sfams_style,0,299,1.0,8,0,8,2231,0,0,2,2,2,2,0.25
continuous_immigration,sfams_style,0,300,1.0,8,0,8,2237,0,0,1,1,2,1,0.25
continuous_immigration,sfams_style,0,301,1.0,8,0,8,2242,0,0,2,2,2,2,0.25
continuous_immigration,sfams_style,0,302,nan,8,0,8,2249,0,0,0,0,0,0,0.25
continuous_immigration,sfams_style,0,303,1.0,8,0,8,2258,0,0,1,1,1,1,0.25
continuous_immigration,sfams_style,0,304,1.0,8,0,8,2264,0,0,1,1,1,1,0.25
continuous_immigration,sfams_style,0,305,0.25,8,0,8,2269,0,0,4,1,2,1,0.25
continuous_immigration,sfams_style,0,306,0.5,8,0,8,2275,0,0,4,2,2,2,0.25
continuous_immigration,sfams_style,0,307,0.3333333333333333,8,0,8,2279,0,0,3,1,2,1,0.25
continuous_immigration,sfams_style,0,308,0.6666666666666666,8,0,8,2287,0,0,3,2,3,2,0.25
continuous_immigration,sfams_style,0,309,0.0,8,0,8,2297,0,0,1,0,0,0,0.25
continuous_immigration,sfams_style,0,310,1.0,8,0,8,2302,0,0,1,1,2,1,0.25
continuous_immigration,sfams_style,0,311,1.0,8,0,8,2309,0,0,1,1,2,1,0.25
continuous_immigration,sfams_style,0,312,0.6666666666666666,8,0,8,2313,0,0,3,2,2,2,0.25
continuous_immigration,sfams_style,0,313,1.0,8,0,8,2319,0,0,1,1,1,1,0.25
continuous_immigration,sfams_style,0,314,1.0,8,0,8,2326,0,0,2,2,2,2,0.25
continuous_immigration,sfams_style,0,315,0.0,8,0,8,2332,0,0,1,0,0,0,0.25
continuous_immigration,sfams_style,0,316,0.5,8,0,8,2341,0,0,4,2,5,2,0.25
continuous_immigration,sfams_style,0,317,1.0,8,0,8,2350,0,0,1,1,2,1,0.25
continuous_immigration,sfams_style,0,318,0.6666666666666666,8,0,8,2363,0,0,3,2,2,2,0.25
continuous_immigration,sfams_style,0,319,0.3333333333333333,8,0,8,2372,0,0,3,1,1,1,0.25
continuous_immigration,sfams_style,0,320,0.6666666666666666,8,0,8,2378,0,0,3,2,3,2,0.25
continuous_immigration,sfams_style,0,321,0.2,8,0,8,2386,0,0,5,1,1,1,0.25
continuous_immigration,sfams_style,0,322,1.0,8,0,8,2391,0,0,1,1,1,1,0.25
continuous_immigration,sfams_style,0,323,1.0,8,0,8,2402,0,0,2,2,2,2,0.25
continuous_immigration,sfams_style,0,324,1.0,8,0,8,2412,0,0,2,2,3,2,0.25
continuous_immigration,sfams_style,0,325,0.6666666666666666,8,0,8,2417,0,0,3,2,2,2,0.25
continuous_immigration,sfams_style,0,326,0.75,8,0,8,2424,0,0,4,3,3,3,0.25
continuous_immigration,sfams_style,0,327,0.0,8,0,8,2435,0,0,1,0,0,0,0.25
continuous_immigration,sfams_style,0,328,0.3333333333333333,8,0,8,2446,0,0,3,1,3,1,0.25
continuous_immigration,sfams_style,0,329,0.0,8,0,8,2454,0,0,2,0,0,0,0.25
continuous_immigration,sfams_style,0,330,1.0,8,0,8,2461,0,0,1,1,2,1,0.25
continuous_immigration,sfams_style,0,331,0.5,8,0,8,2470,0,0,2,1,1,1,0.25
continuous_immigration,sfams_style,0,332,0.6666666666666666,8,0,8,2475,0,0,3,2,4,2,0.25
continuous_immigration,sfams_style,0,333,1.0,8,0,8,2480,0,0,1,1,1,1,0.25
continuous_immigration,sfams_style,0,334,0.5,8,0,8,2484,0,0,2,1,2,1,0.25
continuous_immigration,sfams_style,0,335,0.0,8,0,8,2491,0,0,2,0,0,0,0.25
continuous_immigration,sfams_style,0,336,1.0,8,0,8,2500,0,0,3,3,3,3,0.25
continuous_immigration,sfams_style,0,337,0.5,8,0,8,2511,0,0,4,2,3,2,0.25
continuous_immigration,sfams_style,0,338,0.3333333333333333,8,0,8,2517,0,0,3,1,2,1,0.25
continuous_immigration,sfams_style,0,339,0.75,8,0,8,2526,0,0,4,3,3,3,0.25
continuous_immigration,sfams_style,0,340,0.6,8,0,8,2533,0,0,5,3,5,3,0.25
continuous_immigration,sfams_style,0,341,nan,8,0,8,2539,0,0,0,0,0,0,0.25
continuous_immigration,sfams_style,0,342,0.4,8,0,8,2543,0,0,5,2,3,2,0.25
continuous_immigration,sfams_style,0,343,1.0,8,0,8,2550,0,0,1,1,1,1,0.25
continuous_immigration,sfams_style,0,344,0.6666666666666666,8,0,8,2562,0,0,3,2,3,2,0.25
continuous_immigration,sfams_style,0,345,1.0,8,0,8,2569,0,0,3,3,4,3,0.25
continuous_immigration,sfams_style,0,346,0.5,8,0,8,2575,0,0,4,2,2,2,0.25
continuous_immigration,sfams_style,0,347,0.0,8,0,8,2580,0,0,2,0,0,0,0.25
continuous_immigration,sfams_style,0,348,1.0,8,0,8,2587,0,0,1,1,1,1,0.25
continuous_immigration,sfams_style,0,349,1.0,8,0,8,2593,0,0,2,2,2,2,0.25
continuous_immigration,sfams_style,0,350,0.5,8,0,8,2601,0,0,2,1,2,1,0.25
continuous_immigration,sfams_style,0,351,0.6666666666666666,8,0,8,2614,0,0,3,2,2,2,0.25
continuous_immigration,sfams_style,0,352,0.75,8,0,8,2624,0,0,4,3,4,3,0.25
continuous_immigration,sfams_style,0,353,0.6666666666666666,8,0,8,2629,0,0,3,2,3,2,0.25
continuous_immigration,sfams_style,0,354,1.0,8,0,8,2641,0,0,1,1,1,1,0.25
continuous_immigration,sfams_style,0,355,nan,8,0,8,2643,0,0,0,0,0,0,0.25
continuous_immigration,sfams_style,0,356,1.0,8,0,8,2649,0,0,3,3,5,3,0.25
continuous_immigration,sfams_style,0,357,0.0,8,0,8,2655,0,0,2,0,0,0,0.25
continuous_immigration,sfams_style,0,358,0.5,8,0,8,2662,0,0,4,2,2,2,0.25
continuous_immigration,sfams_style,0,359,0.6666666666666666,8,0,8,2664,0,0,3,2,2,2,0.25
continuous_immigration,sfams_style,0,360,nan,8,0,8,2668,0,0,0,0,0,0,0.25
continuous_immigration,sfams_style,0,361,1.0,8,0,8,2675,0,0,1,1,2,1,0.25
continuous_immigration,sfams_style,0,362,0.5,8,0,8,2682,0,0,2,1,1,1,0.25
continuous_immigration,sfams_style,0,363,1.0,8,0,8,2691,0,0,2,2,2,2,0.25
continuous_immigration,sfams_style,0,364,0.5,8,0,8,2696,0,0,4,2,5,2,0.25
continuous_immigration,sfams_style,0,365,nan,8,0,8,2703,0,0,0,0,0,0,0.25
continuous_immigration,sfams_style,0,366,0.3333333333333333,8,0,8,2714,0,0,3,1,2,1,0.25
continuous_immigration,sfams_style,0,367,0.5,8,0,8,2723,0,0,2,1,1,1,0.25
continuous_immigration,sfams_style,0,368,nan,8,0,8,2731,0,0,0,0,0,0,0.25
continuous_immigration,sfams_style,0,369,1.0,8,0,8,2739,0,0,3,3,3,3,0.25
continuous_immigration,sfams_style,0,370,0.75,8,0,8,2746,0,0,4,3,4,3,0.25
continuous_immigration,sfams_style,0,371,0.0,8,0,8,2757,0,0,1,0,0,0,0.25
continuous_immigration,sfams_style,0,372,1.0,8,0,8,2761,0,0,3,3,5,3,0.25
continuous_immigration,sfams_style,0,373,0.5714285714285714,8,0,8,2763,0,0,7,4,4,4,0.25
continuous_immigration,sfams_style,0,374,nan,8,0,8,2770,0,0,0,0,0,0,0.25
continuous_immigration,sfams_style,0,375,0.5,8,0,8,2777,0,0,2,1,1,1,0.25
continuous_immigration,sfams_style,0,376,0.6666666666666666,8,0,8,2783,0,0,3,2,2,2,0.25
continuous_immigration,sfams_style,0,377,0.6666666666666666,8,0,8,2790,0,0,3,2,2,2,0.25
continuous_immigration,sfams_style,0,378,1.0,8,0,8,2799,0,0,2,2,2,2,0.25
continuous_immigration,sfams_style,0,379,0.4,8,0,8,2805,0,0,5,2,2,2,0.25
continuous_immigration,sfams_style,0,380,nan,8,0,8,2812,0,0,0,0,0,0,0.25
continuous_immigration,sfams_style,0,381,0.0,8,0,8,2819,0,0,1,0,0,0,0.25
continuous_immigration,sfams_style,0,382,0.5,8,0,8,2829,0,0,2,1,1,1,0.25
continuous_immigration,sfams_style,0,383,0.6666666666666666,8,0,8,2835,0,0,3,2,4,2,0.25
continuous_immigration,sfams_style,0,384,0.0,8,0,8,2844,0,0,2,0,1,0,0.25
continuous_immigration,sfams_style,0,385,1.0,8,0,8,2852,0,0,1,1,1,1,0.25
continuous_immigration,sfams_style,0,386,0.0,8,0,8,2862,0,0,1,0,1,0,0.25
continuous_immigration,sfams_style,0,387,1.0,8,0,8,2866,0,0,1,1,1,1,0.25
continuous_immigration,sfams_style,0,388,0.5,8,0,8,2876,0,0,2,1,1,1,0.25
continuous_immigration,sfams_style,0,389,0.6666666666666666,8,0,8,2886,0,0,3,2,3,2,0.25
continuous_immigration,sfams_style,0,390,1.0,8,0,8,2899,0,0,2,2,3,2,0.25
continuous_immigration,sfams_style,0,391,1.0,8,0,8,2908,0,0,1,1,1,1,0.25
continuous_immigration,sfams_style,0,392,1.0,8,0,8,2914,0,0,2,2,4,2,0.25
continuous_immigration,sfams_style,0,393,1.0,8,0,8,2922,0,0,1,1,1,1,0.25
continuous_immigration,sfams_style,0,394,nan,8,0,8,2935,0,0,0,0,0,0,0.25
continuous_immigration,sfams_style,0,395,0.5,8,0,8,2944,0,0,2,1,1,1,0.25
continuous_immigration,sfams_style,0,396,nan,8,0,8,2950,0,0,0,0,0,0,0.25
continuous_immigration,sfams_style,0,397,nan,8,0,8,2959,0,0,0,0,0,0,0.25
continuous_immigration,sfams_style,0,398,0.75,8,0,8,2966,0,0,4,3,3,3,0.25
continuous_immigration,sfams_style,0,399,1.0,8,0,8,2972,0,0,1,1,1,1,0.25
continuous_immigration,sfams_style,1,0,0.0,8,0,8,1,0,0,1,0,0,0,0.875
continuous_immigration,sfams_style,1,1,0.0,8,0,8,7,0,0,1,0,0,0,0.875
continuous_immigration,sfams_style,1,2,0.0,8,0,8,16,0,0,1,0,0,0,0.875
continuous_immigration,sfams_style,1,3,0.0,8,0,8,22,0,0,2,0,0,0,0.875
continuous_immigration,sfams_style,1,4,nan,8,0,8,28,0,0,0,0,0,0,1.0
continuous_immigration,sfams_style,1,5,0.0,8,0,8,38,0,0,2,0,1,0,0.75
continuous_immigration,sfams_style,1,6,0.0,8,0,8,44,0,0,1,0,0,0,0.625
continuous_immigration,sfams_style,1,7,0.0,8,0,8,51,0,0,1,0,0,0,0.5
continuous_immigration,sfams_style,1,8,0.0,8,0,8,58,0,0,2,0,0,0,0.625
continuous_immigration,sfams_style,1,9,0.3333333333333333,8,0,8,62,0,0,3,1,1,1,0.5
continuous_immigration,sfams_style,1,10,1.0,8,0,8,72,0,0,1,1,1,1,0.0
continuous_immigration,sfams_style,1,11,0.0,8,0,8,83,0,0,1,0,0,0,0.25
continuous_immigration,sfams_style,1,12,1.0,8,0,8,94,0,0,2,2,2,2,0.5
continuous_immigration,sfams_style,1,13,0.0,8,0,8,99,0,0,1,0,0,0,0.5
continuous_immigration,sfams_style,1,14,0.2,8,0,8,108,0,0,5,1,2,1,0.25
continuous_immigration,sfams_style,1,15,0.0,8,0,8,113,0,0,1,0,0,0,0.125
continuous_immigration,sfams_style,1,16,0.6,8,0,8,123,0,0,5,3,6,3,0.0
continuous_immigration,sfams_style,1,17,0.4,8,0,8,130,0,0,5,2,6,2,0.0
continuous_immigration,sfams_style,1,18,0.6666666666666666,8,0,8,137,0,0,3,2,5,2,0.0
continuous_immigration,sfams_style,1,19,nan,8,0,8,143,0,0,0,0,0,0,0.0
continuous_immigration,sfams_style,1,20,0.0,8,0,8,152,0,0,1,0,0,0,0.0
continuous_immigration,sfams_style,1,21,0.25,8,0,8,164,0,0,4,1,1,1,0.0
continuous_immigration,sfams_style,1,22,0.0,8,0,8,172,0,0,2,0,0,0,0.0
continuous_immigration,sfams_style,1,23,0.3333333333333333,8,0,8,180,0,0,3,1,1,1,0.0
continuous_immigration,sfams_style,1,24,0.0,8,0,8,188,0,0,1,0,0,0,0.0
continuous_immigration,sfams_style,1,25,1.0,8,0,8,192,0,0,1,1,1,1,0.0
continuous_immigration,sfams_style,1,26,0.5,8,0,8,197,0,0,2,1,1,1,0.0
continuous_immigration,sfams_style,1,27,0.5,8,0,8,207,0,0,2,1,1,1,0.0
continuous_immigration,sfams_style,1,28,0.0,8,0,8,213,0,0,2,0,0,0,0.0
continuous_immigration,sfams_style,1,29,0.0,8,0,8,220,0,0,1,0,0,0,0.0
continuous_immigration,sfams_style,1,30,1.0,8,0,8,228,0,0,2,2,4,2,0.0
continuous_immigration,sfams_style,1,31,0.25,8,0,8,234,0,0,4,1,2,1,0.0
continuous_immigration,sfams_style,1,32,0.5,8,0,8,244,0,0,4,2,5,2,0.0
continuous_immigration,sfams_style,1,33,0.0,8,0,8,251,0,0,1,0,0,0,0.0
continuous_immigration,sfams_style,1,34,0.0,8,0,8,257,0,0,1,0,0,0,0.0
continuous_immigration,sfams_style,1,35,0.5,8,0,8,265,0,0,2,1,1,1,0.0
continuous_immigration,sfams_style,1,36,1.0,8,0,8,276,0,0,1,1,1,1,0.0
continuous_immigration,sfams_style,1,37,nan,8,0,8,281,0,0,0,0,0,0,0.0
continuous_immigration,sfams_style,1,38,1.0,8,0,8,285,0,0,1,1,2,1,0.0
continuous_immigration,sfams_style,1,39,0.25,8,0,8,290,0,0,4,1,1,1,0.0
continuous_immigration,sfams_style,1,40,0.5,8,0,8,294,0,0,2,1,1,1,0.0
continuous_immigration,sfams_style,1,41,1.0,8,0,8,304,0,0,2,2,5,2,0.0
continuous_immigration,sfams_style,1,42,0.5,8,0,8,309,0,0,2,1,2,1,0.0
continuous_immigration,sfams_style,1,43,0.0,8,0,8,319,0,0,1,0,0,0,0.0
continuous_immigration,sfams_style,1,44,0.5,8,0,8,327,0,0,2,1,2,1,0.0
continuous_immigration,sfams_style,1,45,nan,8,0,8,336,0,0,0,0,0,0,0.0
continuous_immigration,sfams_style,1,46,0.6666666666666666,8,0,8,347,0,0,3,2,3,2,0.0
continuous_immigration,sfams_style,1,47,0.3333333333333333,8,0,8,356,0,0,3,1,1,1,0.0
continuous_immigration,sfams_style,1,48,nan,8,0,8,360,0,0,0,0,0,0,0.0
continuous_immigration,sfams_style,1,49,nan,8,0,8,363,0,0,0,0,0,0,0.0
continuous_immigration,sfams_style,1,50,0.0,8,0,8,374,0,0,3,0,0,0,0.0
continuous_immigration,sfams_style,1,51,0.0,8,0,8,378,0,0,1,0,0,0,0.0
continuous_immigration,sfams_style,1,52,1.0,8,0,8,380,0,0,1,1,1,1,0.0
continuous_immigration,sfams_style,1,53,0.5,8,0,8,387,0,0,4,2,2,2,0.0
continuous_immigration,sfams_style,1,54,0.0,8,0,8,395,0,0,1,0,0,0,0.0
continuous_immigration,sfams_style,1,55,1.0,8,0,8,401,0,0,1,1,1,1,0.0
continuous_immigration,sfams_style,1,56,0.5,8,0,8,406,0,0,2,1,1,1,0.0
continuous_immigration,sfams_style,1,57,1.0,8,0,8,413,0,0,1,1,1,1,0.0
continuous_immigration,sfams_style,1,58,0.6666666666666666,8,0,8,418,0,0,3,2,2,2,0.0
continuous_immigration,sfams_style,1,59,1.0,8,0,8,426,0,0,3,3,4,3,0.125
continuous_immigration,sfams_style,1,60,0.3333333333333333,8,0,8,433,0,0,3,1,1,1,0.0
continuous_immigration,sfams_style,1,61,1.0,8,0,8,435,0,0,1,1,1,1,0.0
continuous_immigration,sfams_style,1,62,0.5,8,0,8,441,0,0,2,1,1,1,0.0
continuous_immigration,sfams_style,1,63,0.5,8,0,8,450,0,0,2,1,2,1,0.0
continuous_immigration,sfams_style,1,64,1.0,8,0,8,454,0,0,4,4,4,4,0.0
continuous_immigration,sfams_style,1,65,1.0,8,0,8,461,0,0,3,3,4,3,0.0
continuous_immigration,sfams_style,1,66,0.5,8,0,8,467,0,0,2,1,1,1,0.0
continuous_immigration,sfams_style,1,67,0.6666666666666666,8,0,8,478,0,0,3,2,3,2,0.0
continuous_immigration,sfams_style,1,68,1.0,8,0,8,488,0,0,1,1,1,1,0.0
continuous_immigration,sfams_style,1,69,0.0,8,0,8,491,0,0,1,0,0,0,0.0
continuous_immigration,sfams_style,1,70,nan,8,0,8,501,0,0,0,0,0,0,0.0
continuous_immigration,sfams_style,1,71,0.6666666666666666,8,0,8,510,0,0,3,2,2,2,0.0
continuous_immigration,sfams_style,1,72,nan,8,0,8,517,0,0,0,0,0,0,0.0
continuous_immigration,sfams_style,1,73,0.0,8,0,8,526,0,0,1,0,0,0,0.0
continuous_immigration,sfams_style,1,74,1.0,8,0,8,538,0,0,1,1,1,1,0.0
continuous_immigration,sfams_style,1,75,1.0,8,0,8,545,0,0,2,2,3,2,0.0
continuous_immigration,sfams_style,1,76,1.0,8,0,8,547,0,0,1,1,1,1,0.0
continuous_immigration,sfams_style,1,77,0.5,8,0,8,554,0,0,2,1,1,1,0.0
continuous_immigration,sfams_style,1,78,1.0,8,0,8,563,0,0,2,2,2,2,0.0
continuous_immigration,sfams_style,1,79,0.3333333333333333,8,0,8,573,0,0,3,1,1,1,0.0
continuous_immigration,sfams_style,1,80,1.0,8,0,8,580,0,0,1,1,1,1,0.0
continuous_immigration,sfams_style,1,81,1.0,8,0,8,588,0,0,1,1,2,1,0.0
continuous_immigration,sfams_style,1,82,0.0,8,0,8,592,0,0,2,0,0,0,0.0
continuous_immigration,sfams_style,1,83,1.0,8,0,8,599,0,0,2,2,3,2,0.0
continuous_immigration,sfams_style,1,84,nan,8,0,8,603,0,0,0,0,0,0,0.0
continuous_immigration,sfams_style,1,85,nan,8,0,8,611,0,0,0,0,0,0,0.0
continuous_immigration,sfams_style,1,86,nan,8,0,8,619,0,0,0,0,0,0,0.0
continuous_immigration,sfams_style,1,87,nan,8,0,8,625,0,0,0,0,0,0,0.0
continuous_immigration,sfams_style,1,88,1.0,8,0,8,630,0,0,3,3,3,3,0.0
continuous_immigration,sfams_style,1,89,0.0,8,0,8,638,0,0,1,0,0,0,0.0
continuous_immigration,sfams_style,1,90,nan,8,0,8,644,0,0,0,0,0,0,0.0
continuous_immigration,sfams_style,1,91,1.0,8,0,8,656,0,0,2,2,4,2,0.0
continuous_immigration,sfams_style,1,92,1.0,8,0,8,661,0,0,3,3,4,3,0.0
continuous_immigration,sfams_style,1,93,0.5714285714285714,8,0,8,667,0,0,7,4,6,4,0.0
continuous_immigration,sfams_style,1,94,1.0,8,0,8,678,0,0,1,1,2,1,0.0
continuous_immigration,sfams_style,1,95,0.0,8,0,8,685,0,0,1,0,0,0,0.0
continuous_immigration,sfams_style,1,96,0.6666666666666666,8,0,8,689,0,0,3,2,2,2,0.0
continuous_immigration,sfams_style,1,97,0.6666666666666666,8,0,8,696,0,0,3,2,4,2,0.0
continuous_immigration,sfams_style,1,98,0.5,8,0,8,703,0,0,2,1,2,1,0.0
continuous_immigration,sfams_style,1,99,1.0,8,0,8,714,0,0,1,1,1,1,0.0
continuous_immigration,sfams_style,1,100,nan,8,0,8,723,0,0,0,0,0,0,0.0
continuous_immigration,sfams_style,1,101,1.0,8,0,8,730,0,0,1,1,2,1,0.0
continuous_immigration,sfams_style,1,102,0.5,8,0,8,742,0,0,2,1,1,1,0.0
continuous_immigration,sfams_style,1,103,0.75,8,0,8,748,0,0,4,3,3,3,0.0
continuous_immigration,sfams_style,1,104,0.0,8,0,8,753,0,0,3,0,0,0,0.0
continuous_immigration,sfams_style,1,105,1.0,8,0,8,757,0,0,2,2,2,2,0.0
continuous_immigration,sfams_style,1,106,1.0,8,0,8,767,0,0,1,1,2,1,0.0
continuous_immigration,sfams_style,1,107,0.5,8,0,8,770,0,0,2,1,1,1,0.0
continuous_immigration,sfams_style,1,108,0.25,8,0,8,777,0,0,4,1,1,1,0.0
continuous_immigration,sfams_style,1,109,1.0,8,0,8,781,0,0,2,2,2,2,0.0
continuous_immigration,sfams_style,1,110,0.5,8,0,8,789,0,0,2,1,1,1,0.0
continuous_immigration,sfams_style,1,111,0.0,8,0,8,793,0,0,1,0,0,0,0.0
continuous_immigration,sfams_style,1,112,nan,8,0,8,801,0,0,0,0,0,0,0.0
continuous_immigration,sfams_style,1,113,0.75,8,0,8,815,0,0,4,3,4,3,0.0
continuous_immigration,sfams_style,1,114,1.0,8,0,8,819,0,0,1,1,1,1,0.0
continuous_immigration,sfams_style,1,115,1.0,8,0,8,827,0,0,1,1,2,1,0.0
continuous_immigration,sfams_style,1,116,0.0,8,0,8,834,0,0,1,0,0,0,0.0
continuous_immigration,sfams_style,1,117,nan,8,0,8,839,0,0,0,0,0,0,0.0
continuous_immigration,sfams_style,1,118,1.0,8,0,8,845,0,0,1,1,1,1,0.0
continuous_immigration,sfams_style,1,119,1.0,8,0,8,851,0,0,1,1,2,1,0.0
continuous_immigration,sfams_style,1,120,nan,8,0,8,864,0,0,0,0,0,0,0.0
continuous_immigration,sfams_style,1,121,0.6666666666666666,8,0,8,871,0,0,3,2,2,2,0.0
continuous_immigration,sfams_style,1,122,0.5,8,0,8,879,0,0,2,1,2,1,0.0
continuous_immigration,sfams_style,1,123,0.5,8,0,8,888,0,0,2,1,2,1,0.0
continuous_immigration,sfams_style,1,124,0.3333333333333333,8,0,8,893,0,0,3,1,2,1,0.0
continuous_immigration,sfams_style,1,125,1.0,8,0,8,899,0,0,1,1,1,1,0.0
continuous_immigration,sfams_style,1,126,0.4,8,0,8,905,0,0,5,2,2,2,0.0
continuous_immigration,sfams_style,1,127,1.0,8,0,8,917,0,0,2,2,2,2,0.0
continuous_immigration,sfams_style,1,128,0.0,8,0,8,924,0,0,2,0,0,0,0.0
continuous_immigration,sfams_style,1,129,nan,8,0,8,931,0,0,0,0,0,0,0.0
continuous_immigration,sfams_style,1,130,0.6,8,0,8,941,0,0,5,3,5,3,0.0
continuous_immigration,sfams_style,1,131,1.0,8,0,8,946,0,0,4,4,4,4,0.0
continuous_immigration,sfams_style,1,132,0.5,8,0,8,956,0,0,2,1,1,1,0.0
continuous_immigration,sfams_style,1,133,1.0,8,0,8,961,0,0,3,3,3,3,0.0
continuous_immigration,sfams_style,1,134,nan,8,0,8,971,0,0,0,0,0,0,0.0
continuous_immigration,sfams_style,1,135,0.0,8,0,8,979,0,0,1,0,0,0,0.0
continuous_immigration,sfams_style,1,136,0.3333333333333333,8,0,8,987,0,0,3,1,1,1,0.0
continuous_immigration,sfams_style,1,137,1.0,8,0,8,992,0,0,1,1,1,1,0.0
continuous_immigration,sfams_style,1,138,nan,8,0,8,997,0,0,0,0,0,0,0.0
continuous_immigration,sfams_style,1,139,0.0,8,0,8,1004,0,0,1,0,0,0,0.0
continuous_immigration,sfams_style,1,140,0.5,8,0,8,1015,0,0,4,2,4,2,0.0
continuous_immigration,sfams_style,1,141,0.5,8,0,8,1020,0,0,2,1,1,1,0.0
continuous_immigration,sfams_style,1,142,nan,8,0,8,1035,0,0,0,0,0,0,0.0
continuous_immigration,sfams_style,1,143,0.0,8,0,8,1040,0,0,3,0,0,0,0.0
continuous_immigration,sfams_style,1,144,0.3333333333333333,8,0,8,1044,0,0,3,1,1,1,0.0
continuous_immigration,sfams_style,1,145,1.0,8,0,8,1049,0,0,1,1,1,1,0.0
continuous_immigration,sfams_style,1,146,0.75,8,0,8,1057,0,0,4,3,4,3,0.0
continuous_immigration,sfams_style,1,147,0.5,8,0,8,1068,0,0,2,1,1,1,0.0
continuous_immigration,sfams_style,1,148,1.0,8,0,8,1080,0,0,3,3,3,3,0.0
continuous_immigration,sfams_style,1,149,1.0,8,0,8,1093,0,0,2,2,2,2,0.0
continuous_immigration,sfams_style,1,150,nan,8,0,8,1097,0,0,0,0,0,0,0.0
continuous_immigration,sfams_style,1,151,nan,8,0,8,1104,0,0,0,0,0,0,0.0
continuous_immigration,sfams_style,1,152,0.0,8,0,8,1112,0,0,1,0,0,0,0.0
continuous_immigration,sfams_style,1,153,0.6666666666666666,8,0,8,1120,0,0,3,2,2,2,0.0
continuous_immigration,sfams_style,1,154,0.5,8,0,8,1127,0,0,2,1,1,1,0.0
continuous_immigration,sfams_style,1,155,0.0,8,0,8,1139,0,0,1,0,0,0,0.0
continuous_immigration,sfams_style,1,156,0.6,8,0,8,1145,0,0,5,3,6,3,0.0
continuous_immigration,sfams_style,1,157,1.0,8,0,8,1154,0,0,1,1,1,1,0.0
continuous_immigration,sfams_style,1,158,1.0,8,0,8,1166,0,0,2,2,2,2,0.0
continuous_immigration,sfams_style,1,159,1.0,8,0,8,1175,0,0,1,1,2,1,0.0
continuous_immigration,sfams_style,1,160,0.0,8,0,8,1182,0,0,1,0,0,0,0.0
continuous_immigration,sfams_style,1,161,0.5,8,0,8,1187,0,0,2,1,2,1,0.0
continuous_immigration,sfams_style,1,162,0.3333333333333333,8,0,8,1195,0,0,3,1,1,1,0.0
continuous_immigration,sfams_style,1,163,0.6,8,0,8,1202,0,0,5,3,3,3,0.0
continuous_immigration,sfams_style,1,164,0.3333333333333333,8,0,8,1210,0,0,3,1,1,1,0.0
continuous_immigration,sfams_style,1,165,1.0,8,0,8,1212,0,0,1,1,2,1,0.0
continuous_immigration,sfams_style,1,166,0.5,8,0,8,1215,0,0,2,1,1,1,0.0
continuous_immigration,sfams_style,1,167,0.5,8,0,8,1222,0,0,2,1,1,1,0.0
continuous_immigration,sfams_style,1,168,1.0,8,0,8,1232,0,0,2,2,3,2,0.0
continuous_immigration,sfams_style,1,169,0.0,8,0,8,1235,0,0,1,0,0,0,0.0
continuous_immigration,sfams_style,1,170,1.0,8,0,8,1240,0,0,2,2,3,2,0.0
continuous_immigration,sfams_style,1,171,nan,8,0,8,1251,0,0,0,0,0,0,0.0
continuous_immigration,sfams_style,1,172,1.0,8,0,8,1267,0,0,3,3,4,3,0.0
continuous_immigration,sfams_style,1,173,0.75,8,0,8,1279,0,0,4,3,3,3,0.0
continuous_immigration,sfams_style,1,174,0.3333333333333333,8,0,8,1288,0,0,3,1,1,1,0.0
continuous_immigration,sfams_style,1,175,nan,8,0,8,1291,0,0,0,0,0,0,0.0
continuous_immigration,sfams_style,1,176,0.0,8,0,8,1302,0,0,2,0,1,0,0.0
continuous_immigration,sfams_style,1,177,0.0,8,0,8,1311,0,0,1,0,0,0,0.0
continuous_immigration,sfams_style,1,178,1.0,8,0,8,1330,0,0,2,2,3,2,0.0
continuous_immigration,sfams_style,1,179,nan,8,0,8,1342,0,0,0,0,0,0,0.0
continuous_immigration,sfams_style,1,180,0.75,8,0,8,1352,0,0,4,3,4,3,0.0
continuous_immigration,sfams_style,1,181,1.0,8,0,8,1357,0,0,4,4,5,4,0.0
continuous_immigration,sfams_style,1,182,0.0,8,0,8,1363,0,0,1,0,0,0,0.0
continuous_immigration,sfams_style,1,183,0.3333333333333333,8,0,8,1374,0,0,3,1,1,1,0.0
continuous_immigration,sfams_style,1,184,1.0,8,0,8,1380,0,0,2,2,2,2,0.0
continuous_immigration,sfams_style,1,185,1.0,8,0,8,1391,0,0,2,2,2,2,0.0
continuous_immigration,sfams_style,1,186,nan,8,0,8,1395,0,0,0,0,0,0,0.0
continuous_immigration,sfams_style,1,187,0.6666666666666666,8,0,8,1399,0,0,6,4,5,4,0.0
continuous_immigration,sfams_style,1,188,1.0,8,0,8,1406,0,0,2,2,3,2,0.0
continuous_immigration,sfams_style,1,189,0.75,8,0,8,1413,0,0,4,3,4,3,0.0
continuous_immigration,sfams_style,1,190,0.0,8,0,8,1418,0,0,2,0,0,0,0.0
continuous_immigration,sfams_style,1,191,1.0,8,0,8,1423,0,0,2,2,3,2,0.0
continuous_immigration,sfams_style,1,192,1.0,8,0,8,1429,0,0,2,2,2,2,0.0
continuous_immigration,sfams_style,1,193,nan,8,0,8,1434,0,0,0,0,0,0,0.0
continuous_immigration,sfams_style,1,194,nan,8,0,8,1437,0,0,0,0,0,0,0.0
continuous_immigration,sfams_style,1,195,1.0,8,0,8,1443,0,0,2,2,3,2,0.0
continuous_immigration,sfams_style,1,196,0.0,8,0,8,1453,0,0,1,0,0,0,0.0
continuous_immigration,sfams_style,1,197,1.0,8,0,8,1457,0,0,1,1,1,1,0.0
continuous_immigration,sfams_style,1,198,0.75,8,0,8,1463,0,0,4,3,4,3,0.0
continuous_immigration,sfams_style,1,199,0.0,8,0,8,1468,0,0,2,0,0,0,0.0
continuous_immigration,sfams_style,1,200,0.0,8,0,8,1480,0,0,3,0,0,0,0.0
continuous_immigration,sfams_style,1,201,0.8,8,0,8,1486,0,0,5,4,6,4,0.0
continuous_immigration,sfams_style,1,202,0.5,8,0,8,1492,0,0,4,2,2,2,0.0
continuous_immigration,sfams_style,1,203,1.0,8,0,8,1499,0,0,1,1,1,1,0.0
continuous_immigration,sfams_style,1,204,nan,8,0,8,1507,0,0,0,0,0,0,0.0
continuous_immigration,sfams_style,1,205,nan,8,0,8,1515,0,0,0,0,0,0,0.0
continuous_immigration,sfams_style,1,206,0.0,8,0,8,1521,0,0,1,0,0,0,0.0
continuous_immigration,sfams_style,1,207,1.0,8,0,8,1528,0,0,2,2,2,2,0.0
continuous_immigration,sfams_style,1,208,nan,8,0,8,1537,0,0,0,0,0,0,0.0
continuous_immigration,sfams_style,1,209,nan,8,0,8,1544,0,0,0,0,0,0,0.0
continuous_immigration,sfams_style,1,210,1.0,8,0,8,1548,0,0,1,1,1,1,0.0
continuous_immigration,sfams_style,1,211,1.0,8,0,8,1559,0,0,2,2,2,2,0.0
continuous_immigration,sfams_style,1,212,0.6,8,0,8,1565,0,0,5,3,4,3,0.0
continuous_immigration,sfams_style,1,213,0.5,8,0,8,1569,0,0,2,1,1,1,0.0
continuous_immigration,sfams_style,1,214,nan,8,0,8,1573,0,0,0,0,0,0,0.0
continuous_immigration,sfams_style,1,215,1.0,8,0,8,1582,0,0,1,1,1,1,0.0
continuous_immigration,sfams_style,1,216,0.0,8,0,8,1591,0,0,2,0,0,0,0.0
continuous_immigration,sfams_style,1,217,0.5,8,0,8,1602,0,0,2,1,1,1,0.0
continuous_immigration,sfams_style,1,218,0.0,8,0,8,1611,0,0,1,0,0,0,0.0
continuous_immigration,sfams_style,1,219,1.0,8,0,8,1620,0,0,1,1,1,1,0.0
continuous_immigration,sfams_style,1,220,nan,8,0,8,1626,0,0,0,0,0,0,0.0
continuous_immigration,sfams_style,1,221,nan,8,0,8,1635,0,0,0,0,0,0,0.0
continuous_immigration,sfams_style,1,222,1.0,8,0,8,1647,0,0,2,2,2,2,0.0
continuous_immigration,sfams_style,1,223,0.5,8,0,8,1660,0,0,2,1,1,1,0.0
continuous_immigration,sfams_style,1,224,1.0,8,0,8,1672,0,0,1,1,1,1,0.0
continuous_immigration,sfams_style,1,225,1.0,8,0,8,1679,0,0,1,1,1,1,0.0
continuous_immigration,sfams_style,1,226,0.5,8,0,8,1691,0,0,2,1,1,1,0.0
continuous_immigration,sfams_style,1,227,0.5,8,0,8,1694,0,0,4,2,3,2,0.0
continuous_immigration,sfams_style,1,228,0.5,8,0,8,1705,0,0,2,1,1,1,0.0
continuous_immigration,sfams_style,1,229,0.3333333333333333,8,0,8,1713,0,0,3,1,2,1,0.0
continuous_immigration,sfams_style,1,230,0.0,8,0,8,1723,0,0,1,0,0,0,0.0
continuous_immigration,sfams_style,1,231,0.0,8,0,8,1727,0,0,2,0,0,0,0.0
continuous_immigration,sfams_style,1,232,1.0,8,0,8,1735,0,0,1,1,2,1,0.0
continuous_immigration,sfams_style,1,233,0.5,8,0,8,1750,0,0,4,2,2,2,0.0
continuous_immigration,sfams_style,1,234,0.5,8,0,8,1758,0,0,2,1,1,1,0.0
continuous_immigration,sfams_style,1,235,0.5,8,0,8,1765,0,0,2,1,1,1,0.0
continuous_immigration,sfams_style,1,236,0.0,8,0,8,1770,0,0,1,0,0,0,0.0
continuous_immigration,sfams_style,1,237,1.0,8,0,8,1774,0,0,2,2,2,2,0.0
continuous_immigration,sfams_style,1,238,0.5,8,0,8,1780,0,0,2,1,1,1,0.0
continuous_immigration,sfams_style,1,239,1.0,8,0,8,1788,0,0,2,2,2,2,0.0
continuous_immigration,sfams_style,1,240,0.0,8,0,8,1795,0,0,2,0,0,0,0.0
continuous_immigration,sfams_style,1,241,1.0,8,0,8,1804,0,0,2,2,3,2,0.0
continuous_immigration,sfams_style,1,242,1.0,8,0,8,1808,0,0,1,1,1,1,0.0
continuous_immigration,sfams_style,1,243,0.6666666666666666,8,0,8,1810,0,0,3,2,2,2,0.0
continuous_immigration,sfams_style,1,244,0.0,8,0,8,1822,0,0,3,0,0,0,0.0
continuous_immigration,sfams_style,1,245,0.3333333333333333,8,0,8,1829,0,0,3,1,1,1,0.0
continuous_immigration,sfams_style,1,246,0.0,8,0,8,1835,0,0,1,0,0,0,0.0
continuous_immigration,sfams_style,1,247,1.0,8,0,8,1841,0,0,1,1,1,1,0.0
continuous_immigration,sfams_style,1,248,1.0,8,0,8,1848,0,0,2,2,2,2,0.0
continuous_immigration,sfams_style,1,249,0.0,8,0,8,1857,0,0,1,0,0,0,0.0
continuous_immigration,sfams_style,1,250,1.0,8,0,8,1867,0,0,2,2,4,2,0.0
continuous_immigration,sfams_style,1,251,0.6666666666666666,8,0,8,1877,0,0,3,2,3,2,0.0
continuous_immigration,sfams_style,1,252,0.5,8,0,8,1887,0,0,2,1,2,1,0.0
continuous_immigration,sfams_style,1,253,1.0,8,0,8,1898,0,0,2,2,3,2,0.0
continuous_immigration,sfams_style,1,254,0.75,8,0,8,1906,0,0,4,3,5,3,0.0
continuous_immigration,sfams_style,1,255,1.0,8,0,8,1909,0,0,3,3,3,3,0.0
continuous_immigration,sfams_style,1,256,0.5,8,0,8,1918,0,0,4,2,4,2,0.0
continuous_immigration,sfams_style,1,257,1.0,8,0,8,1926,0,0,1,1,1,1,0.0
continuous_immigration,sfams_style,1,258,0.5,8,0,8,1933,0,0,2,1,1,1,0.0
continuous_immigration,sfams_style,1,259,nan,8,0,8,1938,0,0,0,0,0,0,0.0
continuous_immigration,sfams_style,1,260,0.6666666666666666,8,0,8,1951,0,0,3,2,2,2,0.0
continuous_immigration,sfams_style,1,261,1.0,8,0,8,1956,0,0,4,4,4,4,0.0
continuous_immigration,sfams_style,1,262,1.0,8,0,8,1964,0,0,1,1,1,1,0.0
continuous_immigration,sfams_style,1,263,0.5,8,0,8,1972,0,0,2,1,1,1,0.0
continuous_immigration,sfams_style,1,264,nan,8,0,8,1982,0,0,0,0,0,0,0.0
continuous_immigration,sfams_style,1,265,0.5,8,0,8,1988,0,0,2,1,1,1,0.0
continuous_immigration,sfams_style,1,266,0.0,8,0,8,1992,0,0,1,0,0,0,0.0
continuous_immigration,sfams_style,1,267,nan,8,0,8,1999,0,0,0,0,0,0,0.0
continuous_immigration,sfams_style,1,268,0.0,8,0,8,2005,0,0,1,0,0,0,0.0
continuous_immigration,sfams_style,1,269,0.5,8,0,8,2015,0,0,2,1,1,1,0.0
continuous_immigration,sfams_style,1,270,1.0,8,0,8,2023,0,0,2,2,3,2,0.0
continuous_immigration,sfams_style,1,271,0.6666666666666666,8,0,8,2035,0,0,3,2,3,2,0.0
continuous_immigration,sfams_style,1,272,1.0,8,0,8,2046,0,0,1,1,1,1,0.0
continuous_immigration,sfams_style,1,273,0.5,8,0,8,2054,0,0,6,3,5,3,0.0
continuous_immigration,sfams_style,1,274,0.3333333333333333,8,0,8,2064,0,0,3,1,1,1,0.0
continuous_immigration,sfams_style,1,275,nan,8,0,8,2074,0,0,0,0,0,0,0.0
continuous_immigration,sfams_style,1,276,1.0,8,0,8,2083,0,0,1,1,2,1,0.0
continuous_immigration,sfams_style,1,277,nan,8,0,8,2090,0,0,0,0,0,0,0.0
continuous_immigration,sfams_style,1,278,0.5,8,0,8,2096,0,0,2,1,1,1,0.0
continuous_immigration,sfams_style,1,279,1.0,8,0,8,2105,0,0,1,1,1,1,0.0
continuous_immigration,sfams_style,1,280,1.0,8,0,8,2111,0,0,2,2,3,2,0.0
continuous_immigration,sfams_style,1,281,0.0,8,0,8,2112,0,0,1,0,0,0,0.0
continuous_immigration,sfams_style,1,282,1.0,8,0,8,2118,0,0,2,2,3,2,0.0
continuous_immigration,sfams_style,1,283,0.3333333333333333,8,0,8,2126,0,0,3,1,1,1,0.0
continuous_immigration,sfams_style,1,284,1.0,8,0,8,2136,0,0,4,4,4,4,0.0
continuous_immigration,sfams_style,1,285,0.5,8,0,8,2148,0,0,2,1,1,1,0.0
continuous_immigration,sfams_style,1,286,0.0,8,0,8,2162,0,0,1,0,0,0,0.0
continuous_immigration,sfams_style,1,287,0.25,8,0,8,2167,0,0,4,1,1,1,0.0
continuous_immigration,sfams_style,1,288,0.5,8,0,8,2169,0,0,4,2,2,2,0.0
continuous_immigration,sfams_style,1,289,0.8,8,0,8,2174,0,0,5,4,5,4,0.0
continuous_immigration,sfams_style,1,290,0.0,8,0,8,2187,0,0,1,0,0,0,0.0
continuous_immigration,sfams_style,1,291,0.4,8,0,8,2191,0,0,5,2,2,2,0.0
continuous_immigration,sfams_style,1,292,1.0,8,0,8,2201,0,0,3,3,4,3,0.0
continuous_immigration,sfams_style,1,293,0.25,8,0,8,2208,0,0,4,1,2,1,0.0
continuous_immigration,sfams_style,1,294,0.6666666666666666,8,0,8,2217,0,0,3,2,3,2,0.0
continuous_immigration,sfams_style,1,295,1.0,8,0,8,2222,0,0,3,3,4,3,0.0
continuous_immigration,sfams_style,1,296,1.0,8,0,8,2231,0,0,2,2,2,2,0.0
continuous_immigration,sfams_style,1,297,0.25,8,0,8,2239,0,0,4,1,1,1,0.0
continuous_immigration,sfams_style,1,298,1.0,8,0,8,2243,0,0,2,2,2,2,0.0
continuous_immigration,sfams_style,1,299,1.0,8,0,8,2247,0,0,1,1,1,1,0.0
continuous_immigration,sfams_style,1,300,1.0,8,0,8,2253,0,0,2,2,2,2,0.0
continuous_immigration,sfams_style,1,301,0.5,8,0,8,2265,0,0,2,1,1,1,0.0
continuous_immigration,sfams_style,1,302,nan,8,0,8,2269,0,0,0,0,0,0,0.0
continuous_immigration,sfams_style,1,303,0.0,8,0,8,2275,0,0,1,0,0,0,0.0
continuous_immigration,sfams_style,1,304,nan,8,0,8,2282,0,0,0,0,0,0,0.0
continuous_immigration,sfams_style,1,305,0.0,8,0,8,2294,0,0,1,0,0,0,0.0
continuous_immigration,sfams_style,1,306,0.3333333333333333,8,0,8,2300,0,0,3,1,1,1,0.0
continuous_immigration,sfams_style,1,307,0.4,8,0,8,2302,0,0,5,2,3,2,0.0
continuous_immigration,sfams_style,1,308,0.25,8,0,8,2307,0,0,4,1,1,1,0.0
continuous_immigration,sfams_style,1,309,nan,8,0,8,2313,0,0,0,0,0,0,0.0
continuous_immigration,sfams_style,1,310,nan,8,0,8,2321,0,0,0,0,0,0,0.0
continuous_immigration,sfams_style,1,311,1.0,8,0,8,2330,0,0,1,1,1,1,0.0
continuous_immigration,sfams_style,1,312,0.0,8,0,8,2335,0,0,2,0,0,0,0.0
continuous_immigration,sfams_style,1,313,0.6666666666666666,8,0,8,2344,0,0,3,2,2,2,0.0
continuous_immigration,sfams_style,1,314,0.6666666666666666,8,0,8,2352,0,0,3,2,2,2,0.0
continuous_immigration,sfams_style,1,315,1.0,8,0,8,2361,0,0,1,1,1,1,0.0
continuous_immigration,sfams_style,1,316,0.5,8,0,8,2372,0,0,2,1,1,1,0.0
continuous_immigration,sfams_style,1,317,1.0,8,0,8,2382,0,0,2,2,4,2,0.0
continuous_immigration,sfams_style,1,318,0.6666666666666666,8,0,8,2391,0,0,3,2,2,2,0.0
continuous_immigration,sfams_style,1,319,0.6666666666666666,8,0,8,2399,0,0,3,2,3,2,0.0
continuous_immigration,sfams_style,1,320,0.5,8,0,8,2410,0,0,2,1,2,1,0.0
continuous_immigration,sfams_style,1,321,0.5,8,0,8,2424,0,0,2,1,1,1,0.0
continuous_immigration,sfams_style,1,322,1.0,8,0,8,2430,0,0,1,1,1,1,0.0
continuous_immigration,sfams_style,1,323,1.0,8,0,8,2435,0,0,1,1,2,1,0.0
continuous_immigration,sfams_style,1,324,0.0,8,0,8,2439,0,0,2,0,0,0,0.0
continuous_immigration,sfams_style,1,325,0.0,8,0,8,2451,0,0,1,0,0,0,0.0
continuous_immigration,sfams_style,1,326,0.0,8,0,8,2454,0,0,1,0,0,0,0.0
continuous_immigration,sfams_style,1,327,0.6666666666666666,8,0,8,2461,0,0,3,2,4,2,0.0
continuous_immigration,sfams_style,1,328,0.0,8,0,8,2463,0,0,2,0,0,0,0.0
continuous_immigration,sfams_style,1,329,nan,8,0,8,2469,0,0,0,0,0,0,0.0
continuous_immigration,sfams_style,1,330,1.0,8,0,8,2475,0,0,3,3,5,3,0.0
continuous_immigration,sfams_style,1,331,1.0,8,0,8,2479,0,0,1,1,1,1,0.0
continuous_immigration,sfams_style,1,332,1.0,8,0,8,2490,0,0,1,1,2,1,0.0
continuous_immigration,sfams_style,1,333,0.6666666666666666,8,0,8,2497,0,0,3,2,2,2,0.0
continuous_immigration,sfams_style,1,334,1.0,8,0,8,2504,0,0,1,1,1,1,0.0
continuous_immigration,sfams_style,1,335,1.0,8,0,8,2511,0,0,1,1,2,1,0.0
continuous_immigration,sfams_style,1,336,0.6666666666666666,8,0,8,2519,0,0,3,2,4,2,0.0
continuous_immigration,sfams_style,1,337,0.5,8,0,8,2525,0,0,2,1,1,1,0.0
continuous_immigration,sfams_style,1,338,0.0,8,0,8,2531,0,0,1,0,0,0,0.0
continuous_immigration,sfams_style,1,339,1.0,8,0,8,2541,0,0,1,1,2,1,0.0
continuous_immigration,sfams_style,1,340,0.0,8,0,8,2552,0,0,1,0,0,0,0.0
continuous_immigration,sfams_style,1,341,1.0,8,0,8,2559,0,0,1,1,1,1,0.0
continuous_immigration,sfams_style,1,342,nan,8,0,8,2562,0,0,0,0,0,0,0.0
continuous_immigration,sfams_style,1,343,0.25,8,0,8,2568,0,0,4,1,1,1,0.0
continuous_immigration,sfams_style,1,344,0.5,8,0,8,2576,0,0,2,1,2,1,0.0
continuous_immigration,sfams_style,1,345,nan,8,0,8,2582,0,0,0,0,0,0,0.0
continuous_immigration,sfams_style,1,346,0.5,8,0,8,2588,0,0,6,3,3,3,0.0
continuous_immigration,sfams_style,1,347,1.0,8,0,8,2593,0,0,2,2,2,2,0.0
continuous_immigration,sfams_style,1,348,0.0,8,0,8,2598,0,0,1,0,0,0,0.0
continuous_immigration,sfams_style,1,349,0.0,8,0,8,2601,0,0,1,0,0,0,0.0
continuous_immigration,sfams_style,1,350,0.5,8,0,8,2606,0,0,4,2,2,2,0.0
continuous_immigration,sfams_style,1,351,0.5,8,0,8,2618,0,0,2,1,1,1,0.0
continuous_immigration,sfams_style,1,352,0.3333333333333333,8,0,8,2620,0,0,3,1,1,1,0.0
continuous_immigration,sfams_style,1,353,1.0,8,0,8,2623,0,0,2,2,3,2,0.0
continuous_immigration,sfams_style,1,354,1.0,8,0,8,2635,0,0,2,2,3,2,0.0
continuous_immigration,sfams_style,1,355,0.6666666666666666,8,0,8,2644,0,0,6,4,4,4,0.0
continuous_immigration,sfams_style,1,356,nan,8,0,8,2651,0,0,0,0,0,0,0.0
continuous_immigration,sfams_style,1,357,0.5,8,0,8,2653,0,0,2,1,2,1,0.0
continuous_immigration,sfams_style,1,358,0.6666666666666666,8,0,8,2664,0,0,3,2,4,2,0.0
continuous_immigration,sfams_style,1,359,0.0,8,0,8,2666,0,0,2,0,0,0,0.0
continuous_immigration,sfams_style,1,360,0.6666666666666666,8,0,8,2669,0,0,3,2,2,2,0.0
continuous_immigration,sfams_style,1,361,1.0,8,0,8,2676,0,0,3,3,3,3,0.0
continuous_immigration,sfams_style,1,362,nan,8,0,8,2681,0,0,0,0,0,0,0.0
continuous_immigration,sfams_style,1,363,0.6666666666666666,8,0,8,2685,0,0,3,2,2,2,0.0
continuous_immigration,sfams_style,1,364,0.3333333333333333,8,0,8,2692,0,0,3,1,1,1,0.0
continuous_immigration,sfams_style,1,365,0.5,8,0,8,2696,0,0,2,1,1,1,0.0
continuous_immigration,sfams_style,1,366,0.0,8,0,8,2705,0,0,1,0,0,0,0.0
continuous_immigration,sfams_style,1,367,nan,8,0,8,2711,0,0,0,0,0,0,0.0
continuous_immigration,sfams_style,1,368,nan,8,0,8,2719,0,0,0,0,0,0,0.0
continuous_immigration,sfams_style,1,369,1.0,8,0,8,2729,0,0,1,1,1,1,0.0
continuous_immigration,sfams_style,1,370,0.6666666666666666,8,0,8,2736,0,0,3,2,2,2,0.0
continuous_immigration,sfams_style,1,371,0.0,8,0,8,2739,0,0,1,0,0,0,0.0
continuous_immigration,sfams_style,1,372,1.0,8,0,8,2751,0,0,2,2,2,2,0.0
continuous_immigration,sfams_style,1,373,0.0,8,0,8,2759,0,0,1,0,0,0,0.0
continuous_immigration,sfams_style,1,374,0.5,8,0,8,2766,0,0,4,2,3,2,0.0
continuous_immigration,sfams_style,1,375,1.0,8,0,8,2776,0,0,2,2,3,2,0.0
continuous_immigration,sfams_style,1,376,1.0,8,0,8,2780,0,0,3,3,3,3,0.0
continuous_immigration,sfams_style,1,377,1.0,8,0,8,2790,0,0,2,2,3,2,0.0
continuous_immigration,sfams_style,1,378,0.5,8,0,8,2792,0,0,4,2,2,2,0.0
continuous_immigration,sfams_style,1,379,1.0,8,0,8,2799,0,0,2,2,3,2,0.0
continuous_immigration,sfams_style,1,380,nan,8,0,8,2807,0,0,0,0,0,0,0.0
continuous_immigration,sfams_style,1,381,0.3333333333333333,8,0,8,2814,0,0,3,1,1,1,0.0
continuous_immigration,sfams_style,1,382,0.5,8,0,8,2821,0,0,2,1,1,1,0.0
continuous_immigration,sfams_style,1,383,1.0,8,0,8,2831,0,0,3,3,3,3,0.0
continuous_immigration,sfams_style,1,384,1.0,8,0,8,2838,0,0,2,2,4,2,0.0
continuous_immigration,sfams_style,1,385,0.5,8,0,8,2843,0,0,2,1,1,1,0.0
continuous_immigration,sfams_style,1,386,1.0,8,0,8,2850,0,0,3,3,4,3,0.0
continuous_immigration,sfams_style,1,387,1.0,8,0,8,2858,0,0,1,1,1,1,0.0
continuous_immigration,sfams_style,1,388,1.0,8,0,8,2870,0,0,1,1,1,1,0.0
continuous_immigration,sfams_style,1,389,nan,8,0,8,2876,0,0,0,0,0,0,0.0
continuous_immigration,sfams_style,1,390,nan,8,0,8,2885,0,0,0,0,0,0,0.0
continuous_immigration,sfams_style,1,391,nan,8,0,8,2893,0,0,0,0,0,0,0.0
continuous_immigration,sfams_style,1,392,1.0,8,0,8,2905,0,0,1,1,1,1,0.0
continuous_immigration,sfams_style,1,393,nan,8,0,8,2916,0,0,0,0,0,0,0.0
continuous_immigration,sfams_style,1,394,0.5,8,0,8,2921,0,0,2,1,1,1,0.0
continuous_immigration,sfams_style,1,395,nan,8,0,8,2926,0,0,0,0,0,0,0.0
continuous_immigration,sfams_style,1,396,nan,8,0,8,2933,0,0,0,0,0,0,0.0
continuous_immigration,sfams_style,1,397,1.0,8,0,8,2941,0,0,2,2,3,2,0.0
continuous_immigration,sfams_style,1,398,0.0,8,0,8,2948,0,0,1,0,0,0,0.0
continuous_immigration,sfams_style,1,399,0.5,8,0,8,2954,0,0,2,1,2,1,0.0
continuous_immigration,sfams_style,2,0,nan,7,0,7,0,0,0,0,0,0,0,0.8571428571428571
continuous_immigration,sfams_style,2,1,0.0,8,0,8,7,0,0,2,0,0,0,0.875
continuous_immigration,sfams_style,2,2,nan,8,0,8,10,0,0,0,0,0,0,0.625
continuous_immigration,sfams_style,2,3,0.5,8,0,8,16,0,0,4,2,3,2,0.5
continuous_immigration,sfams_style,2,4,nan,8,0,8,28,0,0,0,0,0,0,0.5
continuous_immigration,sfams_style,2,5,nan,8,0,8,35,0,0,0,0,0,0,0.625
continuous_immigration,sfams_style,2,6,0.0,8,0,8,43,0,0,2,0,0,0,0.375
continuous_immigration,sfams_style,2,7,0.0,8,0,8,52,0,0,1,0,0,0,0.375
continuous_immigration,sfams_style,2,8,1.0,8,0,8,59,0,0,1,1,1,1,0.25
continuous_immigration,sfams_style,2,9,0.5,8,0,8,66,0,0,2,1,2,1,0.375
continuous_immigration,sfams_style,2,10,0.0,8,0,8,77,0,0,1,0,0,0,0.375
continuous_immigration,sfams_style,2,11,0.0,8,0,8,82,0,0,1,0,0,0,0.5
continuous_immigration,sfams_style,2,12,0.3333333333333333,8,0,8,90,0,0,3,1,2,1,0.375
continuous_immigration,sfams_style,2,13,0.0,8,0,8,92,0,0,2,0,0,0,0.25
continuous_immigration,sfams_style,2,14,0.5,8,0,8,98,0,0,2,1,1,1,0.0
continuous_immigration,sfams_style,2,15,nan,8,0,8,100,0,0,0,0,0,0,0.125
continuous_immigration,sfams_style,2,16,0.5,8,0,8,107,0,0,2,1,1,1,0.125
continuous_immigration,sfams_style,2,17,nan,8,0,8,118,0,0,0,0,0,0,0.125
continuous_immigration,sfams_style,2,18,0.0,8,0,8,123,0,0,2,0,0,0,0.125
continuous_immigration,sfams_style,2,19,0.0,8,0,8,132,0,0,2,0,0,0,0.25
continuous_immigration,sfams_style,2,20,0.5,8,0,8,143,0,0,2,1,1,1,0.5
continuous_immigration,sfams_style,2,21,0.2,8,0,8,148,0,0,5,1,1,1,0.375
continuous_immigration,sfams_style,2,22,0.0,8,0,8,154,0,0,1,0,0,0,0.25
continuous_immigration,sfams_style,2,23,0.0,8,0,8,166,0,0,1,0,0,0,0.375
continuous_immigration,sfams_style,2,24,0.5,8,0,8,175,0,0,2,1,1,1,0.375
continuous_immigration,sfams_style,2,25,0.6666666666666666,8,0,8,183,0,0,3,2,2,2,0.375
continuous_immigration,sfams_style,2,26,0.3333333333333333,8,0,8,188,0,0,3,1,1,1,0.375
continuous_immigration,sfams_style,2,27,0.6666666666666666,8,0,8,196,0,0,3,2,2,2,0.375
continuous_immigration,sfams_style,2,28,1.0,8,0,8,205,0,0,1,1,2,1,0.25
continuous_immigration,sfams_style,2,29,0.3333333333333333,8,0,8,209,0,0,3,1,1,1,0.25
continuous_immigration,sfams_style,2,30,0.0,8,0,8,218,0,0,1,0,1,0,0.125
continuous_immigration,sfams_style,2,31,0.5,8,0,8,230,0,0,2,1,2,1,0.125
continuous_immigration,sfams_style,2,32,nan,8,0,8,236,0,0,0,0,0,0,0.125
continuous_immigration,sfams_style,2,33,0.6666666666666666,8,0,8,244,0,0,3,2,3,2,0.125
continuous_immigration,sfams_style,2,34,0.5,8,0,8,249,0,0,2,1,1,1,0.125
continuous_immigration,sfams_style,2,35,0.0,8,0,8,259,0,0,5,0,0,0,0.125
continuous_immigration,sfams_style,2,36,1.0,8,0,8,266,0,0,1,1,1,1,0.125
continuous_immigration,sfams_style,2,37,1.0,8,0,8,273,0,0,1,1,1,1,0.125
continuous_immigration,sfams_style,2,38,1.0,8,0,8,283,0,0,1,1,2,1,0.125
continuous_immigration,sfams_style,2,39,1.0,8,0,8,289,0,0,1,1,1,1,0.125
continuous_immigration,sfams_style,2,40,1.0,8,0,8,296,0,0,1,1,1,1,0.125
continuous_immigration,sfams_style,2,41,0.0,8,0,8,303,0,0,1,0,0,0,0.125
continuous_immigration,sfams_style,2,42,0.5,8,0,8,309,0,0,2,1,1,1,0.125
continuous_immigration,sfams_style,2,43,0.25,8,0,8,312,0,0,4,1,2,1,0.125
continuous_immigration,sfams_style,2,44,0.6666666666666666,8,0,8,319,0,0,3,2,2,2,0.125
continuous_immigration,sfams_style,2,45,0.0,8,0,8,326,0,0,1,0,0,0,0.125
continuous_immigration,sfams_style,2,46,nan,8,0,8,333,0,0,0,0,0,0,0.125
continuous_immigration,sfams_style,2,47,0.3333333333333333,8,0,8,339,0,0,3,1,1,1,0.25
continuous_immigration,sfams_style,2,48,0.5,8,0,8,347,0,0,4,2,2,2,0.125
continuous_immigration,sfams_style,2,49,1.0,8,0,8,352,0,0,1,1,2,1,0.125
continuous_immigration,sfams_style,2,50,0.5,8,0,8,359,0,0,2,1,2,1,0.125
continuous_immigration,sfams_style,2,51,1.0,8,0,8,368,0,0,1,1,1,1,0.125
continuous_immigration,sfams_style,2,52,0.0,8,0,8,375,0,0,1,0,0,0,0.125
continuous_immigration,sfams_style,2,53,0.0,8,0,8,384,0,0,1,0,0,0,0.125
continuous_immigration,sfams_style,2,54,0.5,8,0,8,394,0,0,2,1,1,1,0.125
continuous_immigration,sfams_style,2,55,0.5,8,0,8,406,0,0,2,1,2,1,0.125
continuous_immigration,sfams_style,2,56,nan,8,0,8,416,0,0,0,0,0,0,0.125
continuous_immigration,sfams_style,2,57,1.0,8,0,8,423,0,0,2,2,4,2,0.125
continuous_immigration,sfams_style,2,58,0.3333333333333333,8,0,8,431,0,0,3,1,1,1,0.125
continuous_immigration,sfams_style,2,59,1.0,8,0,8,440,0,0,1,1,1,1,0.125
continuous_immigration,sfams_style,2,60,nan,8,0,8,445,0,0,0,0,0,0,0.125
continuous_immigration,sfams_style,2,61,0.3333333333333333,8,0,8,454,0,0,3,1,3,1,0.125
continuous_immigration,sfams_style,2,62,0.0,8,0,8,457,0,0,2,0,0,0,0.125
continuous_immigration,sfams_style,2,63,0.5,8,0,8,465,0,0,2,1,2,1,0.125
continuous_immigration,sfams_style,2,64,0.5,8,0,8,473,0,0,2,1,2,1,0.125
continuous_immigration,sfams_style,2,65,0.5,8,0,8,480,0,0,2,1,1,1,0.125
continuous_immigration,sfams_style,2,66,0.5,8,0,8,488,0,0,2,1,2,1,0.125
continuous_immigration,sfams_style,2,67,1.0,8,0,8,496,0,0,1,1,2,1,0.125
continuous_immigration,sfams_style,2,68,0.5,8,0,8,503,0,0,2,1,3,1,0.125
continuous_immigration,sfams_style,2,69,0.5,8,0,8,509,0,0,2,1,1,1,0.125
continuous_immigration,sfams_style,2,70,0.0,8,0,8,517,0,0,2,0,0,0,0.125
continuous_immigration,sfams_style,2,71,0.5,8,0,8,527,0,0,2,1,1,1,0.125
continuous_immigration,sfams_style,2,72,0.5,8,0,8,530,0,0,2,1,2,1,0.125
continuous_immigration,sfams_style,2,73,0.5,8,0,8,538,0,0,2,1,2,1,0.125
continuous_immigration,sfams_style,2,74,0.6666666666666666,8,0,8,545,0,0,3,2,4,2,0.125
continuous_immigration,sfams_style,2,75,0.5,8,0,8,550,0,0,2,1,1,1,0.125
continuous_immigration,sfams_style,2,76,0.75,8,0,8,555,0,0,4,3,4,3,0.125
continuous_immigration,sfams_style,2,77,0.75,8,0,8,564,0,0,4,3,4,3,0.125
continuous_immigration,sfams_style,2,78,0.5,8,0,8,573,0,0,4,2,2,2,0.125
continuous_immigration,sfams_style,2,79,1.0,8,0,8,579,0,0,3,3,4,3,0.125
continuous_immigration,sfams_style,2,80,0.6,8,0,8,587,0,0,5,3,4,3,0.125
continuous_immigration,sfams_style,2,81,0.0,8,0,8,592,0,0,3,0,1,0,0.125
continuous_immigration,sfams_style,2,82,0.5,8,0,8,599,0,0,4,2,2,2,0.125
continuous_immigration,sfams_style,2,83,nan,8,0,8,613,0,0,0,0,0,0,0.125
continuous_immigration,sfams_style,2,84,1.0,8,0,8,624,0,0,2,2,2,2,0.125
continuous_immigration,sfams_style,2,85,nan,8,0,8,638,0,0,0,0,0,0,0.125
continuous_immigration,sfams_style,2,86,0.0,8,0,8,646,0,0,1,0,0,0,0.125
continuous_immigration,sfams_style,2,87,0.0,8,0,8,654,0,0,2,0,0,0,0.125
continuous_immigration,sfams_style,2,88,1.0,8,0,8,659,0,0,1,1,1,1,0.125
continuous_immigration,sfams_style,2,89,0.3333333333333333,8,0,8,667,0,0,3,1,2,1,0.125
continuous_immigration,sfams_style,2,90,0.6666666666666666,8,0,8,669,0,0,3,2,2,2,0.125
continuous_immigration,sfams_style,2,91,0.3333333333333333,8,0,8,676,0,0,3,1,1,1,0.125
continuous_immigration,sfams_style,2,92,0.5,8,0,8,686,0,0,2,1,1,1,0.125
continuous_immigration,sfams_style,2,93,0.6666666666666666,8,0,8,700,0,0,3,2,3,2,0.125
continuous_immigration,sfams_style,2,94,nan,8,0,8,709,0,0,0,0,0,0,0.125
continuous_immigration,sfams_style,2,95,1.0,8,0,8,711,0,0,1,1,2,1,0.125
continuous_immigration,sfams_style,2,96,0.0,8,0,8,719,0,0,1,0,0,0,0.125
continuous_immigration,sfams_style,2,97,0.0,8,0,8,720,0,0,2,0,0,0,0.125
continuous_immigration,sfams_style,2,98,1.0,8,0,8,726,0,0,1,1,1,1,0.125
continuous_immigration,sfams_style,2,99,0.5,8,0,8,731,0,0,2,1,1,1,0.125
continuous_immigration,sfams_style,2,100,nan,8,0,8,738,0,0,0,0,0,0,0.125
continuous_immigration,sfams_style,2,101,0.5,8,0,8,752,0,0,4,2,2,2,0.125
continuous_immigration,sfams_style,2,102,1.0,8,0,8,760,0,0,2,2,3,2,0.125
continuous_immigration,sfams_style,2,103,1.0,8,0,8,763,0,0,3,3,4,3,0.125
continuous_immigration,sfams_style,2,104,0.6666666666666666,8,0,8,772,0,0,3,2,2,2,0.125
continuous_immigration,sfams_style,2,105,0.3333333333333333,8,0,8,779,0,0,3,1,1,1,0.125
continuous_immigration,sfams_style,2,106,1.0,8,0,8,783,0,0,1,1,2,1,0.125
continuous_immigration,sfams_style,2,107,1.0,8,0,8,790,0,0,1,1,2,1,0.125
continuous_immigration,sfams_style,2,108,1.0,8,0,8,793,0,0,2,2,2,2,0.125
continuous_immigration,sfams_style,2,109,0.6666666666666666,8,0,8,802,0,0,3,2,3,2,0.125
continuous_immigration,sfams_style,2,110,0.6666666666666666,8,0,8,807,0,0,3,2,3,2,0.125
continuous_immigration,sfams_style,2,111,0.4,8,0,8,811,0,0,5,2,3,2,0.125
continuous_immigration,sfams_style,2,112,0.5,8,0,8,820,0,0,4,2,2,2,0.125
continuous_immigration,sfams_style,2,113,1.0,8,0,8,826,0,0,2,2,2,2,0.125
continuous_immigration,sfams_style,2,114,0.5,8,0,8,836,0,0,2,1,1,1,0.125
continuous_immigration,sfams_style,2,115,1.0,8,0,8,839,0,0,2,2,2,2,0.125
continuous_immigration,sfams_style,2,116,nan,8,0,8,846,0,0,0,0,0,0,0.125
continuous_immigration,sfams_style,2,117,0.0,8,0,8,856,0,0,2,0,0,0,0.125
continuous_immigration,sfams_style,2,118,0.6666666666666666,8,0,8,861,0,0,3,2,3,2,0.125
continuous_immigration,sfams_style,2,119,1.0,8,0,8,871,0,0,1,1,1,1,0.125
continuous_immigration,sfams_style,2,120,1.0,8,0,8,878,0,0,1,1,1,1,0.125
continuous_immigration,sfams_style,2,121,0.5,8,0,8,887,0,0,2,1,1,1,0.125
continuous_immigration,sfams_style,2,122,1.0,8,0,8,892,0,0,1,1,3,1,0.125
continuous_immigration,sfams_style,2,123,nan,8,0,8,899,0,0,0,0,0,0,0.125
continuous_immigration,sfams_style,2,124,0.3333333333333333,8,0,8,905,0,0,3,1,2,1,0.125
continuous_immigration,sfams_style,2,125,1.0,8,0,8,911,0,0,2,2,2,2,0.125
continuous_immigration,sfams_style,2,126,1.0,8,0,8,917,0,0,1,1,1,1,0.125
continuous_immigration,sfams_style,2,127,1.0,8,0,8,921,0,0,2,2,4,2,0.125
continuous_immigration,sfams_style,2,128,1.0,8,0,8,930,0,0,1,1,2,1,0.125
continuous_immigration,sfams_style,2,129,0.3333333333333333,8,0,8,936,0,0,3,1,1,1,0.125
continuous_immigration,sfams_style,2,130,0.6666666666666666,8,0,8,943,0,0,3,2,3,2,0.125
continuous_immigration,sfams_style,2,131,0.6666666666666666,8,0,8,951,0,0,3,2,2,2,0.125
continuous_immigration,sfams_style,2,132,nan,8,0,8,958,0,0,0,0,0,0,0.125
continuous_immigration,sfams_style,2,133,0.6666666666666666,8,0,8,964,0,0,3,2,4,2,0.125
continuous_immigration,sfams_style,2,134,0.5,8,0,8,972,0,0,2,1,1,1,0.125
continuous_immigration,sfams_style,2,135,0.5,8,0,8,984,0,0,2,1,2,1,0.125
continuous_immigration,sfams_style,2,136,0.7142857142857143,8,0,8,989,0,0,7,5,6,5,0.125
continuous_immigration,sfams_style,2,137,0.6666666666666666,8,0,8,996,0,0,3,2,3,2,0.125
continuous_immigration,sfams_style,2,138,0.3333333333333333,8,0,8,1004,0,0,3,1,2,1,0.125
continuous_immigration,sfams_style,2,139,0.5,8,0,8,1013,0,0,2,1,1,1,0.125
continuous_immigration,sfams_style,2,140,1.0,8,0,8,1018,0,0,1,1,1,1,0.125
continuous_immigration,sfams_style,2,141,nan,8,0,8,1028,0,0,0,0,0,0,0.125
continuous_immigration,sfams_style,2,142,0.0,8,0,8,1040,0,0,2,0,0,0,0.125
continuous_immigration,sfams_style,2,143,0.5,8,0,8,1048,0,0,4,2,2,2,0.125
continuous_immigration,sfams_style,2,144,0.75,8,0,8,1059,0,0,4,3,5,3,0.125
continuous_immigration,sfams_style,2,145,0.0,8,0,8,1069,0,0,1,0,0,0,0.125
continuous_immigration,sfams_style,2,146,nan,8,0,8,1075,0,0,0,0,0,0,0.125
continuous_immigration,sfams_style,2,147,1.0,8,0,8,1082,0,0,1,1,2,1,0.125
continuous_immigration,sfams_style,2,148,1.0,8,0,8,1092,0,0,2,2,3,2,0.125
continuous_immigration,sfams_style,2,149,nan,8,0,8,1103,0,0,0,0,0,0,0.125
continuous_immigration,sfams_style,2,150,1.0,8,0,8,1116,0,0,1,1,2,1,0.125
continuous_immigration,sfams_style,2,151,0.3333333333333333,8,0,8,1124,0,0,3,1,2,1,0.125
continuous_immigration,sfams_style,2,152,0.5,8,0,8,1133,0,0,4,2,5,2,0.125
continuous_immigration,sfams_style,2,153,0.0,8,0,8,1139,0,0,1,0,0,0,0.125
continuous_immigration,sfams_style,2,154,0.0,8,0,8,1146,0,0,1,0,0,0,0.125
continuous_immigration,sfams_style,2,155,1.0,8,0,8,1152,0,0,1,1,1,1,0.125
continuous_immigration,sfams_style,2,156,nan,8,0,8,1157,0,0,0,0,0,0,0.125
continuous_immigration,sfams_style,2,157,0.0,8,0,8,1168,0,0,3,0,0,0,0.125
continuous_immigration,sfams_style,2,158,0.0,8,0,8,1177,0,0,1,0,0,0,0.125
continuous_immigration,sfams_style,2,159,0.0,8,0,8,1185,0,0,3,0,1,0,0.125
continuous_immigration,sfams_style,2,160,0.0,8,0,8,1194,0,0,1,0,0,0,0.125
continuous_immigration,sfams_style,2,161,0.5,8,0,8,1205,0,0,2,1,3,1,0.125
continuous_immigration,sfams_style,2,162,0.5,8,0,8,1219,0,0,2,1,1,1,0.125
continuous_immigration,sfams_style,2,163,1.0,8,0,8,1225,0,0,2,2,2,2,0.125
continuous_immigration,sfams_style,2,164,1.0,8,0,8,1231,0,0,2,2,2,2,0.125
continuous_immigration,sfams_style,2,165,1.0,8,0,8,1240,0,0,1,1,1,1,0.125
continuous_immigration,sfams_style,2,166,0.75,8,0,8,1253,0,0,4,3,5,3,0.125
continuous_immigration,sfams_style,2,167,nan,8,0,8,1256,0,0,0,0,0,0,0.125
continuous_immigration,sfams_style,2,168,0.5,8,0,8,1266,0,0,2,1,2,1,0.125
continuous_immigration,sfams_style,2,169,nan,8,0,8,1274,0,0,0,0,0,0,0.125
continuous_immigration,sfams_style,2,170,0.0,8,0,8,1289,0,0,2,0,0,0,0.125
continuous_immigration,sfams_style,2,171,0.3333333333333333,8,0,8,1294,0,0,3,1,1,1,0.125
continuous_immigration,sfams_style,2,172,1.0,8,0,8,1301,0,0,2,2,3,2,0.125
continuous_immigration,sfams_style,2,173,nan,8,0,8,1308,0,0,0,0,0,0,0.125
continuous_immigration,sfams_style,2,174,0.0,8,0,8,1311,0,0,1,0,1,0,0.125
continuous_immigration,sfams_style,2,175,1.0,8,0,8,1315,0,0,1,1,2,1,0.125
continuous_immigration,sfams_style,2,176,0.42857142857142855,8,0,8,1323,0,0,7,3,3,3,0.125
continuous_immigration,sfams_style,2,177,0.5,8,0,8,1328,0,0,2,1,1,1,0.125
continuous_immigration,sfams_style,2,178,0.75,8,0,8,1337,0,0,4,3,3,3,0.125
continuous_immigration,sfams_style,2,179,1.0,8,0,8,1344,0,0,3,3,3,3,0.125
continuous_immigration,sfams_style,2,180,1.0,8,0,8,1351,0,0,3,3,4,3,0.125
continuous_immigration,sfams_style,2,181,0.6666666666666666,8,0,8,1358,0,0,3,2,2,2,0.125
continuous_immigration,sfams_style,2,182,0.75,8,0,8,1363,0,0,4,3,3,3,0.125
continuous_immigration,sfams_style,2,183,0.5,8,0,8,1369,0,0,2,1,2,1,0.125
continuous_immigration,sfams_style,2,184,1.0,8,0,8,1378,0,0,3,3,4,3,0.125
continuous_immigration,sfams_style,2,185,1.0,8,0,8,1390,0,0,1,1,2,1,0.125
continuous_immigration,sfams_style,2,186,0.5,8,0,8,1395,0,0,2,1,1,1,0.125
continuous_immigration,sfams_style,2,187,0.5,8,0,8,1401,0,0,2,1,2,1,0.125
continuous_immigration,sfams_style,2,188,0.0,8,0,8,1405,0,0,1,0,0,0,0.125
continuous_immigration,sfams_style,2,189,0.6666666666666666,8,0,8,1411,0,0,3,2,2,2,0.125
continuous_immigration,sfams_style,2,190,0.3333333333333333,8,0,8,1419,0,0,3,1,3,1,0.125
continuous_immigration,sfams_style,2,191,nan,8,0,8,1423,0,0,0,0,0,0,0.125
continuous_immigration,sfams_style,2,192,0.5,8,0,8,1429,0,0,4,2,4,2,0.125
continuous_immigration,sfams_style,2,193,0.0,8,0,8,1438,0,0,3,0,0,0,0.125
continuous_immigration,sfams_style,2,194,0.5,8,0,8,1446,0,0,6,3,5,3,0.125
continuous_immigration,sfams_style,2,195,1.0,8,0,8,1454,0,0,1,1,1,1,0.125
continuous_immigration,sfams_style,2,196,1.0,8,0,8,1463,0,0,1,1,1,1,0.125
continuous_immigration,sfams_style,2,197,0.6666666666666666,8,0,8,1470,0,0,3,2,3,2,0.125
continuous_immigration,sfams_style,2,198,1.0,8,0,8,1478,0,0,2,2,3,2,0.125
continuous_immigration,sfams_style,2,199,1.0,8,0,8,1487,0,0,1,1,2,1,0.125
continuous_immigration,sfams_style,2,200,nan,8,0,8,1492,0,0,0,0,0,0,0.125
continuous_immigration,sfams_style,2,201,nan,8,0,8,1501,0,0,0,0,0,0,0.125
continuous_immigration,sfams_style,2,202,0.5,8,0,8,1511,0,0,4,2,2,2,0.125
continuous_immigration,sfams_style,2,203,0.0,8,0,8,1515,0,0,1,0,0,0,0.125
continuous_immigration,sfams_style,2,204,0.5,8,0,8,1528,0,0,2,1,1,1,0.125
continuous_immigration,sfams_style,2,205,1.0,8,0,8,1536,0,0,2,2,2,2,0.125
continuous_immigration,sfams_style,2,206,1.0,8,0,8,1543,0,0,2,2,3,2,0.125
continuous_immigration,sfams_style,2,207,0.0,8,0,8,1548,0,0,1,0,0,0,0.125
continuous_immigration,sfams_style,2,208,1.0,8,0,8,1554,0,0,1,1,1,1,0.125
continuous_immigration,sfams_style,2,209,0.0,8,0,8,1560,0,0,2,0,0,0,0.125
continuous_immigration,sfams_style,2,210,nan,8,0,8,1567,0,0,0,0,0,0,0.125
continuous_immigration,sfams_style,2,211,0.5,8,0,8,1572,0,0,2,1,1,1,0.125
continuous_immigration,sfams_style,2,212,0.5,8,0,8,1591,0,0,2,1,1,1,0.125
continuous_immigration,sfams_style,2,213,0.5,8,0,8,1604,0,0,4,2,3,2,0.125
continuous_immigration,sfams_style,2,214,1.0,8,0,8,1611,0,0,1,1,1,1,0.125
continuous_immigration,sfams_style,2,215,nan,8,0,8,1618,0,0,0,0,0,0,0.125
continuous_immigration,sfams_style,2,216,0.5,8,0,8,1623,0,0,2,1,2,1,0.125
continuous_immigration,sfams_style,2,217,1.0,8,0,8,1630,0,0,1,1,1,1,0.125
continuous_immigration,sfams_style,2,218,0.5,8,0,8,1640,0,0,2,1,1,1,0.125
continuous_immigration,sfams_style,2,219,0.5,8,0,8,1649,0,0,2,1,1,1,0.125
continuous_immigration,sfams_style,2,220,0.0,8,0,8,1657,0,0,2,0,0,0,0.125
continuous_immigration,sfams_style,2,221,0.5,8,0,8,1665,0,0,2,1,3,1,0.125
continuous_immigration,sfams_style,2,222,0.0,8,0,8,1672,0,0,1,0,0,0,0.125
continuous_immigration,sfams_style,2,223,0.5,8,0,8,1677,0,0,2,1,1,1,0.125
continuous_immigration,sfams_style,2,224,0.75,8,0,8,1681,0,0,4,3,3,3,0.125
continuous_immigration,sfams_style,2,225,0.6666666666666666,8,0,8,1683,0,0,3,2,3,2,0.125
continuous_immigration,sfams_style,2,226,0.3333333333333333,8,0,8,1689,0,0,3,1,2,1,0.125
continuous_immigration,sfams_style,2,227,nan,8,0,8,1695,0,0,0,0,0,0,0.125
continuous_immigration,sfams_style,2,228,nan,8,0,8,1707,0,0,0,0,0,0,0.125
continuous_immigration,sfams_style,2,229,0.0,8,0,8,1713,0,0,1,0,0,0,0.125
continuous_immigration,sfams_style,2,230,1.0,8,0,8,1724,0,0,1,1,1,1,0.125
continuous_immigration,sfams_style,2,231,0.3333333333333333,8,0,8,1735,0,0,3,1,1,1,0.125
continuous_immigration,sfams_style,2,232,nan,8,0,8,1744,0,0,0,0,0,0,0.125
continuous_immigration,sfams_style,2,233,0.5,8,0,8,1753,0,0,4,2,2,2,0.125
continuous_immigration,sfams_style,2,234,0.0,8,0,8,1759,0,0,1,0,0,0,0.125
continuous_immigration,sfams_style,2,235,0.6666666666666666,8,0,8,1768,0,0,3,2,2,2,0.125
continuous_immigration,sfams_style,2,236,0.5,8,0,8,1774,0,0,4,2,3,2,0.125
continuous_immigration,sfams_style,2,237,0.5,8,0,8,1782,0,0,2,1,1,1,0.125
continuous_immigration,sfams_style,2,238,0.3333333333333333,8,0,8,1787,0,0,3,1,1,1,0.125
continuous_immigration,sfams_style,2,239,0.6666666666666666,8,0,8,1791,0,0,3,2,2,2,0.125
continuous_immigration,sfams_style,2,240,0.6666666666666666,8,0,8,1801,0,0,3,2,3,2,0.125
continuous_immigration,sfams_style,2,241,0.5,8,0,8,1806,0,0,2,1,1,1,0.125
continuous_immigration,sfams_style,2,242,1.0,8,0,8,1810,0,0,1,1,3,1,0.125
continuous_immigration,sfams_style,2,243,0.3333333333333333,8,0,8,1813,0,0,3,1,2,1,0.125
continuous_immigration,sfams_style,2,244,0.0,8,0,8,1821,0,0,2,0,0,0,0.125
continuous_immigration,sfams_style,2,245,0.0,8,0,8,1833,0,0,2,0,0,0,0.125
continuous_immigration,sfams_style,2,246,0.75,8,0,8,1841,0,0,4,3,4,3,0.125
continuous_immigration,sfams_style,2,247,1.0,8,0,8,1851,0,0,1,1,2,1,0.125
continuous_immigration,sfams_style,2,248,0.6666666666666666,8,0,8,1858,0,0,3,2,3,2,0.125
continuous_immigration,sfams_style,2,249,0.6666666666666666,8,0,8,1864,0,0,3,2,4,2,0.125
continuous_immigration,sfams_style,2,250,0.5,8,0,8,1870,0,0,2,1,3,1,0.125
continuous_immigration,sfams_style,2,251,0.5,8,0,8,1882,0,0,2,1,2,1,0.125
continuous_immigration,sfams_style,2,252,0.0,8,0,8,1891,0,0,2,0,0,0,0.125
continuous_immigration,sfams_style,2,253,0.75,8,0,8,1901,0,0,4,3,5,3,0.125
continuous_immigration,sfams_style,2,254,nan,8,0,8,1910,0,0,0,0,0,0,0.125
continuous_immigration,sfams_style,2,255,0.0,8,0,8,1919,0,0,2,0,0,0,0.125
continuous_immigration,sfams_style,2,256,1.0,8,0,8,1926,0,0,2,2,3,2,0.125
continuous_immigration,sfams_style,2,257,1.0,8,0,8,1932,0,0,1,1,1,1,0.125
continuous_immigration,sfams_style,2,258,1.0,8,0,8,1942,0,0,2,2,3,2,0.125
continuous_immigration,sfams_style,2,259,0.6666666666666666,8,0,8,1951,0,0,3,2,3,2,0.125
continuous_immigration,sfams_style,2,260,0.5,8,0,8,1961,0,0,2,1,2,1,0.125
continuous_immigration,sfams_style,2,261,nan,8,0,8,1968,0,0,0,0,0,0,0.125
continuous_immigration,sfams_style,2,262,0.6666666666666666,8,0,8,1979,0,0,3,2,2,2,0.125
continuous_immigration,sfams_style,2,263,0.5,8,0,8,1986,0,0,2,1,1,1,0.125
continuous_immigration,sfams_style,2,264,1.0,8,0,8,1989,0,0,1,1,2,1,0.125
continuous_immigration,sfams_style,2,265,0.0,8,0,8,1996,0,0,2,0,0,0,0.125
continuous_immigration,sfams_style,2,266,1.0,8,0,8,2004,0,0,3,3,5,3,0.125
continuous_immigration,sfams_style,2,267,nan,8,0,8,2017,0,0,0,0,0,0,0.125
continuous_immigration,sfams_style,2,268,0.5,8,0,8,2022,0,0,2,1,1,1,0.125
continuous_immigration,sfams_style,2,269,0.5,8,0,8,2028,0,0,2,1,3,1,0.125
continuous_immigration,sfams_style,2,270,1.0,8,0,8,2039,0,0,2,2,3,2,0.125
continuous_immigration,sfams_style,2,271,0.0,8,0,8,2047,0,0,1,0,0,0,0.125
continuous_immigration,sfams_style,2,272,0.0,8,0,8,2049,0,0,1,0,0,0,0.125
continuous_immigration,sfams_style,2,273,0.5,8,0,8,2054,0,0,2,1,1,1,0.125
continuous_immigration,sfams_style,2,274,0.5,8,0,8,2060,0,0,2,1,2,1,0.125
continuous_immigration,sfams_style,2,275,0.5,8,0,8,2068,0,0,2,1,1,1,0.125
continuous_immigration,sfams_style,2,276,0.4,8,0,8,2074,0,0,5,2,3,2,0.125
continuous_immigration,sfams_style,2,277,0.6,8,0,8,2076,0,0,5,3,4,3,0.125
continuous_immigration,sfams_style,2,278,0.0,8,0,8,2082,0,0,1,0,1,0,0.125
continuous_immigration,sfams_style,2,279,0.5,8,0,8,2088,0,0,4,2,3,2,0.125
continuous_immigration,sfams_style,2,280,0.5,8,0,8,2097,0,0,4,2,2,2,0.125
continuous_immigration,sfams_style,2,281,0.6666666666666666,8,0,8,2105,0,0,3,2,3,2,0.125
continuous_immigration,sfams_style,2,282,1.0,8,0,8,2111,0,0,1,1,1,1,0.125
continuous_immigration,sfams_style,2,283,1.0,8,0,8,2121,0,0,2,2,3,2,0.125
continuous_immigration,sfams_style,2,284,0.75,8,0,8,2130,0,0,4,3,3,3,0.125
continuous_immigration,sfams_style,2,285,1.0,8,0,8,2137,0,0,1,1,1,1,0.125
continuous_immigration,sfams_style,2,286,0.0,8,0,8,2147,0,0,1,0,0,0,0.125
continuous_immigration,sfams_style,2,287,1.0,8,0,8,2160,0,0,1,1,2,1,0.125
continuous_immigration,sfams_style,2,288,1.0,8,0,8,2172,0,0,2,2,3,2,0.125
continuous_immigration,sfams_style,2,289,0.6666666666666666,8,0,8,2179,0,0,3,2,2,2,0.125
continuous_immigration,sfams_style,2,290,0.3333333333333333,8,0,8,2183,0,0,3,1,2,1,0.125
continuous_immigration,sfams_style,2,291,nan,8,0,8,2196,0,0,0,0,0,0,0.125
continuous_immigration,sfams_style,2,292,1.0,8,0,8,2200,0,0,1,1,1,1,0.125
continuous_immigration,sfams_style,2,293,0.25,8,0,8,2209,0,0,4,1,2,1,0.125
continuous_immigration,sfams_style,2,294,nan,8,0,8,2217,0,0,0,0,0,0,0.125
continuous_immigration,sfams_style,2,295,0.6666666666666666,8,0,8,2221,0,0,3,2,3,2,0.125
continuous_immigration,sfams_style,2,296,1.0,8,0,8,2227,0,0,1,1,2,1,0.125
continuous_immigration,sfams_style,2,297,0.0,8,0,8,2237,0,0,2,0,1,0,0.125
continuous_immigration,sfams_style,2,298,0.0,8,0,8,2248,0,0,1,0,0,0,0.125
continuous_immigration,sfams_style,2,299,1.0,8,0,8,2256,0,0,1,1,1,1,0.125
continuous_immigration,sfams_style,2,300,nan,8,0,8,2269,0,0,0,0,0,0,0.125
continuous_immigration,sfams_style,2,301,1.0,8,0,8,2280,0,0,3,3,6,3,0.125
continuous_immigration,sfams_style,2,302,0.5,8,0,8,2287,0,0,4,2,3,2,0.125
continuous_immigration,sfams_style,2,303,1.0,8,0,8,2294,0,0,2,2,2,2,0.125
continuous_immigration,sfams_style,2,304,1.0,8,0,8,2301,0,0,2,2,5,2,0.125
continuous_immigration,sfams_style,2,305,0.5,8,0,8,2308,0,0,2,1,1,1,0.125
continuous_immigration,sfams_style,2,306,0.6,8,0,8,2312,0,0,5,3,3,3,0.125
continuous_immigration,sfams_style,2,307,0.0,8,0,8,2320,0,0,1,0,0,0,0.125
continuous_immigration,sfams_style,2,308,0.0,8,0,8,2327,0,0,1,0,0,0,0.125
continuous_immigration,sfams_style,2,309,1.0,8,0,8,2336,0,0,1,1,2,1,0.125
continuous_immigration,sfams_style,2,310,nan,8,0,8,2341,0,0,0,0,0,0,0.125
continuous_immigration,sfams_style,2,311,0.4,8,0,8,2344,0,0,5,2,3,2,0.125
continuous_immigration,sfams_style,2,312,0.5,8,0,8,2352,0,0,2,1,3,1,0.125
continuous_immigration,sfams_style,2,313,0.4,8,0,8,2363,0,0,5,2,6,2,0.125
continuous_immigration,sfams_style,2,314,0.5,8,0,8,2369,0,0,2,1,2,1,0.125
continuous_immigration,sfams_style,2,315,1.0,8,0,8,2376,0,0,2,2,3,2,0.125
continuous_immigration,sfams_style,2,316,1.0,8,0,8,2384,0,0,1,1,2,1,0.125
continuous_immigration,sfams_style,2,317,nan,8,0,8,2390,0,0,0,0,0,0,0.125
continuous_immigration,sfams_style,2,318,0.25,8,0,8,2398,0,0,4,1,3,1,0.125
continuous_immigration,sfams_style,2,319,0.0,8,0,8,2405,0,0,1,0,0,0,0.125
continuous_immigration,sfams_style,2,320,0.0,8,0,8,2413,0,0,1,0,0,0,0.125
continuous_immigration,sfams_style,2,321,0.3333333333333333,8,0,8,2419,0,0,3,1,2,1,0.125
continuous_immigration,sfams_style,2,322,1.0,8,0,8,2432,0,0,2,2,2,2,0.125
continuous_immigration,sfams_style,2,323,0.5714285714285714,8,0,8,2436,0,0,7,4,7,4,0.125
continuous_immigration,sfams_style,2,324,0.0,8,0,8,2449,0,0,1,0,0,0,0.125
continuous_immigration,sfams_style,2,325,0.5,8,0,8,2460,0,0,2,1,2,1,0.125
continuous_immigration,sfams_style,2,326,0.0,8,0,8,2469,0,0,1,0,1,0,0.125
continuous_immigration,sfams_style,2,327,0.25,8,0,8,2471,0,0,4,1,2,1,0.125
continuous_immigration,sfams_style,2,328,0.0,8,0,8,2476,0,0,3,0,0,0,0.125
continuous_immigration,sfams_style,2,329,0.4,8,0,8,2483,0,0,5,2,3,2,0.125
continuous_immigration,sfams_style,2,330,0.0,8,0,8,2491,0,0,1,0,0,0,0.125
continuous_immigration,sfams_style,2,331,1.0,8,0,8,2498,0,0,1,1,1,1,0.125
continuous_immigration,sfams_style,2,332,nan,8,0,8,2507,0,0,0,0,0,0,0.125
continuous_immigration,sfams_style,2,333,0.0,8,0,8,2514,0,0,1,0,1,0,0.125
continuous_immigration,sfams_style,2,334,0.5,8,0,8,2524,0,0,2,1,2,1,0.125
continuous_immigration,sfams_style,2,335,0.5,8,0,8,2529,0,0,2,1,2,1,0.125
continuous_immigration,sfams_style,2,336,1.0,8,0,8,2536,0,0,1,1,2,1,0.125
continuous_immigration,sfams_style,2,337,0.4,8,0,8,2545,0,0,5,2,3,2,0.125
continuous_immigration,sfams_style,2,338,0.5,8,0,8,2552,0,0,2,1,2,1,0.125
continuous_immigration,sfams_style,2,339,0.6666666666666666,8,0,8,2564,0,0,3,2,3,2,0.125
continuous_immigration,sfams_style,2,340,0.8,8,0,8,2568,0,0,5,4,5,4,0.125
continuous_immigration,sfams_style,2,341,1.0,8,0,8,2579,0,0,1,1,1,1,0.125
continuous_immigration,sfams_style,2,342,nan,8,0,8,2585,0,0,0,0,0,0,0.125
continuous_immigration,sfams_style,2,343,0.8,8,0,8,2591,0,0,5,4,6,4,0.125
continuous_immigration,sfams_style,2,344,0.3333333333333333,8,0,8,2602,0,0,3,1,1,1,0.125
continuous_immigration,sfams_style,2,345,0.4,8,0,8,2609,0,0,5,2,3,2,0.125
continuous_immigration,sfams_style,2,346,0.0,8,0,8,2619,0,0,2,0,0,0,0.125
continuous_immigration,sfams_style,2,347,0.6666666666666666,8,0,8,2623,0,0,3,2,2,2,0.125
continuous_immigration,sfams_style,2,348,1.0,8,0,8,2630,0,0,2,2,2,2,0.125
continuous_immigration,sfams_style,2,349,0.6666666666666666,8,0,8,2637,0,0,3,2,2,2,0.125
continuous_immigration,sfams_style,2,350,0.5,8,0,8,2643,0,0,2,1,3,1,0.125
continuous_immigration,sfams_style,2,351,1.0,8,0,8,2653,0,0,1,1,1,1,0.125
continuous_immigration,sfams_style,2,352,0.5,8,0,8,2655,0,0,2,1,1,1,0.125
continuous_immigration,sfams_style,2,353,0.5,8,0,8,2667,0,0,2,1,1,1,0.125
continuous_immigration,sfams_style,2,354,nan,8,0,8,2672,0,0,0,0,0,0,0.125
continuous_immigration,sfams_style,2,355,0.4,8,0,8,2678,0,0,5,2,4,2,0.125
continuous_immigration,sfams_style,2,356,0.5,8,0,8,2684,0,0,2,1,2,1,0.125
continuous_immigration,sfams_style,2,357,0.0,8,0,8,2690,0,0,2,0,0,0,0.125
continuous_immigration,sfams_style,2,358,nan,8,0,8,2700,0,0,0,0,0,0,0.125
continuous_immigration,sfams_style,2,359,0.5,8,0,8,2706,0,0,4,2,3,2,0.125
continuous_immigration,sfams_style,2,360,0.25,8,0,8,2711,0,0,4,1,1,1,0.125
continuous_immigration,sfams_style,2,361,0.5,8,0,8,2719,0,0,2,1,4,1,0.125
continuous_immigration,sfams_style,2,362,0.6,8,0,8,2725,0,0,5,3,3,3,0.125
continuous_immigration,sfams_style,2,363,0.3333333333333333,8,0,8,2730,0,0,3,1,1,1,0.125
continuous_immigration,sfams_style,2,364,1.0,8,0,8,2741,0,0,1,1,1,1,0.125
continuous_immigration,sfams_style,2,365,0.3333333333333333,8,0,8,2748,0,0,3,1,1,1,0.125
continuous_immigration,sfams_style,2,366,0.0,8,0,8,2757,0,0,1,0,0,0,0.125
continuous_immigration,sfams_style,2,367,0.7142857142857143,8,0,8,2760,0,0,7,5,6,5,0.125
continuous_immigration,sfams_style,2,368,0.0,8,0,8,2768,0,0,2,0,1,0,0.125
continuous_immigration,sfams_style,2,369,nan,8,0,8,2776,0,0,0,0,0,0,0.125
continuous_immigration,sfams_style,2,370,0.25,8,0,8,2781,0,0,4,1,1,1,0.125
continuous_immigration,sfams_style,2,371,1.0,8,0,8,2788,0,0,1,1,1,1,0.125
continuous_immigration,sfams_style,2,372,1.0,8,0,8,2797,0,0,4,4,6,4,0.125
continuous_immigration,sfams_style,2,373,0.25,8,0,8,2804,0,0,4,1,2,1,0.125
continuous_immigration,sfams_style,2,374,0.5,8,0,8,2809,0,0,2,1,1,1,0.125
continuous_immigration,sfams_style,2,375,nan,8,0,8,2820,0,0,0,0,0,0,0.125
continuous_immigration,sfams_style,2,376,1.0,8,0,8,2829,0,0,1,1,2,1,0.125
continuous_immigration,sfams_style,2,377,0.3333333333333333,8,0,8,2836,0,0,3,1,2,1,0.125
continuous_immigration,sfams_style,2,378,0.5,8,0,8,2846,0,0,4,2,3,2,0.125
continuous_immigration,sfams_style,2,379,0.0,8,0,8,2852,0,0,1,0,0,0,0.125
continuous_immigration,sfams_style,2,380,nan,8,0,8,2857,0,0,0,0,0,0,0.125
continuous_immigration,sfams_style,2,381,0.0,8,0,8,2863,0,0,1,0,0,0,0.125
continuous_immigration,sfams_style,2,382,1.0,8,0,8,2871,0,0,1,1,2,1,0.125
continuous_immigration,sfams_style,2,383,0.6666666666666666,8,0,8,2878,0,0,3,2,3,2,0.125
continuous_immigration,sfams_style,2,384,0.25,8,0,8,2883,0,0,4,1,1,1,0.125
continuous_immigration,sfams_style,2,385,0.0,8,0,8,2891,0,0,1,0,0,0,0.125
continuous_immigration,sfams_style,2,386,0.5,8,0,8,2900,0,0,4,2,3,2,0.125
continuous_immigration,sfams_style,2,387,nan,8,0,8,2906,0,0,0,0,0,0,0.125
continuous_immigration,sfams_style,2,388,0.3333333333333333,8,0,8,2916,0,0,3,1,2,1,0.125
continuous_immigration,sfams_style,2,389,0.0,8,0,8,2924,0,0,1,0,1,0,0.125
continuous_immigration,sfams_style,2,390,0.5,8,0,8,2933,0,0,2,1,1,1,0.125
continuous_immigration,sfams_style,2,391,0.6666666666666666,8,0,8,2943,0,0,3,2,3,2,0.125
continuous_immigration,sfams_style,2,392,0.3333333333333333,8,0,8,2958,0,0,3,1,1,1,0.125
continuous_immigration,sfams_style,2,393,0.6666666666666666,8,0,8,2963,0,0,3,2,3,2,0.125
continuous_immigration,sfams_style,2,394,0.5,8,0,8,2975,0,0,4,2,4,2,0.125
continuous_immigration,sfams_style,2,395,nan,8,0,8,2985,0,0,0,0,0,0,0.125
continuous_immigration,sfams_style,2,396,nan,8,0,8,2991,0,0,0,0,0,0,0.125
continuous_immigration,sfams_style,2,397,0.5,8,0,8,2993,0,0,2,1,1,1,0.125
continuous_immigration,sfams_style,2,398,0.6666666666666666,8,0,8,3003,0,0,3,2,4,2,0.125
continuous_immigration,sfams_style,2,399,1.0,8,0,8,3011,0,0,2,2,3,2,0.125
continuous_immigration,sfams_style,3,0,0.0,5,0,5,0,0,0,2,0,0,0,0.8
continuous_immigration,sfams_style,3,1,0.0,8,0,8,2,0,0,2,0,0,0,0.875
continuous_immigration,sfams_style,3,2,0.0,8,0,8,15,0,0,2,0,0,0,0.875
continuous_immigration,sfams_style,3,3,0.0,8,0,8,19,0,0,1,0,0,0,0.875
continuous_immigration,sfams_style,3,4,0.0,8,0,8,25,0,0,2,0,0,0,0.875
continuous_immigration,sfams_style,3,5,0.0,8,0,8,33,0,0,3,0,0,0,0.625
continuous_immigration,sfams_style,3,6,0.0,8,0,8,41,0,0,2,0,0,0,1.0
continuous_immigration,sfams_style,3,7,0.0,8,0,8,47,0,0,2,0,0,0,1.0
continuous_immigration,sfams_style,3,8,0.0,8,0,8,55,0,0,3,0,0,0,0.875
continuous_immigration,sfams_style,3,9,1.0,8,0,8,66,0,0,2,2,3,2,0.5
continuous_immigration,sfams_style,3,10,0.3333333333333333,8,0,8,70,0,0,3,1,1,1,0.5
continuous_immigration,sfams_style,3,11,nan,8,0,8,80,0,0,0,0,0,0,0.5
continuous_immigration,sfams_style,3,12,0.0,8,0,8,86,0,0,1,0,0,0,0.75
continuous_immigration,sfams_style,3,13,0.0,8,0,8,90,0,0,1,0,0,0,0.625
continuous_immigration,sfams_style,3,14,0.5,8,0,8,103,0,0,4,2,2,2,0.125
continuous_immigration,sfams_style,3,15,0.6666666666666666,8,0,8,107,0,0,3,2,2,2,0.25
continuous_immigration,sfams_style,3,16,0.8,8,0,8,120,0,0,5,4,8,4,0.0
continuous_immigration,sfams_style,3,17,0.6666666666666666,8,0,8,127,0,0,3,2,3,2,0.0
continuous_immigration,sfams_style,3,18,1.0,8,0,8,139,0,0,1,1,2,1,0.0
continuous_immigration,sfams_style,3,19,1.0,8,0,8,146,0,0,1,1,1,1,0.0
continuous_immigration,sfams_style,3,20,nan,8,0,8,153,0,0,0,0,0,0,0.0
continuous_immigration,sfams_style,3,21,nan,8,0,8,157,0,0,0,0,0,0,0.0
continuous_immigration,sfams_style,3,22,nan,8,0,8,163,0,0,0,0,0,0,0.0
continuous_immigration,sfams_style,3,23,0.5,8,0,8,173,0,0,2,1,3,1,0.0
continuous_immigration,sfams_style,3,24,0.3333333333333333,8,0,8,183,0,0,3,1,3,1,0.0
continuous_immigration,sfams_style,3,25,1.0,8,0,8,190,0,0,1,1,1,1,0.0
continuous_immigration,sfams_style,3,26,0.6666666666666666,8,0,8,198,0,0,3,2,2,2,0.0
continuous_immigration,sfams_style,3,27,0.25,8,0,8,202,0,0,4,1,3,1,0.0
continuous_immigration,sfams_style,3,28,nan,8,0,8,207,0,0,0,0,0,0,0.0
continuous_immigration,sfams_style,3,29,0.6666666666666666,8,0,8,210,0,0,6,4,5,4,0.0
continuous_immigration,sfams_style,3,30,0.6666666666666666,8,0,8,219,0,0,3,2,4,2,0.0
continuous_immigration,sfams_style,3,31,0.0,8,0,8,232,0,0,2,0,0,0,0.0
continuous_immigration,sfams_style,3,32,1.0,8,0,8,237,0,0,1,1,1,1,0.0
continuous_immigration,sfams_style,3,33,0.0,8,0,8,248,0,0,2,0,1,0,0.0
continuous_immigration,sfams_style,3,34,1.0,8,0,8,257,0,0,1,1,1,1,0.0
continuous_immigration,sfams_style,3,35,nan,8,0,8,262,0,0,0,0,0,0,0.0
continuous_immigration,sfams_style,3,36,0.0,8,0,8,270,0,0,1,0,0,0,0.0
continuous_immigration,sfams_style,3,37,0.5,8,0,8,276,0,0,2,1,3,1,0.0
continuous_immigration,sfams_style,3,38,1.0,8,0,8,279,0,0,2,2,4,2,0.0
continuous_immigration,sfams_style,3,39,1.0,8,0,8,286,0,0,2,2,5,2,0.0
continuous_immigration,sfams_style,3,40,0.3333333333333333,8,0,8,299,0,0,3,1,1,1,0.0
continuous_immigration,sfams_style,3,41,0.0,8,0,8,309,0,0,1,0,0,0,0.0
continuous_immigration,sfams_style,3,42,1.0,8,0,8,312,0,0,2,2,5,2,0.0
continuous_immigration,sfams_style,3,43,nan,8,0,8,317,0,0,0,0,0,0,0.0
continuous_immigration,sfams_style,3,44,0.5,8,0,8,327,0,0,2,1,1,1,0.0
continuous_immigration,sfams_style,3,45,0.75,8,0,8,339,0,0,4,3,6,3,0.0
continuous_immigration,sfams_style,3,46,0.0,8,0,8,350,0,0,2,0,0,0,0.0
continuous_immigration,sfams_style,3,47,0.3333333333333333,8,0,8,352,0,0,3,1,1,1,0.0
continuous_immigration,sfams_style,3,48,0.6666666666666666,8,0,8,357,0,0,3,2,2,2,0.0
continuous_immigration,sfams_style,3,49,0.6666666666666666,8,0,8,367,0,0,3,2,5,2,0.0
continuous_immigration,sfams_style,3,50,1.0,8,0,8,373,0,0,1,1,5,1,0.0
continuous_immigration,sfams_style,3,51,0.5,8,0,8,379,0,0,2,1,4,1,0.0
continuous_immigration,sfams_style,3,52,1.0,8,0,8,387,0,0,1,1,1,1,0.0
continuous_immigration,sfams_style,3,53,0.0,8,0,8,397,0,0,1,0,0,0,0.0
continuous_immigration,sfams_style,3,54,0.4,8,0,8,405,0,0,5,2,7,2,0.0
continuous_immigration,sfams_style,3,55,0.5,8,0,8,411,0,0,2,1,3,1,0.0
continuous_immigration,sfams_style,3,56,0.6666666666666666,8,0,8,416,0,0,3,2,2,2,0.0
continuous_immigration,sfams_style,3,57,0.0,8,0,8,429,0,0,2,0,0,0,0.0
continuous_immigration,sfams_style,3,58,1.0,8,0,8,438,0,0,2,2,4,2,0.0
continuous_immigration,sfams_style,3,59,nan,8,0,8,443,0,0,0,0,0,0,0.0
continuous_immigration,sfams_style,3,60,0.0,8,0,8,446,0,0,1,0,0,0,0.0
continuous_immigration,sfams_style,3,61,1.0,8,0,8,450,0,0,1,1,4,1,0.0
continuous_immigration,sfams_style,3,62,1.0,8,0,8,458,0,0,1,1,1,1,0.0
continuous_immigration,sfams_style,3,63,0.75,8,0,8,463,0,0,4,3,6,3,0.0
continuous_immigration,sfams_style,3,64,nan,8,0,8,472,0,0,0,0,0,0,0.0
continuous_immigration,sfams_style,3,65,0.5,8,0,8,481,0,0,2,1,1,1,0.0
continuous_immigration,sfams_style,3,66,0.5,8,0,8,492,0,0,2,1,3,1,0.0
continuous_immigration,sfams_style,3,67,0.5,8,0,8,503,0,0,2,1,2,1,0.0
continuous_immigration,sfams_style,3,68,nan,8,0,8,517,0,0,0,0,0,0,0.0
continuous_immigration,sfams_style,3,69,0.5,8,0,8,524,0,0,2,1,4,1,0.0
continuous_immigration,sfams_style,3,70,1.0,8,0,8,530,0,0,1,1,1,1,0.0
continuous_immigration,sfams_style,3,71,0.75,8,0,8,547,0,0,4,3,7,3,0.0
continuous_immigration,sfams_style,3,72,1.0,8,0,8,555,0,0,2,2,6,2,0.0
continuous_immigration,sfams_style,3,73,nan,8,0,8,564,0,0,0,0,0,0,0.0
continuous_immigration,sfams_style,3,74,0.5,8,0,8,575,0,0,2,1,1,1,0.0
continuous_immigration,sfams_style,3,75,0.5,8,0,8,583,0,0,2,1,1,1,0.0
continuous_immigration,sfams_style,3,76,nan,8,0,8,588,0,0,0,0,0,0,0.0
continuous_immigration,sfams_style,3,77,1.0,8,0,8,597,0,0,1,1,1,1,0.0
continuous_immigration,sfams_style,3,78,1.0,8,0,8,604,0,0,1,1,3,1,0.0
continuous_immigration,sfams_style,3,79,0.3333333333333333,8,0,8,609,0,0,3,1,1,1,0.0
continuous_immigration,sfams_style,3,80,0.0,8,0,8,617,0,0,1,0,0,0,0.0
continuous_immigration,sfams_style,3,81,nan,8,0,8,627,0,0,0,0,0,0,0.0
continuous_immigration,sfams_style,3,82,1.0,8,0,8,630,0,0,1,1,1,1,0.0
continuous_immigration,sfams_style,3,83,0.0,8,0,8,641,0,0,1,0,0,0,0.0
continuous_immigration,sfams_style,3,84,1.0,8,0,8,647,0,0,1,1,3,1,0.0
continuous_immigration,sfams_style,3,85,0.0,8,0,8,651,0,0,1,0,0,0,0.0
continuous_immigration,sfams_style,3,86,0.6666666666666666,8,0,8,656,0,0,3,2,5,2,0.0
continuous_immigration,sfams_style,3,87,1.0,8,0,8,664,0,0,1,1,4,1,0.0
continuous_immigration,sfams_style,3,88,0.6666666666666666,8,0,8,671,0,0,3,2,5,2,0.0
continuous_immigration,sfams_style,3,89,1.0,8,0,8,679,0,0,1,1,1,1,0.0
continuous_immigration,sfams_style,3,90,0.0,8,0,8,682,0,0,1,0,0,0,0.0
continuous_immigration,sfams_style,3,91,0.8,8,0,8,689,0,0,5,4,12,4,0.0
continuous_immigration,sfams_style,3,92,0.3333333333333333,8,0,8,698,0,0,3,1,4,1,0.0
continuous_immigration,sfams_style,3,93,1.0,8,0,8,706,0,0,1,1,1,1,0.0
continuous_immigration,sfams_style,3,94,1.0,8,0,8,718,0,0,1,1,1,1,0.0
continuous_immigration,sfams_style,3,95,0.0,8,0,8,724,0,0,2,0,1,0,0.0
continuous_immigration,sfams_style,3,96,0.0,8,0,8,727,0,0,1,0,0,0,0.0
continuous_immigration,sfams_style,3,97,0.0,8,0,8,740,0,0,1,0,0,0,0.0
continuous_immigration,sfams_style,3,98,0.6666666666666666,8,0,8,746,0,0,3,2,3,2,0.0
continuous_immigration,sfams_style,3,99,0.0,8,0,8,752,0,0,1,0,0,0,0.0
continuous_immigration,sfams_style,3,100,0.6,8,0,8,758,0,0,5,3,5,3,0.0
continuous_immigration,sfams_style,3,101,0.5,8,0,8,762,0,0,2,1,1,1,0.0
continuous_immigration,sfams_style,3,102,0.5,8,0,8,769,0,0,2,1,1,1,0.0
continuous_immigration,sfams_style,3,103,0.5,8,0,8,776,0,0,2,1,5,1,0.0
continuous_immigration,sfams_style,3,104,nan,8,0,8,781,0,0,0,0,0,0,0.0
continuous_immigration,sfams_style,3,105,0.5,8,0,8,784,0,0,2,1,1,1,0.0
continuous_immigration,sfams_style,3,106,nan,8,0,8,789,0,0,0,0,0,0,0.0
continuous_immigration,sfams_style,3,107,0.3333333333333333,8,0,8,798,0,0,3,1,1,1,0.0
continuous_immigration,sfams_style,3,108,0.6666666666666666,8,0,8,802,0,0,3,2,9,2,0.0
continuous_immigration,sfams_style,3,109,0.75,8,0,8,805,0,0,4,3,9,3,0.0
continuous_immigration,sfams_style,3,110,0.0,8,0,8,813,0,0,1,0,0,0,0.0
continuous_immigration,sfams_style,3,111,nan,8,0,8,822,0,0,0,0,0,0,0.0
continuous_immigration,sfams_style,3,112,0.5,8,0,8,825,0,0,2,1,3,1,0.0
continuous_immigration,sfams_style,3,113,0.0,8,0,8,832,0,0,1,0,1,0,0.0
continuous_immigration,sfams_style,3,114,1.0,8,0,8,839,0,0,1,1,1,1,0.0
continuous_immigration,sfams_style,3,115,0.3333333333333333,8,0,8,844,0,0,6,2,5,2,0.0
continuous_immigration,sfams_style,3,116,0.3333333333333333,8,0,8,849,0,0,3,1,2,1,0.0
continuous_immigration,sfams_style,3,117,0.6666666666666666,8,0,8,856,0,0,3,2,7,2,0.0
continuous_immigration,sfams_style,3,118,nan,8,0,8,862,0,0,0,0,0,0,0.0
continuous_immigration,sfams_style,3,119,0.0,8,0,8,870,0,0,1,0,0,0,0.0
continuous_immigration,sfams_style,3,120,0.0,8,0,8,879,0,0,1,0,0,0,0.0
continuous_immigration,sfams_style,3,121,nan,8,0,8,890,0,0,0,0,0,0,0.0
continuous_immigration,sfams_style,3,122,0.0,8,0,8,894,0,0,1,0,0,0,0.0
continuous_immigration,sfams_style,3,123,1.0,8,0,8,904,0,0,2,2,7,2,0.0
continuous_immigration,sfams_style,3,124,0.6,8,0,8,915,0,0,5,3,4,3,0.0
continuous_immigration,sfams_style,3,125,nan,8,0,8,926,0,0,0,0,0,0,0.0
continuous_immigration,sfams_style,3,126,1.0,8,0,8,933,0,0,1,1,3,1,0.0
continuous_immigration,sfams_style,3,127,0.5,8,0,8,942,0,0,2,1,4,1,0.0
continuous_immigration,sfams_style,3,128,0.4,8,0,8,946,0,0,5,2,5,2,0.0
continuous_immigration,sfams_style,3,129,0.0,8,0,8,953,0,0,1,0,0,0,0.0
continuous_immigration,sfams_style,3,130,1.0,8,0,8,958,0,0,1,1,1,1,0.0
continuous_immigration,sfams_style,3,131,0.0,8,0,8,970,0,0,2,0,0,0,0.0
continuous_immigration,sfams_style,3,132,0.75,8,0,8,978,0,0,4,3,3,3,0.0
continuous_immigration,sfams_style,3,133,1.0,8,0,8,985,0,0,1,1,3,1,0.0
continuous_immigration,sfams_style,3,134,1.0,8,0,8,992,0,0,1,1,3,1,0.0
continuous_immigration,sfams_style,3,135,0.5,8,0,8,999,0,0,2,1,4,1,0.0
continuous_immigration,sfams_style,3,136,0.3333333333333333,8,0,8,1007,0,0,3,1,2,1,0.0
continuous_immigration,sfams_style,3,137,nan,8,0,8,1016,0,0,0,0,0,0,0.0
continuous_immigration,sfams_style,3,138,0.0,8,0,8,1027,0,0,1,0,0,0,0.0
continuous_immigration,sfams_style,3,139,0.3333333333333333,8,0,8,1040,0,0,3,1,1,1,0.0
continuous_immigration,sfams_style,3,140,nan,8,0,8,1049,0,0,0,0,0,0,0.0
continuous_immigration,sfams_style,3,141,0.6666666666666666,8,0,8,1063,0,0,3,2,7,2,0.0
continuous_immigration,sfams_style,3,142,0.0,8,0,8,1070,0,0,2,0,0,0,0.0
continuous_immigration,sfams_style,3,143,0.3333333333333333,8,0,8,1077,0,0,3,1,1,1,0.0
continuous_immigration,sfams_style,3,144,0.0,8,0,8,1084,0,0,1,0,0,0,0.0
continuous_immigration,sfams_style,3,145,0.0,8,0,8,1091,0,0,2,0,0,0,0.0
continuous_immigration,sfams_style,3,146,0.3333333333333333,8,0,8,1101,0,0,6,2,5,2,0.0
continuous_immigration,sfams_style,3,147,0.0,8,0,8,1111,0,0,1,0,0,0,0.0
continuous_immigration,sfams_style,3,148,1.0,8,0,8,1117,0,0,1,1,1,1,0.0
continuous_immigration,sfams_style,3,149,0.0,8,0,8,1123,0,0,1,0,0,0,0.0
continuous_immigration,sfams_style,3,150,0.5,8,0,8,1132,0,0,2,1,4,1,0.0
continuous_immigration,sfams_style,3,151,0.5,8,0,8,1137,0,0,2,1,1,1,0.0
continuous_immigration,sfams_style,3,152,1.0,8,0,8,1146,0,0,1,1,1,1,0.0
continuous_immigration,sfams_style,3,153,1.0,8,0,8,1156,0,0,2,2,6,2,0.0
continuous_immigration,sfams_style,3,154,1.0,8,0,8,1159,0,0,3,3,6,3,0.0
continuous_immigration,sfams_style,3,155,1.0,8,0,8,1166,0,0,1,1,1,1,0.0
continuous_immigration,sfams_style,3,156,0.6666666666666666,8,0,8,1174,0,0,3,2,7,2,0.0
continuous_immigration,sfams_style,3,157,nan,8,0,8,1178,0,0,0,0,0,0,0.0
continuous_immigration,sfams_style,3,158,0.0,8,0,8,1189,0,0,2,0,0,0,0.0
continuous_immigration,sfams_style,3,159,0.5,8,0,8,1194,0,0,2,1,2,1,0.0
continuous_immigration,sfams_style,3,160,1.0,8,0,8,1199,0,0,2,2,3,2,0.0
continuous_immigration,sfams_style,3,161,1.0,8,0,8,1203,0,0,1,1,5,1,0.0
continuous_immigration,sfams_style,3,162,0.0,8,0,8,1211,0,0,2,0,0,0,0.0
continuous_immigration,sfams_style,3,163,0.3333333333333333,8,0,8,1219,0,0,3,1,1,1,0.0
continuous_immigration,sfams_style,3,164,1.0,8,0,8,1229,0,0,2,2,2,2,0.0
continuous_immigration,sfams_style,3,165,1.0,8,0,8,1241,0,0,1,1,3,1,0.0
continuous_immigration,sfams_style,3,166,0.6666666666666666,8,0,8,1246,0,0,3,2,5,2,0.0
continuous_immigration,sfams_style,3,167,0.5,8,0,8,1249,0,0,2,1,1,1,0.0
continuous_immigration,sfams_style,3,168,0.0,8,0,8,1254,0,0,1,0,1,0,0.0
continuous_immigration,sfams_style,3,169,0.6666666666666666,8,0,8,1258,0,0,3,2,4,2,0.0
continuous_immigration,sfams_style,3,170,1.0,8,0,8,1267,0,0,1,1,3,1,0.0
continuous_immigration,sfams_style,3,171,0.0,8,0,8,1280,0,0,1,0,0,0,0.0
continuous_immigration,sfams_style,3,172,1.0,8,0,8,1295,0,0,1,1,2,1,0.0
continuous_immigration,sfams_style,3,173,0.3333333333333333,8,0,8,1303,0,0,3,1,1,1,0.0
continuous_immigration,sfams_style,3,174,0.25,8,0,8,1311,0,0,4,1,3,1,0.0
continuous_immigration,sfams_style,3,175,0.3333333333333333,8,0,8,1316,0,0,3,1,3,1,0.0
continuous_immigration,sfams_style,3,176,0.5,8,0,8,1321,0,0,4,2,4,2,0.0
continuous_immigration,sfams_style,3,177,0.0,8,0,8,1324,0,0,1,0,0,0,0.0
continuous_immigration,sfams_style,3,178,0.3333333333333333,8,0,8,1333,0,0,3,1,1,1,0.0
continuous_immigration,sfams_style,3,179,nan,8,0,8,1338,0,0,0,0,0,0,0.0
continuous_immigration,sfams_style,3,180,1.0,8,0,8,1347,0,0,2,2,4,2,0.0
continuous_immigration,sfams_style,3,181,0.5,8,0,8,1352,0,0,2,1,3,1,0.0
continuous_immigration,sfams_style,3,182,0.6,8,0,8,1362,0,0,5,3,5,3,0.0
continuous_immigration,sfams_style,3,183,0.75,8,0,8,1368,0,0,4,3,8,3,0.0
continuous_immigration,sfams_style,3,184,0.3333333333333333,8,0,8,1375,0,0,3,1,3,1,0.0
continuous_immigration,sfams_style,3,185,0.6666666666666666,8,0,8,1383,0,0,3,2,2,2,0.0
continuous_immigration,sfams_style,3,186,0.5,8,0,8,1390,0,0,2,1,3,1,0.0
continuous_immigration,sfams_style,3,187,1.0,8,0,8,1396,0,0,2,2,5,2,0.0
continuous_immigration,sfams_style,3,188,1.0,8,0,8,1400,0,0,1,1,1,1,0.0
continuous_immigration,sfams_style,3,189,0.5,8,0,8,1404,0,0,2,1,3,1,0.0
continuous_immigration,sfams_style,3,190,1.0,8,0,8,1407,0,0,3,3,7,3,0.0
continuous_immigration,sfams_style,3,191,0.3333333333333333,8,0,8,1410,0,0,3,1,5,1,0.0
continuous_immigration,sfams_style,3,192,0.5,8,0,8,1422,0,0,2,1,1,1,0.0
continuous_immigration,sfams_style,3,193,1.0,8,0,8,1425,0,0,1,1,1,1,0.0
continuous_immigration,sfams_style,3,194,1.0,8,0,8,1433,0,0,2,2,5,2,0.0
continuous_immigration,sfams_style,3,195,1.0,8,0,8,1437,0,0,1,1,1,1,0.0
continuous_immigration,sfams_style,3,196,1.0,8,0,8,1445,0,0,1,1,3,1,0.0
continuous_immigration,sfams_style,3,197,0.4,8,0,8,1452,0,0,5,2,5,2,0.0
continuous_immigration,sfams_style,3,198,1.0,8,0,8,1464,0,0,1,1,3,1,0.0
continuous_immigration,sfams_style,3,199,0.2,8,0,8,1468,0,0,5,1,1,1,0.0
continuous_immigration,sfams_style,3,200,0.5,8,0,8,1474,0,0,2,1,1,1,0.0
continuous_immigration,sfams_style,3,201,nan,8,0,8,1480,0,0,0,0,0,0,0.0
continuous_immigration,sfams_style,3,202,1.0,8,0,8,1488,0,0,1,1,1,1,0.0
continuous_immigration,sfams_style,3,203,0.0,8,0,8,1494,0,0,1,0,0,0,0.0
continuous_immigration,sfams_style,3,204,0.5,8,0,8,1495,0,0,2,1,1,1,0.0
continuous_immigration,sfams_style,3,205,0.0,8,0,8,1497,0,0,3,0,1,0,0.0
continuous_immigration,sfams_style,3,206,0.5,8,0,8,1504,0,0,4,2,4,2,0.0
continuous_immigration,sfams_style,3,207,1.0,8,0,8,1511,0,0,1,1,3,1,0.0
continuous_immigration,sfams_style,3,208,0.0,8,0,8,1521,0,0,1,0,0,0,0.0
continuous_immigration,sfams_style,3,209,0.0,8,0,8,1529,0,0,1,0,0,0,0.0
continuous_immigration,sfams_style,3,210,0.5,8,0,8,1533,0,0,2,1,2,1,0.0
continuous_immigration,sfams_style,3,211,0.3333333333333333,8,0,8,1547,0,0,3,1,2,1,0.0
continuous_immigration,sfams_style,3,212,nan,8,0,8,1557,0,0,0,0,0,0,0.0
continuous_immigration,sfams_style,3,213,0.0,8,0,8,1562,0,0,1,0,1,0,0.0
continuous_immigration,sfams_style,3,214,1.0,8,0,8,1571,0,0,2,2,3,2,0.0
continuous_immigration,sfams_style,3,215,0.0,8,0,8,1581,0,0,1,0,1,0,0.0
continuous_immigration,sfams_style,3,216,1.0,8,0,8,1589,0,0,2,2,5,2,0.0
continuous_immigration,sfams_style,3,217,1.0,8,0,8,1599,0,0,1,1,4,1,0.0
continuous_immigration,sfams_style,3,218,1.0,8,0,8,1603,0,0,1,1,1,1,0.0
continuous_immigration,sfams_style,3,219,nan,8,0,8,1610,0,0,0,0,0,0,0.0
continuous_immigration,sfams_style,3,220,0.0,8,0,8,1618,0,0,1,0,0,0,0.0
continuous_immigration,sfams_style,3,221,0.5,8,0,8,1625,0,0,2,1,1,1,0.0
continuous_immigration,sfams_style,3,222,0.0,8,0,8,1632,0,0,2,0,0,0,0.0
continuous_immigration,sfams_style,3,223,nan,8,0,8,1640,0,0,0,0,0,0,0.0
continuous_immigration,sfams_style,3,224,0.6666666666666666,8,0,8,1647,0,0,3,2,3,2,0.0
continuous_immigration,sfams_style,3,225,1.0,8,0,8,1653,0,0,1,1,4,1,0.0
continuous_immigration,sfams_style,3,226,0.0,8,0,8,1659,0,0,1,0,0,0,0.0
continuous_immigration,sfams_style,3,227,0.0,8,0,8,1669,0,0,1,0,0,0,0.0
continuous_immigration,sfams_style,3,228,1.0,8,0,8,1678,0,0,1,1,1,1,0.0
continuous_immigration,sfams_style,3,229,0.5,8,0,8,1690,0,0,2,1,1,1,0.0
continuous_immigration,sfams_style,3,230,0.6,8,0,8,1696,0,0,5,3,9,3,0.0
continuous_immigration,sfams_style,3,231,1.0,8,0,8,1703,0,0,1,1,1,1,0.0
continuous_immigration,sfams_style,3,232,0.0,8,0,8,1711,0,0,1,0,0,0,0.0
continuous_immigration,sfams_style,3,233,0.6666666666666666,8,0,8,1720,0,0,3,2,4,2,0.0
continuous_immigration,sfams_style,3,234,1.0,8,0,8,1728,0,0,1,1,5,1,0.0
continuous_immigration,sfams_style,3,235,0.3333333333333333,8,0,8,1736,0,0,6,2,2,2,0.0
continuous_immigration,sfams_style,3,236,nan,8,0,8,1741,0,0,0,0,0,0,0.0
continuous_immigration,sfams_style,3,237,0.5,8,0,8,1748,0,0,2,1,1,1,0.0
continuous_immigration,sfams_style,3,238,0.3333333333333333,8,0,8,1761,0,0,3,1,1,1,0.0
continuous_immigration,sfams_style,3,239,0.5,8,0,8,1770,0,0,4,2,5,2,0.0
continuous_immigration,sfams_style,3,240,0.5,8,0,8,1775,0,0,2,1,3,1,0.0
continuous_immigration,sfams_style,3,241,0.25,8,0,8,1781,0,0,4,1,1,1,0.0
continuous_immigration,sfams_style,3,242,0.0,8,0,8,1785,0,0,2,0,0,0,0.0
continuous_immigration,sfams_style,3,243,nan,8,0,8,1790,0,0,0,0,0,0,0.0
continuous_immigration,sfams_style,3,244,1.0,8,0,8,1803,0,0,2,2,7,2,0.0
continuous_immigration,sfams_style,3,245,nan,8,0,8,1806,0,0,0,0,0,0,0.0
continuous_immigration,sfams_style,3,246,nan,8,0,8,1818,0,0,0,0,0,0,0.0
continuous_immigration,sfams_style,3,247,0.3333333333333333,8,0,8,1826,0,0,3,1,5,1,0.0
continuous_immigration,sfams_style,3,248,1.0,8,0,8,1833,0,0,2,2,7,2,0.0
continuous_immigration,sfams_style,3,249,1.0,8,0,8,1840,0,0,1,1,1,1,0.0
continuous_immigration,sfams_style,3,250,0.5,8,0,8,1851,0,0,2,1,3,1,0.0
continuous_immigration,sfams_style,3,251,0.0,8,0,8,1859,0,0,1,0,1,0,0.0
continuous_immigration,sfams_style,3,252,0.3333333333333333,8,0,8,1870,0,0,3,1,3,1,0.0
continuous_immigration,sfams_style,3,253,nan,8,0,8,1876,0,0,0,0,0,0,0.0
continuous_immigration,sfams_style,3,254,1.0,8,0,8,1883,0,0,1,1,1,1,0.0
continuous_immigration,sfams_style,3,255,0.75,8,0,8,1890,0,0,4,3,5,3,0.0
continuous_immigration,sfams_style,3,256,1.0,8,0,8,1897,0,0,1,1,1,1,0.0
continuous_immigration,sfams_style,3,257,nan,8,0,8,1902,0,0,0,0,0,0,0.0
continuous_immigration,sfams_style,3,258,0.0,8,0,8,1911,0,0,1,0,1,0,0.0
continuous_immigration,sfams_style,3,259,0.5,8,0,8,1916,0,0,2,1,1,1,0.0
continuous_immigration,sfams_style,3,260,0.25,8,0,8,1925,0,0,4,1,4,1,0.0
continuous_immigration,sfams_style,3,261,0.5,8,0,8,1929,0,0,2,1,1,1,0.0
continuous_immigration,sfams_style,3,262,1.0,8,0,8,1932,0,0,2,2,2,2,0.0
continuous_immigration,sfams_style,3,263,1.0,8,0,8,1940,0,0,2,2,6,2,0.0
continuous_immigration,sfams_style,3,264,1.0,8,0,8,1943,0,0,2,2,7,2,0.0
continuous_immigration,sfams_style,3,265,0.5,8,0,8,1951,0,0,2,1,2,1,0.0
continuous_immigration,sfams_style,3,266,0.0,8,0,8,1958,0,0,2,0,0,0,0.0
continuous_immigration,sfams_style,3,267,1.0,8,0,8,1964,0,0,1,1,2,1,0.0
continuous_immigration,sfams_style,3,268,0.0,8,0,8,1969,0,0,1,0,0,0,0.0
continuous_immigration,sfams_style,3,269,1.0,8,0,8,1983,0,0,2,2,2,2,0.0
continuous_immigration,sfams_style,3,270,0.75,8,0,8,1992,0,0,4,3,7,3,0.0
continuous_immigration,sfams_style,3,271,0.6,8,0,8,2002,0,0,5,3,7,3,0.0
continuous_immigration,sfams_style,3,272,0.0,8,0,8,2011,0,0,1,0,1,0,0.0
continuous_immigration,sfams_style,3,273,0.6666666666666666,8,0,8,2021,0,0,3,2,5,2,0.0
continuous_immigration,sfams_style,3,274,nan,8,0,8,2031,0,0,0,0,0,0,0.0
continuous_immigration,sfams_style,3,275,0.5,8,0,8,2041,0,0,2,1,4,1,0.0
continuous_immigration,sfams_style,3,276,nan,8,0,8,2050,0,0,0,0,0,0,0.0
continuous_immigration,sfams_style,3,277,0.0,8,0,8,2057,0,0,3,0,0,0,0.0
continuous_immigration,sfams_style,3,278,0.0,8,0,8,2063,0,0,1,0,0,0,0.0
continuous_immigration,sfams_style,3,279,1.0,8,0,8,2068,0,0,1,1,2,1,0.0
continuous_immigration,sfams_style,3,280,0.5,8,0,8,2074,0,0,2,1,3,1,0.0
continuous_immigration,sfams_style,3,281,1.0,8,0,8,2082,0,0,3,3,6,3,0.0
continuous_immigration,sfams_style,3,282,1.0,8,0,8,2086,0,0,1,1,3,1,0.0
continuous_immigration,sfams_style,3,283,0.0,8,0,8,2092,0,0,1,0,0,0,0.0
continuous_immigration,sfams_style,3,284,1.0,8,0,8,2104,0,0,2,2,5,2,0.0
continuous_immigration,sfams_style,3,285,1.0,8,0,8,2109,0,0,1,1,2,1,0.0
continuous_immigration,sfams_style,3,286,0.5,8,0,8,2115,0,0,2,1,1,1,0.0
continuous_immigration,sfams_style,3,287,nan,8,0,8,2123,0,0,0,0,0,0,0.0
continuous_immigration,sfams_style,3,288,0.6666666666666666,8,0,8,2126,0,0,3,2,5,2,0.0
continuous_immigration,sfams_style,3,289,0.3333333333333333,8,0,8,2137,0,0,3,1,1,1,0.0
continuous_immigration,sfams_style,3,290,0.0,8,0,8,2149,0,0,2,0,0,0,0.0
continuous_immigration,sfams_style,3,291,0.0,8,0,8,2159,0,0,1,0,0,0,0.0
continuous_immigration,sfams_style,3,292,0.0,8,0,8,2171,0,0,1,0,0,0,0.0
continuous_immigration,sfams_style,3,293,1.0,8,0,8,2180,0,0,3,3,5,3,0.0
continuous_immigration,sfams_style,3,294,nan,8,0,8,2196,0,0,0,0,0,0,0.0
continuous_immigration,sfams_style,3,295,0.25,8,0,8,2205,0,0,4,1,2,1,0.0
continuous_immigration,sfams_style,3,296,0.3333333333333333,8,0,8,2209,0,0,3,1,3,1,0.0
continuous_immigration,sfams_style,3,297,0.3333333333333333,8,0,8,2216,0,0,3,1,1,1,0.0
continuous_immigration,sfams_style,3,298,0.5,8,0,8,2222,0,0,6,3,5,3,0.0
continuous_immigration,sfams_style,3,299,0.3333333333333333,8,0,8,2229,0,0,3,1,3,1,0.0
continuous_immigration,sfams_style,3,300,1.0,8,0,8,2232,0,0,1,1,2,1,0.0
continuous_immigration,sfams_style,3,301,1.0,8,0,8,2238,0,0,1,1,2,1,0.0
continuous_immigration,sfams_style,3,302,0.3333333333333333,8,0,8,2245,0,0,3,1,4,1,0.0
continuous_immigration,sfams_style,3,303,0.5,8,0,8,2252,0,0,2,1,1,1,0.0
continuous_immigration,sfams_style,3,304,0.6666666666666666,8,0,8,2260,0,0,3,2,5,2,0.0
continuous_immigration,sfams_style,3,305,0.0,8,0,8,2267,0,0,3,0,0,0,0.0
continuous_immigration,sfams_style,3,306,1.0,8,0,8,2271,0,0,1,1,4,1,0.0
continuous_immigration,sfams_style,3,307,0.0,8,0,8,2277,0,0,1,0,0,0,0.0
continuous_immigration,sfams_style,3,308,0.0,8,0,8,2282,0,0,1,0,0,0,0.0
continuous_immigration,sfams_style,3,309,nan,8,0,8,2286,0,0,0,0,0,0,0.0
continuous_immigration,sfams_style,3,310,0.3333333333333333,8,0,8,2298,0,0,6,2,4,2,0.0
continuous_immigration,sfams_style,3,311,0.5,8,0,8,2312,0,0,4,2,9,2,0.0
continuous_immigration,sfams_style,3,312,1.0,8,0,8,2321,0,0,2,2,6,2,0.0
continuous_immigration,sfams_style,3,313,1.0,8,0,8,2331,0,0,2,2,3,2,0.0
continuous_immigration,sfams_style,3,314,0.0,8,0,8,2337,0,0,1,0,0,0,0.0
continuous_immigration,sfams_style,3,315,0.6666666666666666,8,0,8,2345,0,0,3,2,2,2,0.0
continuous_immigration,sfams_style,3,316,0.6666666666666666,8,0,8,2350,0,0,3,2,5,2,0.0
continuous_immigration,sfams_style,3,317,1.0,8,0,8,2359,0,0,2,2,5,2,0.0
continuous_immigration,sfams_style,3,318,1.0,8,0,8,2364,0,0,3,3,6,3,0.0
continuous_immigration,sfams_style,3,319,nan,8,0,8,2378,0,0,0,0,0,0,0.0
continuous_immigration,sfams_style,3,320,1.0,8,0,8,2384,0,0,2,2,6,2,0.0
continuous_immigration,sfams_style,3,321,0.5,8,0,8,2393,0,0,4,2,3,2,0.0
continuous_immigration,sfams_style,3,322,0.6666666666666666,8,0,8,2405,0,0,3,2,4,2,0.0
continuous_immigration,sfams_style,3,323,0.0,8,0,8,2414,0,0,1,0,0,0,0.0
continuous_immigration,sfams_style,3,324,0.0,8,0,8,2421,0,0,1,0,0,0,0.0
continuous_immigration,sfams_style,3,325,0.6,8,0,8,2428,0,0,5,3,8,3,0.0
continuous_immigration,sfams_style,3,326,0.4,8,0,8,2436,0,0,5,2,6,2,0.0
continuous_immigration,sfams_style,3,327,0.5,8,0,8,2446,0,0,2,1,4,1,0.0
continuous_immigration,sfams_style,3,328,1.0,8,0,8,2451,0,0,2,2,2,2,0.0
continuous_immigration,sfams_style,3,329,nan,8,0,8,2453,0,0,0,0,0,0,0.0
continuous_immigration,sfams_style,3,330,1.0,8,0,8,2462,0,0,1,1,3,1,0.0
continuous_immigration,sfams_style,3,331,0.0,8,0,8,2468,0,0,1,0,1,0,0.0
continuous_immigration,sfams_style,3,332,0.3333333333333333,8,0,8,2474,0,0,3,1,2,1,0.0
continuous_immigration,sfams_style,3,333,0.0,8,0,8,2485,0,0,2,0,0,0,0.0
continuous_immigration,sfams_style,3,334,nan,8,0,8,2489,0,0,0,0,0,0,0.0
continuous_immigration,sfams_style,3,335,1.0,8,0,8,2495,0,0,1,1,1,1,0.0
continuous_immigration,sfams_style,3,336,0.0,8,0,8,2504,0,0,1,0,0,0,0.0
continuous_immigration,sfams_style,3,337,0.0,8,0,8,2516,0,0,2,0,0,0,0.0
continuous_immigration,sfams_style,3,338,nan,8,0,8,2525,0,0,0,0,0,0,0.0
continuous_immigration,sfams_style,3,339,1.0,8,0,8,2531,0,0,2,2,2,2,0.0
continuous_immigration,sfams_style,3,340,0.5,8,0,8,2536,0,0,2,1,1,1,0.0
continuous_immigration,sfams_style,3,341,0.3333333333333333,8,0,8,2542,0,0,6,2,6,2,0.0
continuous_immigration,sfams_style,3,342,0.3333333333333333,8,0,8,2545,0,0,3,1,4,1,0.0
continuous_immigration,sfams_style,3,343,1.0,8,0,8,2556,0,0,1,1,2,1,0.0
continuous_immigration,sfams_style,3,344,0.5,8,0,8,2561,0,0,2,1,1,1,0.0
continuous_immigration,sfams_style,3,345,nan,8,0,8,2569,0,0,0,0,0,0,0.0
continuous_immigration,sfams_style,3,346,nan,8,0,8,2581,0,0,0,0,0,0,0.0
continuous_immigration,sfams_style,3,347,nan,8,0,8,2587,0,0,0,0,0,0,0.0
continuous_immigration,sfams_style,3,348,0.5,8,0,8,2596,0,0,2,1,3,1,0.0
continuous_immigration,sfams_style,3,349,0.0,8,0,8,2598,0,0,1,0,0,0,0.0
continuous_immigration,sfams_style,3,350,1.0,8,0,8,2606,0,0,1,1,1,1,0.0
continuous_immigration,sfams_style,3,351,nan,8,0,8,2616,0,0,0,0,0,0,0.0
continuous_immigration,sfams_style,3,352,0.0,8,0,8,2620,0,0,1,0,0,0,0.0
continuous_immigration,sfams_style,3,353,0.0,8,0,8,2634,0,0,2,0,0,0,0.0
continuous_immigration,sfams_style,3,354,0.3333333333333333,8,0,8,2643,0,0,3,1,1,1,0.0
continuous_immigration,sfams_style,3,355,0.5,8,0,8,2651,0,0,2,1,4,1,0.0
continuous_immigration,sfams_style,3,356,1.0,8,0,8,2656,0,0,1,1,1,1,0.0
continuous_immigration,sfams_style,3,357,nan,8,0,8,2666,0,0,0,0,0,0,0.0
continuous_immigration,sfams_style,3,358,0.5,8,0,8,2671,0,0,2,1,5,1,0.0
continuous_immigration,sfams_style,3,359,1.0,8,0,8,2683,0,0,2,2,8,2,0.0
continuous_immigration,sfams_style,3,360,1.0,8,0,8,2691,0,0,1,1,4,1,0.0
continuous_immigration,sfams_style,3,361,0.2,8,0,8,2704,0,0,5,1,1,1,0.0
continuous_immigration,sfams_style,3,362,0.2,8,0,8,2713,0,0,5,1,6,1,0.0
continuous_immigration,sfams_style,3,363,0.6666666666666666,8,0,8,2719,0,0,3,2,6,2,0.0
continuous_immigration,sfams_style,3,364,1.0,8,0,8,2726,0,0,1,1,3,1,0.0
continuous_immigration,sfams_style,3,365,0.0,8,0,8,2729,0,0,1,0,0,0,0.0
continuous_immigration,sfams_style,3,366,nan,8,0,8,2739,0,0,0,0,0,0,0.0
continuous_immigration,sfams_style,3,367,0.25,8,0,8,2749,0,0,4,1,6,1,0.0
continuous_immigration,sfams_style,3,368,nan,8,0,8,2761,0,0,0,0,0,0,0.0
continuous_immigration,sfams_style,3,369,1.0,8,0,8,2764,0,0,2,2,4,2,0.0
continuous_immigration,sfams_style,3,370,0.25,8,0,8,2771,0,0,4,1,1,1,0.0
continuous_immigration,sfams_style,3,371,0.75,8,0,8,2779,0,0,4,3,6,3,0.0
continuous_immigration,sfams_style,3,372,0.5,8,0,8,2785,0,0,4,2,5,2,0.0
continuous_immigration,sfams_style,3,373,0.75,8,0,8,2791,0,0,4,3,9,3,0.0
continuous_immigration,sfams_style,3,374,1.0,8,0,8,2802,0,0,2,2,3,2,0.0
continuous_immigration,sfams_style,3,375,0.0,8,0,8,2816,0,0,1,0,1,0,0.0
continuous_immigration,sfams_style,3,376,1.0,8,0,8,2822,0,0,1,1,1,1,0.0
continuous_immigration,sfams_style,3,377,0.0,8,0,8,2828,0,0,1,0,0,0,0.0
continuous_immigration,sfams_style,3,378,0.0,8,0,8,2836,0,0,1,0,0,0,0.0
continuous_immigration,sfams_style,3,379,0.3333333333333333,8,0,8,2843,0,0,3,1,2,1,0.0
continuous_immigration,sfams_style,3,380,1.0,8,0,8,2848,0,0,1,1,1,1,0.0
continuous_immigration,sfams_style,3,381,0.6666666666666666,8,0,8,2861,0,0,3,2,5,2,0.0
continuous_immigration,sfams_style,3,382,0.0,8,0,8,2868,0,0,1,0,0,0,0.0
continuous_immigration,sfams_style,3,383,0.25,8,0,8,2876,0,0,4,1,3,1,0.0
continuous_immigration,sfams_style,3,384,0.6666666666666666,8,0,8,2885,0,0,3,2,6,2,0.0
continuous_immigration,sfams_style,3,385,1.0,8,0,8,2892,0,0,1,1,4,1,0.0
continuous_immigration,sfams_style,3,386,0.0,8,0,8,2896,0,0,2,0,0,0,0.0
continuous_immigration,sfams_style,3,387,0.75,8,0,8,2907,0,0,4,3,7,3,0.0
continuous_immigration,sfams_style,3,388,0.0,8,0,8,2917,0,0,2,0,1,0,0.0
continuous_immigration,sfams_style,3,389,1.0,8,0,8,2924,0,0,1,1,1,1,0.0
continuous_immigration,sfams_style,3,390,0.5,8,0,8,2931,0,0,2,1,1,1,0.0
continuous_immigration,sfams_style,3,391,0.6666666666666666,8,0,8,2935,0,0,3,2,2,2,0.0
continuous_immigration,sfams_style,3,392,1.0,8,0,8,2945,0,0,2,2,5,2,0.0
continuous_immigration,sfams_style,3,393,0.5,8,0,8,2951,0,0,4,2,3,2,0.0
continuous_immigration,sfams_style,3,394,0.6666666666666666,8,0,8,2957,0,0,3,2,4,2,0.0
continuous_immigration,sfams_style,3,395,0.3333333333333333,8,0,8,2959,0,0,3,1,1,1,0.0
continuous_immigration,sfams_style,3,396,0.5,8,0,8,2965,0,0,2,1,1,1,0.0
continuous_immigration,sfams_style,3,397,0.5,8,0,8,2970,0,0,2,1,2,1,0.0
continuous_immigration,sfams_style,3,398,1.0,8,0,8,2976,0,0,1,1,1,1,0.0
continuous_immigration,sfams_style,3,399,nan,8,0,8,2983,0,0,0,0,0,0,0.0
continuous_immigration,sfams_style,4,0,0.0,7,0,7,0,0,0,1,0,1,0,1.0
continuous_immigration,sfams_style,4,1,0.0,8,0,8,9,0,0,2,0,0,0,0.875
continuous_immigration,sfams_style,4,2,0.0,8,0,8,17,0,0,4,0,0,0,0.875
continuous_immigration,sfams_style,4,3,0.25,8,0,8,23,0,0,4,1,1,1,0.75
continuous_immigration,sfams_style,4,4,nan,8,0,8,36,0,0,0,0,0,0,0.75
continuous_immigration,sfams_style,4,5,0.0,8,0,8,44,0,0,2,0,0,0,0.625
continuous_immigration,sfams_style,4,6,0.3333333333333333,8,0,8,52,0,0,3,1,1,1,0.75
continuous_immigration,sfams_style,4,7,0.2,8,0,8,59,0,0,5,1,1,1,0.5
continuous_immigration,sfams_style,4,8,0.5,8,0,8,63,0,0,4,2,3,2,0.5
continuous_immigration,sfams_style,4,9,1.0,8,0,8,73,0,0,1,1,1,1,0.25
continuous_immigration,sfams_style,4,10,1.0,8,0,8,86,0,0,1,1,1,1,0.25
continuous_immigration,sfams_style,4,11,0.0,8,0,8,92,0,0,1,0,0,0,0.125
continuous_immigration,sfams_style,4,12,0.0,8,0,8,99,0,0,1,0,0,0,0.375
continuous_immigration,sfams_style,4,13,0.25,8,0,8,109,0,0,4,1,2,1,0.125
continuous_immigration,sfams_style,4,14,0.0,8,0,8,117,0,0,1,0,0,0,0.25
continuous_immigration,sfams_style,4,15,0.0,8,0,8,123,0,0,3,0,2,0,0.375
continuous_immigration,sfams_style,4,16,1.0,8,0,8,128,0,0,1,1,1,1,0.375
continuous_immigration,sfams_style,4,17,0.0,8,0,8,138,0,0,1,0,0,0,0.125
continuous_immigration,sfams_style,4,18,0.0,8,0,8,144,0,0,3,0,0,0,0.25
continuous_immigration,sfams_style,4,19,1.0,8,0,8,152,0,0,1,1,1,1,0.125
continuous_immigration,sfams_style,4,20,0.3333333333333333,8,0,8,159,0,0,3,1,3,1,0.125
continuous_immigration,sfams_style,4,21,nan,8,0,8,168,0,0,0,0,0,0,0.125
continuous_immigration,sfams_style,4,22,0.6666666666666666,8,0,8,177,0,0,3,2,4,2,0.125
continuous_immigration,sfams_style,4,23,0.5,8,0,8,187,0,0,2,1,1,1,0.125
continuous_immigration,sfams_style,4,24,1.0,8,0,8,192,0,0,2,2,2,2,0.125
continuous_immigration,sfams_style,4,25,0.5,8,0,8,202,0,0,4,2,4,2,0.125
continuous_immigration,sfams_style,4,26,1.0,8,0,8,209,0,0,1,1,1,1,0.125
continuous_immigration,sfams_style,4,27,1.0,8,0,8,215,0,0,1,1,2,1,0.125
continuous_immigration,sfams_style,4,28,0.3333333333333333,8,0,8,223,0,0,3,1,2,1,0.125
continuous_immigration,sfams_style,4,29,1.0,8,0,8,230,0,0,2,2,5,2,0.125
continuous_immigration,sfams_style,4,30,0.4,8,0,8,238,0,0,5,2,3,2,0.125
continuous_immigration,sfams_style,4,31,0.6666666666666666,8,0,8,250,0,0,3,2,2,2,0.125
continuous_immigration,sfams_style,4,32,1.0,8,0,8,255,0,0,1,1,2,1,0.125
continuous_immigration,sfams_style,4,33,0.0,8,0,8,259,0,0,1,0,0,0,0.125
continuous_immigration,sfams_style,4,34,0.0,8,0,8,263,0,0,2,0,1,0,0.125
continuous_immigration,sfams_style,4,35,1.0,8,0,8,273,0,0,2,2,3,2,0.125
continuous_immigration,sfams_style,4,36,0.5,8,0,8,280,0,0,2,1,1,1,0.125
continuous_immigration,sfams_style,4,37,nan,8,0,8,286,0,0,0,0,0,0,0.125
continuous_immigration,sfams_style,4,38,nan,8,0,8,296,0,0,0,0,0,0,0.125
continuous_immigration,sfams_style,4,39,1.0,8,0,8,304,0,0,1,1,1,1,0.125
continuous_immigration,sfams_style,4,40,1.0,8,0,8,310,0,0,3,3,4,3,0.125
continuous_immigration,sfams_style,4,41,0.5,8,0,8,314,0,0,2,1,2,1,0.125
continuous_immigration,sfams_style,4,42,1.0,8,0,8,322,0,0,2,2,2,2,0.125
continuous_immigration,sfams_style,4,43,1.0,8,0,8,334,0,0,1,1,1,1,0.125
continuous_immigration,sfams_style,4,44,0.6666666666666666,8,0,8,347,0,0,3,2,4,2,0.125
continuous_immigration,sfams_style,4,45,1.0,8,0,8,353,0,0,2,2,3,2,0.125
continuous_immigration,sfams_style,4,46,0.3333333333333333,8,0,8,358,0,0,3,1,1,1,0.125
continuous_immigration,sfams_style,4,47,0.0,8,0,8,365,0,0,2,0,0,0,0.125
continuous_immigration,sfams_style,4,48,0.5,8,0,8,374,0,0,2,1,2,1,0.125
continuous_immigration,sfams_style,4,49,1.0,8,0,8,381,0,0,1,1,2,1,0.125
continuous_immigration,sfams_style,4,50,0.5,8,0,8,391,0,0,2,1,1,1,0.125
continuous_immigration,sfams_style,4,51,0.0,8,0,8,398,0,0,1,0,1,0,0.125
continuous_immigration,sfams_style,4,52,0.0,8,0,8,403,0,0,1,0,1,0,0.125
continuous_immigration,sfams_style,4,53,nan,8,0,8,412,0,0,0,0,0,0,0.125
continuous_immigration,sfams_style,4,54,0.3333333333333333,8,0,8,418,0,0,3,1,3,1,0.125
continuous_immigration,sfams_style,4,55,0.0,8,0,8,427,0,0,1,0,0,0,0.125
continuous_immigration,sfams_style,4,56,0.0,8,0,8,437,0,0,2,0,0,0,0.125
continuous_immigration,sfams_style,4,57,0.5,8,0,8,449,0,0,2,1,1,1,0.125
continuous_immigration,sfams_style,4,58,1.0,8,0,8,456,0,0,1,1,2,1,0.125
continuous_immigration,sfams_style,4,59,0.5,8,0,8,463,0,0,4,2,3,2,0.125
continuous_immigration,sfams_style,4,60,1.0,8,0,8,471,0,0,2,2,2,2,0.125
continuous_immigration,sfams_style,4,61,1.0,8,0,8,480,0,0,1,1,1,1,0.125
continuous_immigration,sfams_style,4,62,0.6666666666666666,8,0,8,488,0,0,3,2,3,2,0.125
continuous_immigration,sfams_style,4,63,nan,8,0,8,497,0,0,0,0,0,0,0.125
continuous_immigration,sfams_style,4,64,0.6666666666666666,8,0,8,511,0,0,3,2,4,2,0.125
continuous_immigration,sfams_style,4,65,1.0,8,0,8,520,0,0,1,1,1,1,0.125
continuous_immigration,sfams_style,4,66,0.0,8,0,8,530,0,0,1,0,0,0,0.125
continuous_immigration,sfams_style,4,67,0.5,8,0,8,534,0,0,2,1,1,1,0.125
continuous_immigration,sfams_style,4,68,0.0,8,0,8,545,0,0,1,0,0,0,0.125
continuous_immigration,sfams_style,4,69,nan,8,0,8,555,0,0,0,0,0,0,0.125
continuous_immigration,sfams_style,4,70,0.6,8,0,8,563,0,0,5,3,4,3,0.125
continuous_immigration,sfams_style,4,71,0.3333333333333333,8,0,8,574,0,0,3,1,2,1,0.125
continuous_immigration,sfams_style,4,72,0.0,8,0,8,584,0,0,2,0,0,0,0.125
continuous_immigration,sfams_style,4,73,0.25,8,0,8,592,0,0,4,1,2,1,0.125
continuous_immigration,sfams_style,4,74,0.0,8,0,8,605,0,0,2,0,1,0,0.125
continuous_immigration,sfams_style,4,75,nan,8,0,8,613,0,0,0,0,0,0,0.125
continuous_immigration,sfams_style,4,76,0.25,8,0,8,617,0,0,4,1,3,1,0.125
continuous_immigration,sfams_style,4,77,0.0,8,0,8,625,0,0,1,0,0,0,0.125
continuous_immigration,sfams_style,4,78,0.6666666666666666,8,0,8,633,0,0,3,2,3,2,0.125
continuous_immigration,sfams_style,4,79,0.0,8,0,8,643,0,0,2,0,0,0,0.125
continuous_immigration,sfams_style,4,80,1.0,8,0,8,650,0,0,1,1,1,1,0.125
continuous_immigration,sfams_style,4,81,0.0,8,0,8,654,0,0,3,0,1,0,0.125
continuous_immigration,sfams_style,4,82,0.5,8,0,8,659,0,0,2,1,3,1,0.125
continuous_immigration,sfams_style,4,83,0.0,8,0,8,663,0,0,1,0,1,0,0.125
continuous_immigration,sfams_style,4,84,1.0,8,0,8,669,0,0,2,2,4,2,0.125
continuous_immigration,sfams_style,4,85,1.0,8,0,8,680,0,0,3,3,4,3,0.125
continuous_immigration,sfams_style,4,86,1.0,8,0,8,685,0,0,1,1,3,1,0.125
continuous_immigration,sfams_style,4,87,1.0,8,0,8,691,0,0,2,2,2,2,0.125
continuous_immigration,sfams_style,4,88,1.0,8,0,8,700,0,0,1,1,3,1,0.125
continuous_immigration,sfams_style,4,89,0.0,8,0,8,708,0,0,1,0,0,0,0.125
continuous_immigration,sfams_style,4,90,0.0,8,0,8,712,0,0,2,0,0,0,0.125
continuous_immigration,sfams_style,4,91,1.0,8,0,8,716,0,0,1,1,1,1,0.125
continuous_immigration,sfams_style,4,92,1.0,8,0,8,729,0,0,2,2,2,2,0.125
continuous_immigration,sfams_style,4,93,0.3333333333333333,8,0,8,740,0,0,3,1,1,1,0.125
continuous_immigration,sfams_style,4,94,0.6666666666666666,8,0,8,752,0,0,3,2,4,2,0.125
continuous_immigration,sfams_style,4,95,0.5,8,0,8,758,0,0,2,1,2,1,0.125
continuous_immigration,sfams_style,4,96,1.0,8,0,8,760,0,0,2,2,3,2,0.125
continuous_immigration,sfams_style,4,97,0.0,8,0,8,769,0,0,1,0,0,0,0.125
continuous_immigration,sfams_style,4,98,1.0,8,0,8,773,0,0,1,1,1,1,0.125
continuous_immigration,sfams_style,4,99,1.0,8,0,8,781,0,0,1,1,1,1,0.125
continuous_immigration,sfams_style,4,100,0.5,8,0,8,785,0,0,2,1,2,1,0.125
continuous_immigration,sfams_style,4,101,nan,8,0,8,799,0,0,0,0,0,0,0.125
continuous_immigration,sfams_style,4,102,0.5,8,0,8,809,0,0,4,2,4,2,0.125
continuous_immigration,sfams_style,4,103,0.0,8,0,8,820,0,0,1,0,0,0,0.125
continuous_immigration,sfams_style,4,104,0.0,8,0,8,825,0,0,2,0,1,0,0.125
continuous_immigration,sfams_style,4,105,nan,8,0,8,833,0,0,0,0,0,0,0.125
continuous_immigration,sfams_style,4,106,0.6666666666666666,8,0,8,840,0,0,3,2,3,2,0.125
continuous_immigration,sfams_style,4,107,1.0,8,0,8,852,0,0,1,1,1,1,0.125
continuous_immigration,sfams_style,4,108,0.6666666666666666,8,0,8,858,0,0,3,2,2,2,0.125
continuous_immigration,sfams_style,4,109,0.5,8,0,8,865,0,0,6,3,6,3,0.125
continuous_immigration,sfams_style,4,110,0.5,8,0,8,873,0,0,2,1,1,1,0.125
continuous_immigration,sfams_style,4,111,0.3333333333333333,8,0,8,877,0,0,3,1,2,1,0.125
continuous_immigration,sfams_style,4,112,0.75,8,0,8,882,0,0,4,3,4,3,0.125
continuous_immigration,sfams_style,4,113,1.0,8,0,8,891,0,0,1,1,3,1,0.125
continuous_immigration,sfams_style,4,114,1.0,8,0,8,898,0,0,2,2,3,2,0.125
continuous_immigration,sfams_style,4,115,0.0,8,0,8,908,0,0,3,0,0,0,0.125
continuous_immigration,sfams_style,4,116,nan,8,0,8,915,0,0,0,0,0,0,0.125
continuous_immigration,sfams_style,4,117,1.0,8,0,8,923,0,0,1,1,2,1,0.125
continuous_immigration,sfams_style,4,118,nan,8,0,8,928,0,0,0,0,0,0,0.125
continuous_immigration,sfams_style,4,119,1.0,8,0,8,934,0,0,1,1,1,1,0.125
continuous_immigration,sfams_style,4,120,nan,8,0,8,938,0,0,0,0,0,0,0.125
continuous_immigration,sfams_style,4,121,0.25,8,0,8,943,0,0,4,1,2,1,0.125
continuous_immigration,sfams_style,4,122,1.0,8,0,8,945,0,0,1,1,1,1,0.125
continuous_immigration,sfams_style,4,123,1.0,8,0,8,949,0,0,1,1,1,1,0.125
continuous_immigration,sfams_style,4,124,0.0,8,0,8,951,0,0,2,0,0,0,0.125
continuous_immigration,sfams_style,4,125,nan,8,0,8,958,0,0,0,0,0,0,0.125
continuous_immigration,sfams_style,4,126,0.5,8,0,8,964,0,0,2,1,2,1,0.125
continuous_immigration,sfams_style,4,127,nan,8,0,8,976,0,0,0,0,0,0,0.125
continuous_immigration,sfams_style,4,128,nan,8,0,8,982,0,0,0,0,0,0,0.125
continuous_immigration,sfams_style,4,129,0.0,8,0,8,987,0,0,1,0,0,0,0.125
continuous_immigration,sfams_style,4,130,0.5,8,0,8,993,0,0,4,2,3,2,0.125
continuous_immigration,sfams_style,4,131,1.0,8,0,8,1000,0,0,1,1,3,1,0.125
continuous_immigration,sfams_style,4,132,0.0,8,0,8,1009,0,0,1,0,1,0,0.125
continuous_immigration,sfams_style,4,133,0.5,8,0,8,1019,0,0,4,2,4,2,0.125
continuous_immigration,sfams_style,4,134,1.0,8,0,8,1028,0,0,2,2,3,2,0.125
continuous_immigration,sfams_style,4,135,nan,8,0,8,1038,0,0,0,0,0,0,0.125
continuous_immigration,sfams_style,4,136,nan,8,0,8,1046,0,0,0,0,0,0,0.125
continuous_immigration,sfams_style,4,137,0.6666666666666666,8,0,8,1048,0,0,3,2,2,2,0.125
continuous_immigration,sfams_style,4,138,1.0,8,0,8,1055,0,0,1,1,2,1,0.125
continuous_immigration,sfams_style,4,139,nan,8,0,8,1059,0,0,0,0,0,0,0.125
continuous_immigration,sfams_style,4,140,1.0,8,0,8,1066,0,0,1,1,1,1,0.125
continuous_immigration,sfams_style,4,141,1.0,8,0,8,1081,0,0,2,2,3,2,0.125
continuous_immigration,sfams_style,4,142,0.5,8,0,8,1093,0,0,2,1,3,1,0.125
continuous_immigration,sfams_style,4,143,nan,8,0,8,1101,0,0,0,0,0,0,0.125
continuous_immigration,sfams_style,4,144,0.5,8,0,8,1107,0,0,2,1,1,1,0.125
continuous_immigration,sfams_style,4,145,0.5,8,0,8,1112,0,0,2,1,1,1,0.125
continuous_immigration,sfams_style,4,146,0.5,8,0,8,1123,0,0,2,1,1,1,0.125
continuous_immigration,sfams_style,4,147,0.6666666666666666,8,0,8,1135,0,0,3,2,2,2,0.125
continuous_immigration,sfams_style,4,148,1.0,8,0,8,1143,0,0,2,2,3,2,0.125
continuous_immigration,sfams_style,4,149,0.5,8,0,8,1151,0,0,2,1,2,1,0.125
continuous_immigration,sfams_style,4,150,0.6666666666666666,8,0,8,1157,0,0,3,2,3,2,0.125
continuous_immigration,sfams_style,4,151,nan,8,0,8,1166,0,0,0,0,0,0,0.125
continuous_immigration,sfams_style,4,152,0.5,8,0,8,1173,0,0,2,1,1,1,0.125
continuous_immigration,sfams_style,4,153,0.75,8,0,8,1178,0,0,4,3,4,3,0.125
continuous_immigration,sfams_style,4,154,0.5,8,0,8,1193,0,0,2,1,2,1,0.125
continuous_immigration,sfams_style,4,155,0.5,8,0,8,1206,0,0,2,1,3,1,0.125
continuous_immigration,sfams_style,4,156,0.3333333333333333,8,0,8,1215,0,0,3,1,2,1,0.125
continuous_immigration,sfams_style,4,157,nan,8,0,8,1224,0,0,0,0,0,0,0.125
continuous_immigration,sfams_style,4,158,nan,8,0,8,1227,0,0,0,0,0,0,0.125
continuous_immigration,sfams_style,4,159,0.3333333333333333,8,0,8,1239,0,0,3,1,6,1,0.125
continuous_immigration,sfams_style,4,160,0.0,8,0,8,1249,0,0,2,0,0,0,0.125
continuous_immigration,sfams_style,4,161,1.0,8,0,8,1256,0,0,2,2,3,2,0.125
continuous_immigration,sfams_style,4,162,0.0,8,0,8,1264,0,0,2,0,0,0,0.125
continuous_immigration,sfams_style,4,163,1.0,8,0,8,1266,0,0,2,2,2,2,0.125
continuous_immigration,sfams_style,4,164,1.0,8,0,8,1273,0,0,1,1,1,1,0.125
continuous_immigration,sfams_style,4,165,0.6666666666666666,8,0,8,1282,0,0,3,2,3,2,0.125
continuous_immigration,sfams_style,4,166,0.0,8,0,8,1292,0,0,2,0,0,0,0.125
continuous_immigration,sfams_style,4,167,1.0,8,0,8,1295,0,0,1,1,1,1,0.125
continuous_immigration,sfams_style,4,168,1.0,8,0,8,1304,0,0,1,1,1,1,0.125
continuous_immigration,sfams_style,4,169,1.0,8,0,8,1312,0,0,2,2,2,2,0.125
continuous_immigration,sfams_style,4,170,0.75,8,0,8,1321,0,0,4,3,4,3,0.125
continuous_immigration,sfams_style,4,171,0.0,8,0,8,1325,0,0,1,0,0,0,0.125
continuous_immigration,sfams_style,4,172,nan,8,0,8,1331,0,0,0,0,0,0,0.125
continuous_immigration,sfams_style,4,173,0.5,8,0,8,1338,0,0,2,1,1,1,0.125
continuous_immigration,sfams_style,4,174,0.6666666666666666,8,0,8,1350,0,0,3,2,5,2,0.125
continuous_immigration,sfams_style,4,175,0.5,8,0,8,1354,0,0,2,1,2,1,0.125
continuous_immigration,sfams_style,4,176,0.6666666666666666,8,0,8,1359,0,0,3,2,2,2,0.125
continuous_immigration,sfams_style,4,177,0.0,8,0,8,1369,0,0,1,0,0,0,0.125
continuous_immigration,sfams_style,4,178,0.5,8,0,8,1374,0,0,2,1,1,1,0.125
continuous_immigration,sfams_style,4,179,0.75,8,0,8,1386,0,0,4,3,6,3,0.125
continuous_immigration,sfams_style,4,180,0.5,8,0,8,1391,0,0,2,1,2,1,0.125
continuous_immigration,sfams_style,4,181,0.0,8,0,8,1398,0,0,2,0,0,0,0.125
continuous_immigration,sfams_style,4,182,0.3333333333333333,8,0,8,1406,0,0,3,1,2,1,0.125
continuous_immigration,sfams_style,4,183,0.5,8,0,8,1412,0,0,2,1,2,1,0.125
continuous_immigration,sfams_style,4,184,1.0,8,0,8,1417,0,0,2,2,2,2,0.125
continuous_immigration,sfams_style,4,185,0.0,8,0,8,1428,0,0,3,0,0,0,0.125
continuous_immigration,sfams_style,4,186,0.0,8,0,8,1433,0,0,1,0,0,0,0.125
continuous_immigration,sfams_style,4,187,0.5,8,0,8,1442,0,0,2,1,1,1,0.125
continuous_immigration,sfams_style,4,188,0.0,8,0,8,1448,0,0,1,0,0,0,0.125
continuous_immigration,sfams_style,4,189,0.6666666666666666,8,0,8,1456,0,0,3,2,3,2,0.125
continuous_immigration,sfams_style,4,190,1.0,8,0,8,1463,0,0,1,1,1,1,0.125
continuous_immigration,sfams_style,4,191,1.0,8,0,8,1469,0,0,1,1,2,1,0.125
continuous_immigration,sfams_style,4,192,nan,8,0,8,1474,0,0,0,0,0,0,0.125
continuous_immigration,sfams_style,4,193,0.5,8,0,8,1482,0,0,2,1,1,1,0.125
continuous_immigration,sfams_style,4,194,1.0,8,0,8,1490,0,0,1,1,1,1,0.125
continuous_immigration,sfams_style,4,195,0.0,8,0,8,1497,0,0,1,0,0,0,0.125
continuous_immigration,sfams_style,4,196,0.5,8,0,8,1504,0,0,2,1,2,1,0.125
continuous_immigration,sfams_style,4,197,0.5,8,0,8,1507,0,0,2,1,2,1,0.125
continuous_immigration,sfams_style,4,198,nan,8,0,8,1515,0,0,0,0,0,0,0.125
continuous_immigration,sfams_style,4,199,0.0,8,0,8,1524,0,0,1,0,0,0,0.125
continuous_immigration,sfams_style,4,200,1.0,8,0,8,1528,0,0,4,4,4,4,0.125
continuous_immigration,sfams_style,4,201,0.0,8,0,8,1533,0,0,3,0,1,0,0.125
continuous_immigration,sfams_style,4,202,0.5,8,0,8,1540,0,0,2,1,1,1,0.125
continuous_immigration,sfams_style,4,203,0.0,8,0,8,1548,0,0,1,0,0,0,0.125
continuous_immigration,sfams_style,4,204,1.0,8,0,8,1557,0,0,2,2,2,2,0.125
continuous_immigration,sfams_style,4,205,1.0,8,0,8,1567,0,0,1,1,1,1,0.125
continuous_immigration,sfams_style,4,206,0.0,8,0,8,1576,0,0,1,0,1,0,0.125
continuous_immigration,sfams_style,4,207,0.0,8,0,8,1585,0,0,1,0,1,0,0.125
continuous_immigration,sfams_style,4,208,0.6666666666666666,8,0,8,1592,0,0,3,2,4,2,0.125
continuous_immigration,sfams_style,4,209,1.0,8,0,8,1599,0,0,2,2,2,2,0.125
continuous_immigration,sfams_style,4,210,0.6666666666666666,8,0,8,1605,0,0,3,2,3,2,0.125
continuous_immigration,sfams_style,4,211,0.6666666666666666,8,0,8,1613,0,0,3,2,3,2,0.125
continuous_immigration,sfams_style,4,212,0.0,8,0,8,1620,0,0,1,0,1,0,0.125
continuous_immigration,sfams_style,4,213,0.0,8,0,8,1630,0,0,1,0,0,0,0.125
continuous_immigration,sfams_style,4,214,0.0,8,0,8,1638,0,0,1,0,0,0,0.125
continuous_immigration,sfams_style,4,215,0.3333333333333333,8,0,8,1652,0,0,3,1,3,1,0.125
continuous_immigration,sfams_style,4,216,0.0,8,0,8,1663,0,0,2,0,0,0,0.125
continuous_immigration,sfams_style,4,217,0.0,8,0,8,1669,0,0,1,0,0,0,0.125
continuous_immigration,sfams_style,4,218,0.75,8,0,8,1677,0,0,4,3,4,3,0.125
continuous_immigration,sfams_style,4,219,0.3333333333333333,8,0,8,1685,0,0,3,1,1,1,0.125
continuous_immigration,sfams_style,4,220,0.0,8,0,8,1693,0,0,1,0,0,0,0.125
continuous_immigration,sfams_style,4,221,1.0,8,0,8,1698,0,0,1,1,2,1,0.125
continuous_immigration,sfams_style,4,222,1.0,8,0,8,1710,0,0,1,1,1,1,0.125
continuous_immigration,sfams_style,4,223,nan,8,0,8,1719,0,0,0,0,0,0,0.125
continuous_immigration,sfams_style,4,224,1.0,8,0,8,1732,0,0,1,1,1,1,0.125
continuous_immigration,sfams_style,4,225,nan,8,0,8,1738,0,0,0,0,0,0,0.125
continuous_immigration,sfams_style,4,226,1.0,8,0,8,1741,0,0,1,1,2,1,0.125
continuous_immigration,sfams_style,4,227,0.6666666666666666,8,0,8,1746,0,0,3,2,4,2,0.125
continuous_immigration,sfams_style,4,228,0.0,8,0,8,1753,0,0,2,0,0,0,0.125
continuous_immigration,sfams_style,4,229,0.4,8,0,8,1759,0,0,5,2,3,2,0.125
continuous_immigration,sfams_style,4,230,nan,8,0,8,1763,0,0,0,0,0,0,0.125
continuous_immigration,sfams_style,4,231,nan,8,0,8,1771,0,0,0,0,0,0,0.125
continuous_immigration,sfams_style,4,232,1.0,8,0,8,1784,0,0,2,2,2,2,0.125
continuous_immigration,sfams_style,4,233,1.0,8,0,8,1789,0,0,1,1,2,1,0.125
continuous_immigration,sfams_style,4,234,nan,8,0,8,1802,0,0,0,0,0,0,0.125
continuous_immigration,sfams_style,4,235,nan,8,0,8,1809,0,0,0,0,0,0,0.125
continuous_immigration,sfams_style,4,236,1.0,8,0,8,1812,0,0,2,2,3,2,0.125
continuous_immigration,sfams_style,4,237,0.0,8,0,8,1817,0,0,1,0,0,0,0.125
continuous_immigration,sfams_style,4,238,0.6666666666666666,8,0,8,1825,0,0,3,2,2,2,0.125
continuous_immigration,sfams_style,4,239,0.0,8,0,8,1835,0,0,1,0,0,0,0.125
continuous_immigration,sfams_style,4,240,0.5,8,0,8,1844,0,0,2,1,2,1,0.125
continuous_immigration,sfams_style,4,241,0.0,8,0,8,1846,0,0,1,0,0,0,0.125
continuous_immigration,sfams_style,4,242,0.0,8,0,8,1851,0,0,1,0,0,0,0.125
continuous_immigration,sfams_style,4,243,0.0,8,0,8,1858,0,0,1,0,0,0,0.125
continuous_immigration,sfams_style,4,244,0.25,8,0,8,1869,0,0,4,1,2,1,0.125
continuous_immigration,sfams_style,4,245,0.0,8,0,8,1879,0,0,2,0,0,0,0.125
continuous_immigration,sfams_style,4,246,1.0,8,0,8,1887,0,0,2,2,2,2,0.125
continuous_immigration,sfams_style,4,247,nan,8,0,8,1895,0,0,0,0,0,0,0.125
continuous_immigration,sfams_style,4,248,nan,8,0,8,1907,0,0,0,0,0,0,0.125
continuous_immigration,sfams_style,4,249,0.75,8,0,8,1916,0,0,4,3,5,3,0.125
continuous_immigration,sfams_style,4,250,0.5,8,0,8,1925,0,0,2,1,1,1,0.125
continuous_immigration,sfams_style,4,251,0.6666666666666666,8,0,8,1932,0,0,3,2,5,2,0.125
continuous_immigration,sfams_style,4,252,1.0,8,0,8,1941,0,0,1,1,1,1,0.125
continuous_immigration,sfams_style,4,253,0.5,8,0,8,1947,0,0,2,1,1,1,0.125
continuous_immigration,sfams_style,4,254,0.0,8,0,8,1959,0,0,2,0,0,0,0.125
continuous_immigration,sfams_style,4,255,0.3333333333333333,8,0,8,1968,0,0,3,1,3,1,0.125
continuous_immigration,sfams_style,4,256,0.5,8,0,8,1978,0,0,2,1,1,1,0.125
continuous_immigration,sfams_style,4,257,nan,8,0,8,1984,0,0,0,0,0,0,0.125
continuous_immigration,sfams_style,4,258,1.0,8,0,8,1989,0,0,1,1,1,1,0.125
continuous_immigration,sfams_style,4,259,0.3333333333333333,8,0,8,1997,0,0,3,1,2,1,0.125
continuous_immigration,sfams_style,4,260,0.0,8,0,8,2006,0,0,1,0,1,0,0.125
continuous_immigration,sfams_style,4,261,0.8,8,0,8,2016,0,0,5,4,6,4,0.125
continuous_immigration,sfams_style,4,262,nan,8,0,8,2018,0,0,0,0,0,0,0.125
continuous_immigration,sfams_style,4,263,0.5,8,0,8,2026,0,0,2,1,2,1,0.125
continuous_immigration,sfams_style,4,264,0.0,8,0,8,2034,0,0,1,0,1,0,0.125
continuous_immigration,sfams_style,4,265,nan,8,0,8,2045,0,0,0,0,0,0,0.125
continuous_immigration,sfams_style,4,266,0.0,8,0,8,2053,0,0,2,0,1,0,0.125
continuous_immigration,sfams_style,4,267,1.0,8,0,8,2063,0,0,1,1,1,1,0.125
continuous_immigration,sfams_style,4,268,nan,8,0,8,2071,0,0,0,0,0,0,0.125
continuous_immigration,sfams_style,4,269,nan,8,0,8,2081,0,0,0,0,0,0,0.125
continuous_immigration,sfams_style,4,270,0.3333333333333333,8,0,8,2088,0,0,3,1,1,1,0.125
continuous_immigration,sfams_style,4,271,0.5,8,0,8,2091,0,0,4,2,3,2,0.125
continuous_immigration,sfams_style,4,272,0.5,8,0,8,2103,0,0,2,1,1,1,0.125
continuous_immigration,sfams_style,4,273,0.5,8,0,8,2112,0,0,4,2,4,2,0.125
continuous_immigration,sfams_style,4,274,0.8,8,0,8,2120,0,0,5,4,5,4,0.125
continuous_immigration,sfams_style,4,275,0.0,8,0,8,2128,0,0,1,0,1,0,0.125
continuous_immigration,sfams_style,4,276,nan,8,0,8,2133,0,0,0,0,0,0,0.125
continuous_immigration,sfams_style,4,277,0.3333333333333333,8,0,8,2139,0,0,3,1,3,1,0.125
continuous_immigration,sfams_style,4,278,0.5,8,0,8,2149,0,0,2,1,1,1,0.125
continuous_immigration,sfams_style,4,279,0.0,8,0,8,2161,0,0,3,0,1,0,0.125
continuous_immigration,sfams_style,4,280,1.0,8,0,8,2170,0,0,2,2,2,2,0.125
continuous_immigration,sfams_style,4,281,0.5,8,0,8,2174,0,0,2,1,2,1,0.125
continuous_immigration,sfams_style,4,282,1.0,8,0,8,2182,0,0,1,1,2,1,0.125
continuous_immigration,sfams_style,4,283,1.0,8,0,8,2187,0,0,1,1,1,1,0.125
continuous_immigration,sfams_style,4,284,0.5,8,0,8,2196,0,0,2,1,1,1,0.125
continuous_immigration,sfams_style,4,285,0.3333333333333333,8,0,8,2206,0,0,3,1,3,1,0.125
continuous_immigration,sfams_style,4,286,0.3333333333333333,8,0,8,2216,0,0,3,1,2,1,0.125
continuous_immigration,sfams_style,4,287,0.0,8,0,8,2223,0,0,1,0,0,0,0.125
continuous_immigration,sfams_style,4,288,nan,8,0,8,2229,0,0,0,0,0,0,0.125
continuous_immigration,sfams_style,4,289,0.5,8,0,8,2233,0,0,2,1,1,1,0.125
continuous_immigration,sfams_style,4,290,0.0,8,0,8,2238,0,0,1,0,0,0,0.125
continuous_immigration,sfams_style,4,291,0.0,8,0,8,2241,0,0,3,0,1,0,0.125
continuous_immigration,sfams_style,4,292,nan,8,0,8,2247,0,0,0,0,0,0,0.125
continuous_immigration,sfams_style,4,293,1.0,8,0,8,2252,0,0,3,3,4,3,0.125
continuous_immigration,sfams_style,4,294,1.0,8,0,8,2259,0,0,2,2,3,2,0.125
continuous_immigration,sfams_style,4,295,1.0,8,0,8,2264,0,0,1,1,1,1,0.125
continuous_immigration,sfams_style,4,296,0.0,8,0,8,2269,0,0,2,0,0,0,0.125
continuous_immigration,sfams_style,4,297,1.0,8,0,8,2273,0,0,3,3,4,3,0.125
continuous_immigration,sfams_style,4,298,1.0,8,0,8,2282,0,0,2,2,2,2,0.125
continuous_immigration,sfams_style,4,299,0.6666666666666666,8,0,8,2287,0,0,3,2,2,2,0.125
continuous_immigration,sfams_style,4,300,1.0,8,0,8,2290,0,0,2,2,3,2,0.125
continuous_immigration,sfams_style,4,301,0.6666666666666666,8,0,8,2297,0,0,3,2,4,2,0.125
continuous_immigration,sfams_style,4,302,0.75,8,0,8,2306,0,0,4,3,4,3,0.125
continuous_immigration,sfams_style,4,303,nan,8,0,8,2312,0,0,0,0,0,0,0.125
continuous_immigration,sfams_style,4,304,0.0,8,0,8,2317,0,0,1,0,0,0,0.125
continuous_immigration,sfams_style,4,305,0.42857142857142855,8,0,8,2324,0,0,7,3,4,3,0.125
continuous_immigration,sfams_style,4,306,0.5,8,0,8,2338,0,0,2,1,1,1,0.125
continuous_immigration,sfams_style,4,307,nan,8,0,8,2347,0,0,0,0,0,0,0.125
continuous_immigration,sfams_style,4,308,1.0,8,0,8,2356,0,0,1,1,1,1,0.125
continuous_immigration,sfams_style,4,309,1.0,8,0,8,2364,0,0,1,1,2,1,0.125
continuous_immigration,sfams_style,4,310,nan,8,0,8,2374,0,0,0,0,0,0,0.125
continuous_immigration,sfams_style,4,311,0.6666666666666666,8,0,8,2381,0,0,3,2,3,2,0.125
continuous_immigration,sfams_style,4,312,0.4,8,0,8,2386,0,0,5,2,4,2,0.125
continuous_immigration,sfams_style,4,313,nan,8,0,8,2394,0,0,0,0,0,0,0.125
continuous_immigration,sfams_style,4,314,0.3333333333333333,8,0,8,2403,0,0,3,1,4,1,0.125
continuous_immigration,sfams_style,4,315,0.0,8,0,8,2410,0,0,1,0,1,0,0.125
continuous_immigration,sfams_style,4,316,1.0,8,0,8,2421,0,0,2,2,3,2,0.125
continuous_immigration,sfams_style,4,317,nan,8,0,8,2428,0,0,0,0,0,0,0.125
continuous_immigration,sfams_style,4,318,1.0,8,0,8,2436,0,0,2,2,2,2,0.125
continuous_immigration,sfams_style,4,319,0.0,8,0,8,2444,0,0,1,0,0,0,0.125
continuous_immigration,sfams_style,4,320,1.0,8,0,8,2449,0,0,3,3,4,3,0.125
continuous_immigration,sfams_style,4,321,1.0,8,0,8,2458,0,0,1,1,1,1,0.125
continuous_immigration,sfams_style,4,322,0.6666666666666666,8,0,8,2462,0,0,3,2,3,2,0.125
continuous_immigration,sfams_style,4,323,1.0,8,0,8,2472,0,0,1,1,1,1,0.125
continuous_immigration,sfams_style,4,324,1.0,8,0,8,2481,0,0,1,1,3,1,0.125
continuous_immigration,sfams_style,4,325,1.0,8,0,8,2491,0,0,1,1,2,1,0.125
continuous_immigration,sfams_style,4,326,0.4,8,0,8,2500,0,0,5,2,3,2,0.125
continuous_immigration,sfams_style,4,327,0.3333333333333333,8,0,8,2508,0,0,3,1,4,1,0.125
continuous_immigration,sfams_style,4,328,0.6666666666666666,8,0,8,2519,0,0,3,2,4,2,0.125
continuous_immigration,sfams_style,4,329,0.0,8,0,8,2530,0,0,1,0,0,0,0.125
continuous_immigration,sfams_style,4,330,0.0,8,0,8,2536,0,0,2,0,0,0,0.125
continuous_immigration,sfams_style,4,331,0.5,8,0,8,2546,0,0,2,1,2,1,0.125
continuous_immigration,sfams_style,4,332,0.75,8,0,8,2551,0,0,4,3,5,3,0.125
continuous_immigration,sfams_style,4,333,nan,8,0,8,2556,0,0,0,0,0,0,0.125
continuous_immigration,sfams_style,4,334,1.0,8,0,8,2562,0,0,2,2,2,2,0.125
continuous_immigration,sfams_style,4,335,0.5,8,0,8,2572,0,0,2,1,1,1,0.125
continuous_immigration,sfams_style,4,336,0.3333333333333333,8,0,8,2582,0,0,3,1,1,1,0.125
continuous_immigration,sfams_style,4,337,0.0,8,0,8,2588,0,0,1,0,0,0,0.125
continuous_immigration,sfams_style,4,338,1.0,8,0,8,2592,0,0,1,1,2,1,0.125
continuous_immigration,sfams_style,4,339,nan,8,0,8,2600,0,0,0,0,0,0,0.125
continuous_immigration,sfams_style,4,340,0.0,8,0,8,2608,0,0,1,0,0,0,0.125
continuous_immigration,sfams_style,4,341,nan,8,0,8,2618,0,0,0,0,0,0,0.125
continuous_immigration,sfams_style,4,342,0.3333333333333333,8,0,8,2626,0,0,3,1,2,1,0.125
continuous_immigration,sfams_style,4,343,1.0,8,0,8,2632,0,0,1,1,2,1,0.125
continuous_immigration,sfams_style,4,344,1.0,8,0,8,2639,0,0,1,1,1,1,0.125
continuous_immigration,sfams_style,4,345,1.0,8,0,8,2647,0,0,1,1,3,1,0.125
continuous_immigration,sfams_style,4,346,1.0,8,0,8,2654,0,0,2,2,2,2,0.125
continuous_immigration,sfams_style,4,347,0.0,8,0,8,2661,0,0,1,0,0,0,0.125
continuous_immigration,sfams_style,4,348,1.0,8,0,8,2668,0,0,1,1,1,1,0.125
continuous_immigration,sfams_style,4,349,0.5,8,0,8,2677,0,0,2,1,1,1,0.125
continuous_immigration,sfams_style,4,350,0.5,8,0,8,2685,0,0,4,2,4,2,0.125
continuous_immigration,sfams_style,4,351,0.8,8,0,8,2691,0,0,5,4,5,4,0.125
continuous_immigration,sfams_style,4,352,1.0,8,0,8,2699,0,0,1,1,1,1,0.125
continuous_immigration,sfams_style,4,353,0.0,8,0,8,2708,0,0,2,0,1,0,0.125
continuous_immigration,sfams_style,4,354,0.5,8,0,8,2711,0,0,2,1,1,1,0.125
continuous_immigration,sfams_style,4,355,nan,8,0,8,2720,0,0,0,0,0,0,0.125
continuous_immigration,sfams_style,4,356,0.0,8,0,8,2726,0,0,1,0,0,0,0.125
continuous_immigration,sfams_style,4,357,0.0,8,0,8,2739,0,0,1,0,0,0,0.125
continuous_immigration,sfams_style,4,358,nan,8,0,8,2747,0,0,0,0,0,0,0.125
continuous_immigration,sfams_style,4,359,1.0,8,0,8,2757,0,0,2,2,2,2,0.125
continuous_immigration,sfams_style,4,360,0.6666666666666666,8,0,8,2760,0,0,3,2,3,2,0.125
continuous_immigration,sfams_style,4,361,1.0,8,0,8,2766,0,0,2,2,2,2,0.125
continuous_immigration,sfams_style,4,362,1.0,8,0,8,2771,0,0,2,2,3,2,0.125
continuous_immigration,sfams_style,4,363,1.0,8,0,8,2773,0,0,3,3,3,3,0.125
continuous_immigration,sfams_style,4,364,0.6666666666666666,8,0,8,2782,0,0,3,2,4,2,0.125
continuous_immigration,sfams_style,4,365,0.6666666666666666,8,0,8,2791,0,0,3,2,3,2,0.125
continuous_immigration,sfams_style,4,366,0.25,8,0,8,2796,0,0,4,1,5,1,0.125
continuous_immigration,sfams_style,4,367,1.0,8,0,8,2806,0,0,4,4,6,4,0.125
continuous_immigration,sfams_style,4,368,1.0,8,0,8,2815,0,0,2,2,3,2,0.125
continuous_immigration,sfams_style,4,369,0.0,8,0,8,2825,0,0,1,0,0,0,0.125
continuous_immigration,sfams_style,4,370,0.6666666666666666,8,0,8,2833,0,0,3,2,6,2,0.125
continuous_immigration,sfams_style,4,371,0.5,8,0,8,2838,0,0,4,2,3,2,0.125
continuous_immigration,sfams_style,4,372,0.5,8,0,8,2849,0,0,2,1,1,1,0.125
continuous_immigration,sfams_style,4,373,1.0,8,0,8,2860,0,0,1,1,3,1,0.125
continuous_immigration,sfams_style,4,374,1.0,8,0,8,2864,0,0,1,1,2,1,0.125
continuous_immigration,sfams_style,4,375,0.5,8,0,8,2868,0,0,2,1,1,1,0.125
continuous_immigration,sfams_style,4,376,0.5,8,0,8,2874,0,0,2,1,1,1,0.125
continuous_immigration,sfams_style,4,377,0.5,8,0,8,2883,0,0,2,1,1,1,0.125
continuous_immigration,sfams_style,4,378,nan,8,0,8,2887,0,0,0,0,0,0,0.125
continuous_immigration,sfams_style,4,379,0.5,8,0,8,2896,0,0,2,1,2,1,0.125
continuous_immigration,sfams_style,4,380,0.5,8,0,8,2902,0,0,2,1,1,1,0.125
continuous_immigration,sfams_style,4,381,0.5,8,0,8,2912,0,0,2,1,1,1,0.125
continuous_immigration,sfams_style,4,382,0.5,8,0,8,2920,0,0,2,1,2,1,0.125
continuous_immigration,sfams_style,4,383,0.0,8,0,8,2931,0,0,2,0,0,0,0.125
continuous_immigration,sfams_style,4,384,1.0,8,0,8,2940,0,0,1,1,2,1,0.125
continuous_immigration,sfams_style,4,385,0.5,8,0,8,2945,0,0,2,1,4,1,0.125
continuous_immigration,sfams_style,4,386,0.75,8,0,8,2952,0,0,4,3,6,3,0.125
continuous_immigration,sfams_style,4,387,0.0,8,0,8,2960,0,0,1,0,0,0,0.125
continuous_immigration,sfams_style,4,388,0.75,8,0,8,2971,0,0,4,3,3,3,0.125
continuous_immigration,sfams_style,4,389,0.75,8,0,8,2977,0,0,4,3,5,3,0.125
continuous_immigration,sfams_style,4,390,1.0,8,0,8,2988,0,0,1,1,2,1,0.125
continuous_immigration,sfams_style,4,391,1.0,8,0,8,2997,0,0,2,2,2,2,0.125
continuous_immigration,sfams_style,4,392,nan,8,0,8,2999,0,0,0,0,0,0,0.125
continuous_immigration,sfams_style,4,393,1.0,8,0,8,3007,0,0,2,2,3,2,0.125
continuous_immigration,sfams_style,4,394,0.0,8,0,8,3015,0,0,1,0,0,0,0.125
continuous_immigration,sfams_style,4,395,1.0,8,0,8,3022,0,0,2,2,3,2,0.125
continuous_immigration,sfams_style,4,396,0.5,8,0,8,3025,0,0,2,1,2,1,0.125
continuous_immigration,sfams_style,4,397,0.3333333333333333,8,0,8,3033,0,0,3,1,1,1,0.125
continuous_immigration,sfams_style,4,398,1.0,8,0,8,3040,0,0,1,1,2,1,0.125
continuous_immigration,sfams_style,4,399,0.0,8,0,8,3049,0,0,1,0,0,0,0.125
continuous_immigration,flat,0,0,0.0,6,0,6,0,0,0,5,0,0,0,0.5
continuous_immigration,flat,0,1,1.0,17,0,17,0,0,0,1,1,1,1,0.7058823529411765
continuous_immigration,flat,0,2,0.3333333333333333,31,0,31,0,0,0,3,1,2,1,0.8064516129032258
continuous_immigration,flat,0,3,0.0,37,0,37,0,0,0,2,0,0,0,0.8108108108108109
continuous_immigration,flat,0,4,0.0,45,0,45,0,0,0,1,0,0,0,0.8
continuous_immigration,flat,0,5,0.0,56,0,56,0,0,0,1,0,1,0,0.8214285714285714
continuous_immigration,flat,0,6,0.0,61,0,61,0,0,0,1,0,1,0,0.819672131147541
continuous_immigration,flat,0,7,nan,71,0,71,0,0,0,0,0,0,0,0.8450704225352113
continuous_immigration,flat,0,8,0.75,86,0,86,0,0,0,4,3,6,3,0.8604651162790697
continuous_immigration,flat,0,9,0.5,94,0,94,0,0,0,2,1,3,1,0.8404255319148937
continuous_immigration,flat,0,10,nan,102,0,102,0,0,0,0,0,0,0,0.8431372549019608
continuous_immigration,flat,0,11,nan,107,0,107,0,0,0,0,0,0,0,0.8411214953271028
continuous_immigration,flat,0,12,1.0,118,0,118,0,0,0,1,1,4,1,0.8559322033898306
continuous_immigration,flat,0,13,0.5,128,0,128,0,0,0,2,1,5,1,0.859375
continuous_immigration,flat,0,14,nan,133,0,133,0,0,0,0,0,0,0,0.8646616541353384
continuous_immigration,flat,0,15,0.5,139,0,139,0,0,0,2,1,3,1,0.8561151079136691
continuous_immigration,flat,0,16,1.0,145,0,145,0,0,0,3,3,7,3,0.8551724137931035
continuous_immigration,flat,0,17,0.6666666666666666,149,0,149,0,0,0,3,2,5,2,0.8590604026845637
continuous_immigration,flat,0,18,1.0,154,0,154,0,0,0,1,1,2,1,0.8506493506493507
continuous_immigration,flat,0,19,1.0,160,0,160,0,0,0,2,2,7,2,0.85
continuous_immigration,flat,0,20,0.5,167,0,167,0,0,0,4,2,8,2,0.844311377245509
continuous_immigration,flat,0,21,1.0,173,0,173,0,0,0,1,1,4,1,0.8497109826589595
continuous_immigration,flat,0,22,0.6666666666666666,184,0,184,0,0,0,3,2,8,2,0.8532608695652174
continuous_immigration,flat,0,23,nan,192,0,192,0,0,0,0,0,0,0,0.8489583333333334
continuous_immigration,flat,0,24,1.0,203,0,203,0,0,0,2,2,6,2,0.8472906403940886
continuous_immigration,flat,0,25,1.0,212,0,212,0,0,0,2,2,9,2,0.8301886792452831
continuous_immigration,flat,0,26,1.0,223,0,223,0,0,0,2,2,7,2,0.8340807174887892
continuous_immigration,flat,0,27,1.0,235,0,235,0,0,0,3,3,12,3,0.8340425531914893
continuous_immigration,flat,0,28,0.75,243,0,243,0,0,0,4,3,12,3,0.831275720164609
continuous_immigration,flat,0,29,1.0,255,0,255,0,0,0,1,1,5,1,0.8274509803921568
continuous_immigration,flat,0,30,1.0,259,0,259,0,0,0,1,1,4,1,0.8223938223938224
continuous_immigration,flat,0,31,0.75,265,0,265,0,0,0,4,3,10,3,0.8188679245283019
continuous_immigration,flat,0,32,1.0,273,0,273,0,0,0,1,1,5,1,0.8168498168498168
continuous_immigration,flat,0,33,0.8,278,0,278,0,0,0,5,4,13,4,0.8165467625899281
continuous_immigration,flat,0,34,1.0,286,0,286,0,0,0,5,5,20,5,0.8146853146853147
continuous_immigration,flat,0,35,0.5,291,0,291,0,0,0,2,1,5,1,0.8144329896907216
continuous_immigration,flat,0,36,1.0,297,0,297,0,0,0,1,1,4,1,0.8148148148148148
continuous_immigration,flat,0,37,1.0,305,0,305,0,0,0,1,1,4,1,0.8098360655737705
continuous_immigration,flat,0,38,1.0,309,0,309,0,0,0,1,1,4,1,0.8025889967637541
continuous_immigration,flat,0,39,1.0,317,0,317,0,0,0,1,1,5,1,0.804416403785489
continuous_immigration,flat,0,40,1.0,324,0,324,0,0,0,3,3,14,3,0.8024691358024691
continuous_immigration,flat,0,41,0.6666666666666666,331,0,331,0,0,0,6,4,17,4,0.8006042296072508
continuous_immigration,flat,0,42,1.0,342,0,342,0,0,0,1,1,4,1,0.804093567251462
continuous_immigration,flat,0,43,nan,347,0,347,0,0,0,0,0,0,0,0.7982708933717579
continuous_immigration,flat,0,44,1.0,356,0,356,0,0,0,4,4,19,4,0.800561797752809
continuous_immigration,flat,0,45,1.0,360,0,360,0,0,0,2,2,10,2,0.8
continuous_immigration,flat,0,46,nan,369,0,369,0,0,0,0,0,0,0,0.7994579945799458
continuous_immigration,flat,0,47,0.6,378,0,378,0,0,0,5,3,15,3,0.8042328042328042
continuous_immigration,flat,0,48,1.0,383,0,383,0,0,0,2,2,8,2,0.8015665796344648
continuous_immigration,flat,0,49,1.0,388,0,388,0,0,0,3,3,13,3,0.7989690721649485
continuous_immigration,flat,0,50,1.0,400,0,400,0,0,0,2,2,10,2,0.8
continuous_immigration,flat,0,51,1.0,402,0,402,0,0,0,2,2,10,2,0.8009950248756219
continuous_immigration,flat,0,52,1.0,409,0,409,0,0,0,3,3,12,3,0.80440097799511
continuous_immigration,flat,0,53,1.0,416,0,416,0,0,0,1,1,5,1,0.8028846153846154
continuous_immigration,flat,0,54,1.0,425,0,425,0,0,0,1,1,5,1,0.7929411764705883
continuous_immigration,flat,0,55,1.0,432,0,432,0,0,0,5,5,23,5,0.7916666666666666
continuous_immigration,flat,0,56,1.0,436,0,436,0,0,0,2,2,10,2,0.7935779816513762
continuous_immigration,flat,0,57,1.0,443,0,443,0,0,0,2,2,9,2,0.7900677200902935
continuous_immigration,flat,0,58,1.0,450,0,450,0,0,0,2,2,10,2,0.7911111111111111
continuous_immigration,flat,0,59,1.0,455,0,455,0,0,0,2,2,10,2,0.789010989010989
continuous_immigration,flat,0,60,1.0,461,0,461,0,0,0,1,1,5,1,0.7874186550976139
continuous_immigration,flat,0,61,0.0,467,0,467,0,0,0,1,0,0,0,0.7880085653104925
continuous_immigration,flat,0,62,1.0,473,0,473,0,0,0,1,1,5,1,0.7906976744186046
continuous_immigration,flat,0,63,1.0,480,0,480,0,0,0,2,2,9,2,0.7875
continuous_immigration,flat,0,64,1.0,487,0,487,0,0,0,4,4,18,4,0.7905544147843943
continuous_immigration,flat,0,65,1.0,491,0,491,0,0,0,4,4,15,4,0.790224032586558
continuous_immigration,flat,0,66,1.0,501,0,501,0,0,0,2,2,10,2,0.7904191616766467
continuous_immigration,flat,0,67,1.0,506,0,506,0,0,0,1,1,5,1,0.7885375494071146
continuous_immigration,flat,0,68,nan,511,0,511,0,0,0,0,0,0,0,0.7906066536203522
continuous_immigration,flat,0,69,1.0,517,0,517,0,0,0,2,2,10,2,0.793036750483559
continuous_immigration,flat,0,70,1.0,527,0,527,0,0,0,3,3,15,3,0.793168880455408
continuous_immigration,flat,0,71,1.0,531,0,531,0,0,0,1,1,5,1,0.7928436911487758
continuous_immigration,flat,0,72,1.0,540,0,540,0,0,0,2,2,9,2,0.7944444444444444
continuous_immigration,flat,0,73,1.0,549,0,549,0,0,0,3,3,15,3,0.7923497267759563
continuous_immigration,flat,0,74,1.0,557,0,557,0,0,0,1,1,4,1,0.7935368043087971
continuous_immigration,flat,0,75,nan,565,0,565,0,0,0,0,0,0,0,0.7929203539823009
continuous_immigration,flat,0,76,nan,573,0,573,0,0,0,0,0,0,0,0.7905759162303665
continuous_immigration,flat,0,77,1.0,581,0,581,0,0,0,1,1,5,1,0.7900172117039587
continuous_immigration,flat,0,78,1.0,588,0,588,0,0,0,3,3,15,3,0.7908163265306123
continuous_immigration,flat,0,79,1.0,596,0,596,0,0,0,4,4,20,4,0.7919463087248322
continuous_immigration,flat,0,80,1.0,607,0,607,0,0,0,3,3,15,3,0.7940691927512356
continuous_immigration,flat,0,81,1.0,613,0,613,0,0,0,1,1,5,1,0.7944535073409462
continuous_immigration,flat,0,82,1.0,616,0,616,0,0,0,3,3,15,3,0.7938311688311688
continuous_immigration,flat,0,83,nan,622,0,622,0,0,0,0,0,0,0,0.7942122186495176
continuous_immigration,flat,0,84,1.0,627,0,627,0,0,0,2,2,10,2,0.7926634768740032
continuous_immigration,flat,0,85,nan,634,0,634,0,0,0,0,0,0,0,0.7933753943217665
continuous_immigration,flat,0,86,1.0,641,0,641,0,0,0,3,3,15,3,0.7940717628705148
continuous_immigration,flat,0,87,1.0,650,0,650,0,0,0,2,2,6,2,0.7953846153846154
continuous_immigration,flat,0,88,1.0,657,0,657,0,0,0,1,1,5,1,0.7975646879756468
continuous_immigration,flat,0,89,1.0,668,0,668,0,0,0,1,1,5,1,0.7979041916167665
continuous_immigration,flat,0,90,1.0,673,0,673,0,0,0,1,1,5,1,0.7979197622585439
continuous_immigration,flat,0,91,1.0,681,0,681,0,0,0,1,1,5,1,0.7944199706314243
continuous_immigration,flat,0,92,1.0,691,0,691,0,0,0,1,1,5,1,0.7945007235890015
continuous_immigration,flat,0,93,1.0,701,0,701,0,0,0,1,1,5,1,0.7960057061340942
continuous_immigration,flat,0,94,1.0,707,0,707,0,0,0,2,2,7,2,0.7963224893917963
continuous_immigration,flat,0,95,1.0,708,0,708,0,0,0,1,1,5,1,0.7966101694915254
continuous_immigration,flat,0,96,nan,717,0,717,0,0,0,0,0,0,0,0.796373779637378
continuous_immigration,flat,0,97,1.0,727,0,727,0,0,0,1,1,5,1,0.7991746905089409
continuous_immigration,flat,0,98,1.0,735,0,735,0,0,0,2,2,10,2,0.8
continuous_immigration,flat,0,99,1.0,745,0,745,0,0,0,3,3,15,3,0.8
continuous_immigration,flat,0,100,1.0,751,0,751,0,0,0,2,2,10,2,0.7976031957390146
continuous_immigration,flat,0,101,1.0,759,0,759,0,0,0,1,1,5,1,0.7971014492753623
continuous_immigration,flat,0,102,1.0,766,0,766,0,0,0,2,2,10,2,0.7976501305483029
continuous_immigration,flat,0,103,1.0,778,0,778,0,0,0,1,1,5,1,0.7969151670951157
continuous_immigration,flat,0,104,nan,785,0,785,0,0,0,0,0,0,0,0.7974522292993631
continuous_immigration,flat,0,105,nan,800,0,800,0,0,0,0,0,0,0,0.7975
continuous_immigration,flat,0,106,1.0,805,0,805,0,0,0,6,6,30,6,0.7987577639751553
continuous_immigration,flat,0,107,1.0,810,0,810,0,0,0,2,2,10,2,0.7975308641975308
continuous_immigration,flat,0,108,1.0,819,0,819,0,0,0,3,3,15,3,0.796092796092796
continuous_immigration,flat,0,109,1.0,826,0,826,0,0,0,6,6,30,6,0.7978208232445521
continuous_immigration,flat,0,110,1.0,830,0,830,0,0,0,1,1,5,1,0.7975903614457831
continuous_immigration,flat,0,111,1.0,836,0,836,0,0,0,3,3,15,3,0.7966507177033493
continuous_immigration,flat,0,112,1.0,840,0,840,0,0,0,2,2,10,2,0.7964285714285714
continuous_immigration,flat,0,113,1.0,849,0,849,0,0,0,4,4,20,4,0.7962308598351001
continuous_immigration,flat,0,114,1.0,855,0,855,0,0,0,1,1,5,1,0.7953216374269005
continuous_immigration,flat,0,115,1.0,864,0,864,0,0,0,2,2,10,2,0.7951388888888888
continuous_immigration,flat,0,116,1.0,878,0,878,0,0,0,2,2,10,2,0.7949886104783599
continuous_immigration,flat,0,117,nan,885,0,885,0,0,0,0,0,0,0,0.7954802259887006
continuous_immigration,flat,0,118,1.0,891,0,891,0,0,0,2,2,10,2,0.7957351290684624
continuous_immigration,flat,0,119,1.0,897,0,897,0,0,0,1,1,5,1,0.7959866220735786
continuous_immigration,flat,0,120,1.0,904,0,904,0,0,0,5,5,25,5,0.797566371681416
continuous_immigration,flat,0,121,1.0,913,0,913,0,0,0,2,2,10,2,0.7962760131434831
continuous_immigration,flat,0,122,1.0,920,0,920,0,0,0,2,2,10,2,0.7967391304347826
continuous_immigration,flat,0,123,nan,928,0,928,0,0,0,0,0,0,0,0.7963362068965517
continuous_immigration,flat,0,124,1.0,938,0,938,0,0,0,2,2,10,2,0.7963752665245203
continuous_immigration,flat,0,125,1.0,945,0,945,0,0,0,5,5,25,5,0.7968253968253968
continuous_immigration,flat,0,126,nan,948,0,948,0,0,0,0,0,0,0,0.7974683544303798
continuous_immigration,flat,0,127,1.0,954,0,954,0,0,0,1,1,5,1,0.7976939203354297
continuous_immigration,flat,0,128,1.0,967,0,967,0,0,0,1,1,5,1,0.796277145811789
continuous_immigration,flat,0,129,1.0,974,0,974,0,0,0,2,2,10,2,0.795687885010267
continuous_immigration,flat,0,130,nan,981,0,981,0,0,0,0,0,0,0,0.7951070336391437
continuous_immigration,flat,0,131,1.0,988,0,988,0,0,0,2,2,10,2,0.7945344129554656
continuous_immigration,flat,0,132,1.0,992,0,992,0,0,0,4,4,20,4,0.7953629032258065
continuous_immigration,flat,0,133,nan,1001,0,1001,0,0,0,0,0,0,0,0.7972027972027972
continuous_immigration,flat,0,134,1.0,1010,0,1010,0,0,0,1,1,5,1,0.7980198019801981
continuous_immigration,flat,0,135,1.0,1016,0,1016,0,0,0,3,3,15,3,0.797244094488189
continuous_immigration,flat,0,136,1.0,1024,0,1024,0,0,0,3,3,15,3,0.7978515625
continuous_immigration,flat,0,137,1.0,1033,0,1033,0,0,0,3,3,15,3,0.7986447241045499
continuous_immigration,flat,0,138,1.0,1038,0,1038,0,0,0,3,3,15,3,0.7967244701348748
continuous_immigration,flat,0,139,1.0,1042,0,1042,0,0,0,1,1,5,1,0.7975047984644914
continuous_immigration,flat,0,140,1.0,1046,0,1046,0,0,0,2,2,10,2,0.7963671128107075
continuous_immigration,flat,0,141,1.0,1056,0,1056,0,0,0,3,3,15,3,0.7954545454545454
continuous_immigration,flat,0,142,nan,1063,0,1063,0,0,0,0,0,0,0,0.7958607714016933
continuous_immigration,flat,0,143,1.0,1071,0,1071,0,0,0,1,1,5,1,0.7955182072829131
continuous_immigration,flat,0,144,1.0,1077,0,1077,0,0,0,2,2,10,2,0.7948003714020427
continuous_immigration,flat,0,145,1.0,1083,0,1083,0,0,0,5,5,25,5,0.7950138504155124
continuous_immigration,flat,0,146,1.0,1096,0,1096,0,0,0,1,1,5,1,0.7956204379562044
continuous_immigration,flat,0,147,1.0,1104,0,1104,0,0,0,3,3,15,3,0.7952898550724637
continuous_immigration,flat,0,148,1.0,1119,0,1119,0,0,0,3,3,15,3,0.7953529937444147
continuous_immigration,flat,0,149,1.0,1122,0,1122,0,0,0,4,4,20,4,0.7950089126559715
continuous_immigration,flat,0,150,nan,1128,0,1128,0,0,0,0,0,0,0,0.7943262411347518
continuous_immigration,flat,0,151,1.0,1136,0,1136,0,0,0,1,1,5,1,0.7931338028169014
continuous_immigration,flat,0,152,1.0,1143,0,1143,0,0,0,2,2,10,2,0.7926509186351706
continuous_immigration,flat,0,153,1.0,1149,0,1149,0,0,0,3,3,15,3,0.7928633594429939
continuous_immigration,flat,0,154,nan,1155,0,1155,0,0,0,0,0,0,0,0.7922077922077922
continuous_immigration,flat,0,155,1.0,1164,0,1164,0,0,0,3,3,15,3,0.7929553264604811
continuous_immigration,flat,0,156,1.0,1173,0,1173,0,0,0,1,1,5,1,0.7928388746803069
continuous_immigration,flat,0,157,1.0,1181,0,1181,0,0,0,2,2,10,2,0.7933954276037256
continuous_immigration,flat,0,158,1.0,1187,0,1187,0,0,0,1,1,5,1,0.7944397641112048
continuous_immigration,flat,0,159,1.0,1196,0,1196,0,0,0,6,6,30,6,0.794314381270903
continuous_immigration,flat,0,160,nan,1205,0,1205,0,0,0,0,0,0,0,0.7950207468879668
continuous_immigration,flat,0,161,1.0,1212,0,1212,0,0,0,3,3,15,3,0.7945544554455446
continuous_immigration,flat,0,162,1.0,1223,0,1223,0,0,0,4,4,20,4,0.794766966475879
continuous_immigration,flat,0,163,nan,1234,0,1234,0,0,0,0,0,0,0,0.7941653160453809
continuous_immigration,flat,0,164,1.0,1243,0,1243,0,0,0,2,2,10,2,0.7948511665325825
continuous_immigration,flat,0,165,1.0,1248,0,1248,0,0,0,1,1,5,1,0.7948717948717948
continuous_immigration,flat,0,166,1.0,1253,0,1253,0,0,0,4,4,20,4,0.7948922585794094
continuous_immigration,flat,0,167,1.0,1260,0,1260,0,0,0,1,1,5,1,0.7936507936507936
continuous_immigration,flat,0,168,1.0,1265,0,1265,0,0,0,2,2,10,2,0.792094861660079
continuous_immigration,flat,0,169,nan,1273,0,1273,0,0,0,0,0,0,0,0.7910447761194029
continuous_immigration,flat,0,170,1.0,1278,0,1278,0,0,0,1,1,5,1,0.7918622848200313
continuous_immigration,flat,0,171,1.0,1286,0,1286,0,0,0,5,5,25,5,0.7900466562986003
continuous_immigration,flat,0,172,1.0,1291,0,1291,0,0,0,1,1,5,1,0.7893106119287374
continuous_immigration,flat,0,173,1.0,1294,0,1294,0,0,0,3,3,15,3,0.7882534775888718
continuous_immigration,flat,0,174,1.0,1304,0,1304,0,0,0,3,3,15,3,0.7898773006134969
continuous_immigration,flat,0,175,nan,1310,0,1310,0,0,0,0,0,0,0,0.7900763358778626
continuous_immigration,flat,0,176,1.0,1319,0,1319,0,0,0,1,1,5,1,0.7892342683851402
continuous_immigration,flat,0,177,nan,1324,0,1324,0,0,0,0,0,0,0,0.7900302114803626
continuous_immigration,flat,0,178,1.0,1333,0,1333,0,0,0,3,3,15,3,0.7899474868717179
continuous_immigration,flat,0,179,1.0,1337,0,1337,0,0,0,1,1,5,1,0.7905759162303665
continuous_immigration,flat,0,180,1.0,1341,0,1341,0,0,0,3,3,15,3,0.7897091722595079
continuous_immigration,flat,0,181,1.0,1347,0,1347,0,0,0,3,3,15,3,0.7891610987379362
continuous_immigration,flat,0,182,1.0,1350,0,1350,0,0,0,2,2,10,2,0.7896296296296297
continuous_immigration,flat,0,183,1.0,1356,0,1356,0,0,0,2,2,10,2,0.7890855457227138
continuous_immigration,flat,0,184,1.0,1363,0,1363,0,0,0,1,1,4,1,0.7872340425531915
continuous_immigration,flat,0,185,nan,1365,0,1365,0,0,0,0,0,0,0,0.7860805860805861
continuous_immigration,flat,0,186,1.0,1373,0,1373,0,0,0,2,2,10,2,0.7858703568827385
continuous_immigration,flat,0,187,1.0,1387,0,1387,0,0,0,2,2,10,2,0.7873107426099495
continuous_immigration,flat,0,188,1.0,1392,0,1392,0,0,0,4,4,20,4,0.7873563218390804
continuous_immigration,flat,0,189,1.0,1399,0,1399,0,0,0,1,1,5,1,0.7884203002144389
continuous_immigration,flat,0,190,1.0,1408,0,1408,0,0,0,2,2,10,2,0.7890625
continuous_immigration,flat,0,191,1.0,1413,0,1413,0,0,0,2,2,10,2,0.7898089171974523
continuous_immigration,flat,0,192,nan,1426,0,1426,0,0,0,0,0,0,0,0.7889200561009818
continuous_immigration,flat,0,193,1.0,1435,0,1435,0,0,0,2,2,10,2,0.7874564459930313
continuous_immigration,flat,0,194,nan,1437,0,1437,0,0,0,0,0,0,0,0.7877522616562282
continuous_immigration,flat,0,195,1.0,1443,0,1443,0,0,0,1,1,5,1,0.7879417879417879
continuous_immigration,flat,0,196,nan,1453,0,1453,0,0,0,0,0,0,0,0.7880247763248451
continuous_immigration,flat,0,197,1.0,1456,0,1456,0,0,0,1,1,5,1,0.7870879120879121
continuous_immigration,flat,0,198,1.0,1461,0,1461,0,0,0,1,1,5,1,0.7864476386036962
continuous_immigration,flat,0,199,1.0,1464,0,1464,0,0,0,1,1,5,1,0.7855191256830601
continuous_immigration,flat,0,200,nan,1473,0,1473,0,0,0,0,0,0,0,0.7854718262050238
continuous_immigration,flat,0,201,1.0,1481,0,1481,0,0,0,1,1,5,1,0.7852802160702228
continuous_immigration,flat,0,202,nan,1483,0,1483,0,0,0,0,0,0,0,0.7855697909642616
continuous_immigration,flat,0,203,nan,1490,0,1490,0,0,0,0,0,0,0,0.7859060402684563
continuous_immigration,flat,0,204,1.0,1496,0,1496,0,0,0,5,5,25,5,0.786096256684492
continuous_immigration,flat,0,205,1.0,1500,0,1500,0,0,0,6,6,30,6,0.786
continuous_immigration,flat,0,206,nan,1506,0,1506,0,0,0,0,0,0,0,0.7868525896414342
continuous_immigration,flat,0,207,1.0,1516,0,1516,0,0,0,3,3,15,3,0.7862796833773087
continuous_immigration,flat,0,208,1.0,1525,0,1525,0,0,0,6,6,29,6,0.7875409836065573
continuous_immigration,flat,0,209,1.0,1530,0,1530,0,0,0,1,1,5,1,0.7869281045751634
continuous_immigration,flat,0,210,1.0,1540,0,1540,0,0,0,3,3,15,3,0.7876623376623376
continuous_immigration,flat,0,211,nan,1548,0,1548,0,0,0,0,0,0,0,0.7868217054263565
continuous_immigration,flat,0,212,1.0,1554,0,1554,0,0,0,1,1,5,1,0.787001287001287
continuous_immigration,flat,0,213,1.0,1562,0,1562,0,0,0,5,5,25,5,0.7868117797695262
continuous_immigration,flat,0,214,1.0,1568,0,1568,0,0,0,1,1,5,1,0.7876275510204082
continuous_immigration,flat,0,215,1.0,1580,0,1580,0,0,0,1,1,5,1,0.7886075949367088
continuous_immigration,flat,0,216,1.0,1588,0,1588,0,0,0,2,2,10,2,0.7877833753148614
continuous_immigration,flat,0,217,1.0,1602,0,1602,0,0,0,2,2,10,2,0.7883895131086143
continuous_immigration,flat,0,218,1.0,1612,0,1612,0,0,0,2,2,10,2,0.7890818858560794
continuous_immigration,flat,0,219,1.0,1617,0,1617,0,0,0,2,2,10,2,0.7897340754483612
continuous_immigration,flat,0,220,1.0,1627,0,1627,0,0,0,3,3,15,3,0.7885679164105716
continuous_immigration,flat,0,221,nan,1633,0,1633,0,0,0,0,0,0,0,0.7887323943661971
continuous_immigration,flat,0,222,1.0,1642,0,1642,0,0,0,2,2,10,2,0.7886723507917174
continuous_immigration,flat,0,223,1.0,1647,0,1647,0,0,0,5,5,25,5,0.7874924104432302
continuous_immigration,flat,0,224,1.0,1655,0,1655,0,0,0,3,3,15,3,0.7885196374622356
continuous_immigration,flat,0,225,1.0,1660,0,1660,0,0,0,1,1,5,1,0.7885542168674698
continuous_immigration,flat,0,226,nan,1667,0,1667,0,0,0,0,0,0,0,0.7888422315536893
continuous_immigration,flat,0,227,1.0,1673,0,1673,0,0,0,3,3,15,3,0.7878063359234907
continuous_immigration,flat,0,228,1.0,1679,0,1679,0,0,0,3,3,15,3,0.7879690291840381
continuous_immigration,flat,0,229,1.0,1684,0,1684,0,0,0,2,2,10,2,0.7880047505938242
continuous_immigration,flat,0,230,nan,1690,0,1690,0,0,0,0,0,0,0,0.7875739644970414
continuous_immigration,flat,0,231,1.0,1697,0,1697,0,0,0,2,2,10,2,0.788450206246317
continuous_immigration,flat,0,232,1.0,1709,0,1709,0,0,0,1,1,5,1,0.7893504973668812
continuous_immigration,flat,0,233,1.0,1716,0,1716,0,0,0,3,3,15,3,0.7896270396270396
continuous_immigration,flat,0,234,1.0,1728,0,1728,0,0,0,1,1,5,1,0.7893518518518519
continuous_immigration,flat,0,235,1.0,1734,0,1734,0,0,0,2,2,10,2,0.790080738177624
continuous_immigration,flat,0,236,nan,1739,0,1739,0,0,0,0,0,0,0,0.7906843013225991
continuous_immigration,flat,0,237,1.0,1747,0,1747,0,0,0,2,2,10,2,0.7904979965655409
continuous_immigration,flat,0,238,1.0,1754,0,1754,0,0,0,1,1,5,1,0.790193842645382
continuous_immigration,flat,0,239,1.0,1762,0,1762,0,0,0,2,2,10,2,0.7911464245175936
continuous_immigration,flat,0,240,1.0,1767,0,1767,0,0,0,4,4,20,4,0.7917374080362196
continuous_immigration,flat,0,241,1.0,1773,0,1773,0,0,0,3,3,15,3,0.7924421883812747
continuous_immigration,flat,0,242,1.0,1779,0,1779,0,0,0,4,4,20,4,0.792017987633502
continuous_immigration,flat,0,243,1.0,1787,0,1787,0,0,0,2,2,10,2,0.7929490766648013
continuous_immigration,flat,0,244,1.0,1792,0,1792,0,0,0,2,2,10,2,0.7918526785714286
continuous_immigration,flat,0,245,1.0,1802,0,1802,0,0,0,2,2,10,2,0.7924528301886793
continuous_immigration,flat,0,246,1.0,1812,0,1812,0,0,0,1,1,5,1,0.7919426048565121
continuous_immigration,flat,0,247,1.0,1819,0,1819,0,0,0,2,2,10,2,0.7921935129191864
continuous_immigration,flat,0,248,1.0,1824,0,1824,0,0,0,2,2,10,2,0.7922149122807017
continuous_immigration,flat,0,249,1.0,1829,0,1829,0,0,0,1,1,5,1,0.7922361946418808
continuous_immigration,flat,0,250,1.0,1835,0,1835,0,0,0,2,2,10,2,0.7923705722070845
continuous_immigration,flat,0,251,1.0,1843,0,1843,0,0,0,3,3,15,3,0.7916440586001086
continuous_immigration,flat,0,252,1.0,1857,0,1857,0,0,0,1,1,5,1,0.7910608508346796
continuous_immigration,flat,0,253,nan,1865,0,1865,0,0,0,0,0,0,0,0.7914209115281501
continuous_immigration,flat,0,254,1.0,1870,0,1870,0,0,0,2,2,10,2,0.7919786096256685
continuous_immigration,flat,0,255,1.0,1882,0,1882,0,0,0,6,6,30,6,0.7917109458023379
continuous_immigration,flat,0,256,nan,1892,0,1892,0,0,0,0,0,0,0,0.7917547568710359
continuous_immigration,flat,0,257,1.0,1900,0,1900,0,0,0,2,2,10,2,0.7921052631578948
continuous_immigration,flat,0,258,1.0,1906,0,1906,0,0,0,2,2,10,2,0.7922350472193075
continuous_immigration,flat,0,259,nan,1911,0,1911,0,0,0,0,0,0,0,0.7922553636839351
continuous_immigration,flat,0,260,1.0,1918,0,1918,0,0,0,3,3,15,3,0.7924921793534933
continuous_immigration,flat,0,261,1.0,1924,0,1924,0,0,0,3,3,15,3,0.7926195426195426
continuous_immigration,flat,0,262,1.0,1930,0,1930,0,0,0,4,4,20,4,0.7927461139896373
continuous_immigration,flat,0,263,1.0,1940,0,1940,0,0,0,2,2,10,2,0.7927835051546391
continuous_immigration,flat,0,264,1.0,1948,0,1948,0,0,0,1,1,5,1,0.7926078028747433
continuous_immigration,flat,0,265,1.0,1959,0,1959,0,0,0,1,1,5,1,0.7932618683001531
continuous_immigration,flat,0,266,1.0,1966,0,1966,0,0,0,2,2,10,2,0.7934893184130214
continuous_immigration,flat,0,267,1.0,1972,0,1972,0,0,0,2,2,10,2,0.7936105476673428
continuous_immigration,flat,0,268,1.0,1978,0,1978,0,0,0,1,1,5,1,0.7927199191102123
continuous_immigration,flat,0,269,nan,1986,0,1986,0,0,0,0,0,0,0,0.7910372608257804
continuous_immigration,flat,0,270,1.0,1993,0,1993,0,0,0,3,3,15,3,0.7907676869041645
continuous_immigration,flat,0,271,1.0,1998,0,1998,0,0,0,5,5,25,5,0.7907907907907908
continuous_immigration,flat,0,272,1.0,2006,0,2006,0,0,0,4,4,20,4,0.7911266201395812
continuous_immigration,flat,0,273,1.0,2016,0,2016,0,0,0,2,2,10,2,0.7906746031746031
continuous_immigration,flat,0,274,nan,2025,0,2025,0,0,0,0,0,0,0,0.7906172839506173
continuous_immigration,flat,0,275,1.0,2029,0,2029,0,0,0,3,3,15,3,0.7910300640709709
continuous_immigration,flat,0,276,1.0,2037,0,2037,0,0,0,4,4,20,4,0.7913598429062346
continuous_immigration,flat,0,277,1.0,2044,0,2044,0,0,0,4,4,20,4,0.7920743639921722
continuous_immigration,flat,0,278,1.0,2050,0,2050,0,0,0,2,2,10,2,0.7926829268292683
continuous_immigration,flat,0,279,1.0,2058,0,2058,0,0,0,1,1,5,1,0.7925170068027211
continuous_immigration,flat,0,280,nan,2069,0,2069,0,0,0,0,0,0,0,0.7926534557757371
continuous_immigration,flat,0,281,1.0,2079,0,2079,0,0,0,2,2,10,2,0.7931697931697932
continuous_immigration,flat,0,282,1.0,2088,0,2088,0,0,0,2,2,10,2,0.7940613026819924
continuous_immigration,flat,0,283,1.0,2096,0,2096,0,0,0,1,1,5,1,0.7943702290076335
continuous_immigration,flat,0,284,nan,2103,0,2103,0,0,0,0,0,0,0,0.7941036614360437
continuous_immigration,flat,0,285,1.0,2114,0,2114,0,0,0,2,2,10,2,0.7942289498580889
continuous_immigration,flat,0,286,1.0,2121,0,2121,0,0,0,2,2,10,2,0.7949080622347949
continuous_immigration,flat,0,287,nan,2132,0,2132,0,0,0,0,0,0,0,0.7950281425891182
continuous_immigration,flat,0,288,1.0,2145,0,2145,0,0,0,3,3,15,3,0.7944055944055944
continuous_immigration,flat,0,289,nan,2151,0,2151,0,0,0,0,0,0,0,0.7945141794514179
continuous_immigration,flat,0,290,1.0,2163,0,2163,0,0,0,1,1,5,1,0.7933425797503467
continuous_immigration,flat,0,291,1.0,2177,0,2177,0,0,0,2,2,10,2,0.7928341754708315
continuous_immigration,flat,0,292,1.0,2187,0,2187,0,0,0,2,2,10,2,0.7933241883859168
continuous_immigration,flat,0,293,1.0,2196,0,2196,0,0,0,1,1,5,1,0.7937158469945356
continuous_immigration,flat,0,294,nan,2205,0,2205,0,0,0,0,0,0,0,0.7941043083900227
continuous_immigration,flat,0,295,1.0,2213,0,2213,0,0,0,5,5,25,5,0.7948486217803886
continuous_immigration,flat,0,296,1.0,2222,0,2222,0,0,0,1,1,5,1,0.7943294329432943
continuous_immigration,flat,0,297,1.0,2230,0,2230,0,0,0,1,1,5,1,0.794170403587444
continuous_immigration,flat,0,298,1.0,2234,0,2234,0,0,0,3,3,15,3,0.7945389435989257
continuous_immigration,flat,0,299,1.0,2239,0,2239,0,0,0,2,2,10,2,0.7945511389012953
continuous_immigration,flat,0,300,1.0,2245,0,2245,0,0,0,1,1,5,1,0.7942093541202673
continuous_immigration,flat,0,301,1.0,2250,0,2250,0,0,0,2,2,10,2,0.7942222222222223
continuous_immigration,flat,0,302,nan,2257,0,2257,0,0,0,0,0,0,0,0.7939743021710235
continuous_immigration,flat,0,303,1.0,2266,0,2266,0,0,0,1,1,5,1,0.793468667255075
continuous_immigration,flat,0,304,1.0,2272,0,2272,0,0,0,1,1,5,1,0.7940140845070423
continuous_immigration,flat,0,305,1.0,2277,0,2277,0,0,0,4,4,20,4,0.7940272288098376
continuous_immigration,flat,0,306,1.0,2283,0,2283,0,0,0,4,4,20,4,0.7941305300043802
continuous_immigration,flat,0,307,1.0,2287,0,2287,0,0,0,3,3,15,3,0.7944905990380411
continuous_immigration,flat,0,308,1.0,2295,0,2295,0,0,0,3,3,15,3,0.7947712418300653
continuous_immigration,flat,0,309,1.0,2305,0,2305,0,0,0,1,1,5,1,0.7943600867678958
continuous_immigration,flat,0,310,1.0,2310,0,2310,0,0,0,1,1,5,1,0.7943722943722944
continuous_immigration,flat,0,311,1.0,2317,0,2317,0,0,0,1,1,5,1,0.7936987483815279
continuous_immigration,flat,0,312,1.0,2321,0,2321,0,0,0,3,3,15,3,0.7931925894011203
continuous_immigration,flat,0,313,1.0,2327,0,2327,0,0,0,1,1,5,1,0.7932960893854749
continuous_immigration,flat,0,314,1.0,2334,0,2334,0,0,0,2,2,10,2,0.7930591259640103
continuous_immigration,flat,0,315,1.0,2340,0,2340,0,0,0,1,1,5,1,0.7931623931623931
continuous_immigration,flat,0,316,1.0,2349,0,2349,0,0,0,4,4,20,4,0.7939548744146445
continuous_immigration,flat,0,317,1.0,2358,0,2358,0,0,0,1,1,5,1,0.7934690415606446
continuous_immigration,flat,0,318,1.0,2371,0,2371,0,0,0,3,3,15,3,0.794179671024884
continuous_immigration,flat,0,319,1.0,2380,0,2380,0,0,0,3,3,15,3,0.7949579831932773
continuous_immigration,flat,0,320,1.0,2386,0,2386,0,0,0,3,3,15,3,0.7946353730092205
continuous_immigration,flat,0,321,1.0,2394,0,2394,0,0,0,5,5,25,5,0.7944862155388471
continuous_immigration,flat,0,322,1.0,2399,0,2399,0,0,0,1,1,5,1,0.7949145477282201
continuous_immigration,flat,0,323,1.0,2410,0,2410,0,0,0,2,2,10,2,0.7937759336099585
continuous_immigration,flat,0,324,1.0,2420,0,2420,0,0,0,2,2,10,2,0.7942148760330578
continuous_immigration,flat,0,325,1.0,2425,0,2425,0,0,0,3,3,15,3,0.7938144329896907
continuous_immigration,flat,0,326,1.0,2432,0,2432,0,0,0,4,4,20,4,0.7935855263157895
continuous_immigration,flat,0,327,1.0,2443,0,2443,0,0,0,1,1,5,1,0.7941056078591895
continuous_immigration,flat,0,328,1.0,2454,0,2454,0,0,0,3,3,15,3,0.7946210268948656
continuous_immigration,flat,0,329,1.0,2462,0,2462,0,0,0,2,2,10,2,0.7948822095857027
continuous_immigration,flat,0,330,1.0,2469,0,2469,0,0,0,1,1,5,1,0.7950587282300526
continuous_immigration,flat,0,331,1.0,2478,0,2478,0,0,0,2,2,10,2,0.7949959644874899
continuous_immigration,flat,0,332,1.0,2483,0,2483,0,0,0,3,3,15,3,0.7950060410793395
continuous_immigration,flat,0,333,1.0,2488,0,2488,0,0,0,1,1,5,1,0.795016077170418
continuous_immigration,flat,0,334,1.0,2492,0,2492,0,0,0,2,2,10,2,0.7945425361155698
continuous_immigration,flat,0,335,1.0,2499,0,2499,0,0,0,2,2,10,2,0.7943177270908364
continuous_immigration,flat,0,336,1.0,2508,0,2508,0,0,0,3,3,15,3,0.793859649122807
continuous_immigration,flat,0,337,1.0,2519,0,2519,0,0,0,4,4,20,4,0.7939658594680429
continuous_immigration,flat,0,338,1.0,2525,0,2525,0,0,0,3,3,15,3,0.7936633663366337
continuous_immigration,flat,0,339,1.0,2534,0,2534,0,0,0,4,4,20,4,0.7940015785319653
continuous_immigration,flat,0,340,1.0,2541,0,2541,0,0,0,5,5,25,5,0.7937819756001574
continuous_immigration,flat,0,341,nan,2547,0,2547,0,0,0,0,0,0,0,0.7934825284648607
continuous_immigration,flat,0,342,1.0,2551,0,2551,0,0,0,5,5,25,5,0.7934143473147786
continuous_immigration,flat,0,343,1.0,2558,0,2558,0,0,0,1,1,5,1,0.7931978107896794
continuous_immigration,flat,0,344,1.0,2570,0,2570,0,0,0,3,3,15,3,0.7937743190661478
continuous_immigration,flat,0,345,1.0,2577,0,2577,0,0,0,3,3,15,3,0.7939464493597206
continuous_immigration,flat,0,346,1.0,2583,0,2583,0,0,0,4,4,20,4,0.7936507936507936
continuous_immigration,flat,0,347,1.0,2588,0,2588,0,0,0,2,2,10,2,0.7936630602782071
continuous_immigration,flat,0,348,1.0,2595,0,2595,0,0,0,1,1,5,1,0.7934489402697495
continuous_immigration,flat,0,349,1.0,2601,0,2601,0,0,0,2,2,10,2,0.7935409457900807
continuous_immigration,flat,0,350,1.0,2609,0,2609,0,0,0,2,2,10,2,0.7930241471828287
continuous_immigration,flat,0,351,1.0,2622,0,2622,0,0,0,3,3,15,3,0.7932875667429443
continuous_immigration,flat,0,352,1.0,2632,0,2632,0,0,0,4,4,20,4,0.7933130699088146
continuous_immigration,flat,0,353,1.0,2637,0,2637,0,0,0,3,3,15,3,0.7925673113386424
continuous_immigration,flat,0,354,1.0,2649,0,2649,0,0,0,1,1,5,1,0.7927519818799547
continuous_immigration,flat,0,355,nan,2651,0,2651,0,0,0,0,0,0,0,0.7929083364768013
continuous_immigration,flat,0,356,1.0,2657,0,2657,0,0,0,3,3,15,3,0.792623259315017
continuous_immigration,flat,0,357,1.0,2663,0,2663,0,0,0,2,2,10,2,0.7927149831017649
continuous_immigration,flat,0,358,1.0,2670,0,2670,0,0,0,4,4,20,4,0.7921348314606742
continuous_immigration,flat,0,359,1.0,2672,0,2672,0,0,0,3,3,15,3,0.7922904191616766
continuous_immigration,flat,0,360,nan,2676,0,2676,0,0,0,0,0,0,0,0.7922272047832586
continuous_immigration,flat,0,361,1.0,2683,0,2683,0,0,0,1,1,5,1,0.7920238538948938
continuous_immigration,flat,0,362,1.0,2690,0,2690,0,0,0,2,2,10,2,0.7921933085501859
continuous_immigration,flat,0,363,1.0,2699,0,2699,0,0,0,2,2,10,2,0.7917747313819933
continuous_immigration,flat,0,364,1.0,2704,0,2704,0,0,0,4,4,20,4,0.7917899408284024
continuous_immigration,flat,0,365,nan,2711,0,2711,0,0,0,0,0,0,0,0.7923275544079675
continuous_immigration,flat,0,366,1.0,2722,0,2722,0,0,0,3,3,15,3,0.7927994121969141
continuous_immigration,flat,0,367,1.0,2731,0,2731,0,0,0,2,2,10,2,0.7931160746979129
continuous_immigration,flat,0,368,nan,2739,0,2739,0,0,0,0,0,0,0,0.7933552391383717
continuous_immigration,flat,0,369,1.0,2747,0,2747,0,0,0,3,3,15,3,0.79322897706589
continuous_immigration,flat,0,370,1.0,2754,0,2754,0,0,0,4,4,20,4,0.7930283224400871
continuous_immigration,flat,0,371,1.0,2765,0,2765,0,0,0,1,1,5,1,0.7938517179023508
continuous_immigration,flat,0,372,1.0,2769,0,2769,0,0,0,3,3,15,3,0.7937883712531599
continuous_immigration,flat,0,373,1.0,2771,0,2771,0,0,0,7,7,35,7,0.7939372067845543
continuous_immigration,flat,0,374,nan,2778,0,2778,0,0,0,0,0,0,0,0.7940964722822175
continuous_immigration,flat,0,375,1.0,2785,0,2785,0,0,0,2,2,10,2,0.7946140035906643
continuous_immigration,flat,0,376,1.0,2791,0,2791,0,0,0,3,3,15,3,0.7943389466141169
continuous_immigration,flat,0,377,1.0,2798,0,2798,0,0,0,3,3,15,3,0.7948534667619729
continuous_immigration,flat,0,378,1.0,2807,0,2807,0,0,0,2,2,10,2,0.794442465265408
continuous_immigration,flat,0,379,1.0,2813,0,2813,0,0,0,5,5,25,5,0.794169925346605
continuous_immigration,flat,0,380,nan,2820,0,2820,0,0,0,0,0,0,0,0.7939716312056737
continuous_immigration,flat,0,381,1.0,2827,0,2827,0,0,0,1,1,5,1,0.794481782808631
continuous_immigration,flat,0,382,1.0,2837,0,2837,0,0,0,2,2,10,2,0.7945012336975679
continuous_immigration,flat,0,383,1.0,2843,0,2843,0,0,0,3,3,15,3,0.7938797045374605
continuous_immigration,flat,0,384,1.0,2852,0,2852,0,0,0,2,2,10,2,0.7945301542776999
continuous_immigration,flat,0,385,1.0,2860,0,2860,0,0,0,1,1,5,1,0.7947552447552447
continuous_immigration,flat,0,386,1.0,2870,0,2870,0,0,0,1,1,5,1,0.7940766550522648
continuous_immigration,flat,0,387,1.0,2874,0,2874,0,0,0,1,1,5,1,0.7940153096729298
continuous_immigration,flat,0,388,1.0,2884,0,2884,0,0,0,2,2,10,2,0.7947295423023578
continuous_immigration,flat,0,389,1.0,2894,0,2894,0,0,0,3,3,15,3,0.7944022114720111
continuous_immigration,flat,0,390,1.0,2907,0,2907,0,0,0,2,2,10,2,0.7942896456828346
continuous_immigration,flat,0,391,1.0,2916,0,2916,0,0,0,1,1,5,1,0.7945816186556928
continuous_immigration,flat,0,392,1.0,2922,0,2922,0,0,0,2,2,10,2,0.7943189596167008
continuous_immigration,flat,0,393,1.0,2930,0,2930,0,0,0,1,1,5,1,0.79419795221843
continuous_immigration,flat,0,394,nan,2943,0,2943,0,0,0,0,0,0,0,0.7944274549779137
continuous_immigration,flat,0,395,1.0,2952,0,2952,0,0,0,2,2,10,2,0.7943766937669376
continuous_immigration,flat,0,396,nan,2958,0,2958,0,0,0,0,0,0,0,0.7941176470588235
continuous_immigration,flat,0,397,nan,2967,0,2967,0,0,0,0,0,0,0,0.7940680822379508
continuous_immigration,flat,0,398,1.0,2974,0,2974,0,0,0,4,4,20,4,0.7942165433759247
continuous_immigration,flat,0,399,1.0,2980,0,2980,0,0,0,1,1,5,1,0.7936241610738255
continuous_immigration,flat,1,0,0.0,9,0,9,0,0,0,1,0,0,0,0.8888888888888888
continuous_immigration,flat,1,1,0.0,15,0,15,0,0,0,1,0,0,0,0.9333333333333333
continuous_immigration,flat,1,2,0.0,24,0,24,0,0,0,1,0,0,0,0.9166666666666666
continuous_immigration,flat,1,3,0.5,30,0,30,0,0,0,2,1,1,1,0.9333333333333333
continuous_immigration,flat,1,4,nan,36,0,36,0,0,0,0,0,0,0,0.9444444444444444
continuous_immigration,flat,1,5,0.0,46,0,46,0,0,0,2,0,1,0,0.9130434782608695
continuous_immigration,flat,1,6,0.0,52,0,52,0,0,0,1,0,0,0,0.9038461538461539
continuous_immigration,flat,1,7,0.0,59,0,59,0,0,0,1,0,0,0,0.864406779661017
continuous_immigration,flat,1,8,0.5,66,0,66,0,0,0,2,1,1,1,0.8484848484848485
continuous_immigration,flat,1,9,0.6666666666666666,70,0,70,0,0,0,3,2,3,2,0.8428571428571429
continuous_immigration,flat,1,10,1.0,80,0,80,0,0,0,1,1,1,1,0.8
continuous_immigration,flat,1,11,0.0,91,0,91,0,0,0,1,0,0,0,0.7912087912087912
continuous_immigration,flat,1,12,1.0,102,0,102,0,0,0,2,2,5,2,0.803921568627451
continuous_immigration,flat,1,13,1.0,107,0,107,0,0,0,1,1,2,1,0.8130841121495327
continuous_immigration,flat,1,14,0.6,116,0,116,0,0,0,5,3,9,3,0.8103448275862069
continuous_immigration,flat,1,15,1.0,121,0,121,0,0,0,1,1,3,1,0.8016528925619835
continuous_immigration,flat,1,16,0.6,131,0,131,0,0,0,5,3,10,3,0.8091603053435115
continuous_immigration,flat,1,17,0.8,138,0,138,0,0,0,5,4,13,4,0.8043478260869565
continuous_immigration,flat,1,18,0.6666666666666666,145,0,145,0,0,0,3,2,11,2,0.8068965517241379
continuous_immigration,flat,1,19,nan,151,0,151,0,0,0,0,0,0,0,0.8145695364238411
continuous_immigration,flat,1,20,1.0,160,0,160,0,0,0,1,1,3,1,0.825
continuous_immigration,flat,1,21,0.25,172,0,172,0,0,0,4,1,5,1,0.8197674418604651
continuous_immigration,flat,1,22,0.5,180,0,180,0,0,0,2,1,3,1,0.8166666666666667
continuous_immigration,flat,1,23,0.3333333333333333,188,0,188,0,0,0,3,1,6,1,0.8138297872340425
continuous_immigration,flat,1,24,0.0,196,0,196,0,0,0,1,0,0,0,0.8061224489795918
continuous_immigration,flat,1,25,1.0,200,0,200,0,0,0,1,1,4,1,0.8
continuous_immigration,flat,1,26,1.0,205,0,205,0,0,0,2,2,9,2,0.7951219512195122
continuous_immigration,flat,1,27,1.0,215,0,215,0,0,0,2,2,7,2,0.8
continuous_immigration,flat,1,28,0.5,221,0,221,0,0,0,2,1,1,1,0.8054298642533937
continuous_immigration,flat,1,29,1.0,228,0,228,0,0,0,1,1,5,1,0.8070175438596491
continuous_immigration,flat,1,30,1.0,236,0,236,0,0,0,2,2,10,2,0.809322033898305
continuous_immigration,flat,1,31,0.75,242,0,242,0,0,0,4,3,11,3,0.8140495867768595
continuous_immigration,flat,1,32,0.5,252,0,252,0,0,0,4,2,10,2,0.8134920634920635
continuous_immigration,flat,1,33,1.0,259,0,259,0,0,0,1,1,5,1,0.8185328185328186
continuous_immigration,flat,1,34,1.0,265,0,265,0,0,0,1,1,3,1,0.8226415094339623
continuous_immigration,flat,1,35,0.5,273,0,273,0,0,0,2,1,5,1,0.8205128205128205
continuous_immigration,flat,1,36,1.0,284,0,284,0,0,0,1,1,5,1,0.8204225352112676
continuous_immigration,flat,1,37,nan,289,0,289,0,0,0,0,0,0,0,0.8200692041522492
continuous_immigration,flat,1,38,1.0,293,0,293,0,0,0,1,1,5,1,0.8156996587030717
continuous_immigration,flat,1,39,0.5,298,0,298,0,0,0,4,2,8,2,0.8154362416107382
continuous_immigration,flat,1,40,1.0,302,0,302,0,0,0,2,2,8,2,0.8145695364238411
continuous_immigration,flat,1,41,1.0,312,0,312,0,0,0,2,2,10,2,0.8141025641025641
continuous_immigration,flat,1,42,1.0,317,0,317,0,0,0,2,2,6,2,0.8107255520504731
continuous_immigration,flat,1,43,1.0,327,0,327,0,0,0,1,1,3,1,0.8134556574923547
continuous_immigration,flat,1,44,1.0,335,0,335,0,0,0,2,2,10,2,0.8059701492537313
continuous_immigration,flat,1,45,nan,344,0,344,0,0,0,0,0,0,0,0.8081395348837209
continuous_immigration,flat,1,46,1.0,355,0,355,0,0,0,3,3,12,3,0.8028169014084507
continuous_immigration,flat,1,47,1.0,364,0,364,0,0,0,3,3,15,3,0.8021978021978022
continuous_immigration,flat,1,48,nan,368,0,368,0,0,0,0,0,0,0,0.8043478260869565
continuous_immigration,flat,1,49,nan,371,0,371,0,0,0,0,0,0,0,0.8032345013477089
continuous_immigration,flat,1,50,1.0,382,0,382,0,0,0,3,3,10,3,0.8089005235602095
continuous_immigration,flat,1,51,1.0,386,0,386,0,0,0,1,1,4,1,0.810880829015544
continuous_immigration,flat,1,52,1.0,388,0,388,0,0,0,1,1,5,1,0.8092783505154639
continuous_immigration,flat,1,53,0.75,395,0,395,0,0,0,4,3,12,3,0.8075949367088607
continuous_immigration,flat,1,54,1.0,403,0,403,0,0,0,1,1,2,1,0.8089330024813896
continuous_immigration,flat,1,55,1.0,409,0,409,0,0,0,1,1,2,1,0.8092909535452323
continuous_immigration,flat,1,56,1.0,414,0,414,0,0,0,2,2,7,2,0.8091787439613527
continuous_immigration,flat,1,57,1.0,421,0,421,0,0,0,1,1,5,1,0.8123515439429929
continuous_immigration,flat,1,58,1.0,426,0,426,0,0,0,3,3,14,3,0.8145539906103286
continuous_immigration,flat,1,59,1.0,434,0,434,0,0,0,3,3,15,3,0.8179723502304147
continuous_immigration,flat,1,60,1.0,441,0,441,0,0,0,3,3,8,3,0.8140589569160998
continuous_immigration,flat,1,61,1.0,443,0,443,0,0,0,1,1,5,1,0.8148984198645598
continuous_immigration,flat,1,62,1.0,449,0,449,0,0,0,2,2,9,2,0.8151447661469933
continuous_immigration,flat,1,63,1.0,458,0,458,0,0,0,2,2,10,2,0.8144104803493449
continuous_immigration,flat,1,64,1.0,462,0,462,0,0,0,4,4,20,4,0.8138528138528138
continuous_immigration,flat,1,65,1.0,469,0,469,0,0,0,3,3,15,3,0.814498933901919
continuous_immigration,flat,1,66,1.0,475,0,475,0,0,0,2,2,10,2,0.8147368421052632
continuous_immigration,flat,1,67,1.0,486,0,486,0,0,0,3,3,12,3,0.8127572016460906
continuous_immigration,flat,1,68,1.0,496,0,496,0,0,0,1,1,5,1,0.8104838709677419
continuous_immigration,flat,1,69,1.0,499,0,499,0,0,0,1,1,5,1,0.8096192384769539
continuous_immigration,flat,1,70,nan,509,0,509,0,0,0,0,0,0,0,0.8113948919449901
continuous_immigration,flat,1,71,1.0,518,0,518,0,0,0,3,3,15,3,0.8108108108108109
continuous_immigration,flat,1,72,nan,525,0,525,0,0,0,0,0,0,0,0.8095238095238095
continuous_immigration,flat,1,73,1.0,534,0,534,0,0,0,1,1,1,1,0.8071161048689138
continuous_immigration,flat,1,74,1.0,546,0,546,0,0,0,1,1,5,1,0.8058608058608059
continuous_immigration,flat,1,75,1.0,553,0,553,0,0,0,2,2,8,2,0.8065099457504521
continuous_immigration,flat,1,76,1.0,555,0,555,0,0,0,1,1,5,1,0.8072072072072072
continuous_immigration,flat,1,77,0.5,562,0,562,0,0,0,2,1,5,1,0.806049822064057
continuous_immigration,flat,1,78,1.0,571,0,571,0,0,0,2,2,10,2,0.8038528896672504
continuous_immigration,flat,1,79,1.0,581,0,581,0,0,0,3,3,12,3,0.8037865748709122
continuous_immigration,flat,1,80,1.0,588,0,588,0,0,0,1,1,5,1,0.8061224489795918
continuous_immigration,flat,1,81,1.0,596,0,596,0,0,0,1,1,5,1,0.8036912751677853
continuous_immigration,flat,1,82,1.0,600,0,600,0,0,0,2,2,6,2,0.805
continuous_immigration,flat,1,83,1.0,607,0,607,0,0,0,2,2,10,2,0.8056013179571664
continuous_immigration,flat,1,84,nan,611,0,611,0,0,0,0,0,0,0,0.8052373158756138
continuous_immigration,flat,1,85,nan,619,0,619,0,0,0,0,0,0,0,0.8045234248788369
continuous_immigration,flat,1,86,nan,627,0,627,0,0,0,0,0,0,0,0.8038277511961722
continuous_immigration,flat,1,87,nan,633,0,633,0,0,0,0,0,0,0,0.8025276461295419
continuous_immigration,flat,1,88,1.0,638,0,638,0,0,0,3,3,15,3,0.8009404388714734
continuous_immigration,flat,1,89,1.0,646,0,646,0,0,0,1,1,2,1,0.8018575851393189
continuous_immigration,flat,1,90,nan,652,0,652,0,0,0,0,0,0,0,0.803680981595092
continuous_immigration,flat,1,91,1.0,664,0,664,0,0,0,2,2,10,2,0.802710843373494
continuous_immigration,flat,1,92,1.0,669,0,669,0,0,0,3,3,13,3,0.7997010463378177
continuous_immigration,flat,1,93,1.0,675,0,675,0,0,0,7,7,31,7,0.797037037037037
continuous_immigration,flat,1,94,1.0,686,0,686,0,0,0,1,1,5,1,0.7973760932944607
continuous_immigration,flat,1,95,1.0,693,0,693,0,0,0,1,1,2,1,0.7994227994227994
continuous_immigration,flat,1,96,1.0,697,0,697,0,0,0,3,3,13,3,0.7977044476327116
continuous_immigration,flat,1,97,1.0,704,0,704,0,0,0,3,3,15,3,0.796875
continuous_immigration,flat,1,98,1.0,711,0,711,0,0,0,2,2,10,2,0.7932489451476793
continuous_immigration,flat,1,99,1.0,722,0,722,0,0,0,1,1,5,1,0.7922437673130194
continuous_immigration,flat,1,100,nan,731,0,731,0,0,0,0,0,0,0,0.7906976744186046
continuous_immigration,flat,1,101,1.0,738,0,738,0,0,0,1,1,5,1,0.7899728997289973
continuous_immigration,flat,1,102,1.0,750,0,750,0,0,0,2,2,10,2,0.7893333333333333
continuous_immigration,flat,1,103,1.0,756,0,756,0,0,0,4,4,20,4,0.7883597883597884
continuous_immigration,flat,1,104,1.0,761,0,761,0,0,0,3,3,12,3,0.7897503285151117
continuous_immigration,flat,1,105,1.0,765,0,765,0,0,0,2,2,10,2,0.7908496732026143
continuous_immigration,flat,1,106,1.0,775,0,775,0,0,0,1,1,3,1,0.7896774193548387
continuous_immigration,flat,1,107,1.0,778,0,778,0,0,0,2,2,7,2,0.7904884318766067
continuous_immigration,flat,1,108,1.0,785,0,785,0,0,0,4,4,18,4,0.7923566878980892
continuous_immigration,flat,1,109,1.0,789,0,789,0,0,0,2,2,8,2,0.7921419518377694
continuous_immigration,flat,1,110,1.0,797,0,797,0,0,0,2,2,9,2,0.7917189460476788
continuous_immigration,flat,1,111,1.0,801,0,801,0,0,0,1,1,5,1,0.7927590511860175
continuous_immigration,flat,1,112,nan,809,0,809,0,0,0,0,0,0,0,0.7935723114956736
continuous_immigration,flat,1,113,1.0,823,0,823,0,0,0,4,4,20,4,0.7934386391251519
continuous_immigration,flat,1,114,1.0,827,0,827,0,0,0,1,1,5,1,0.7908101571946796
continuous_immigration,flat,1,115,1.0,835,0,835,0,0,0,1,1,5,1,0.7916167664670659
continuous_immigration,flat,1,116,1.0,842,0,842,0,0,0,1,1,5,1,0.7933491686460807
continuous_immigration,flat,1,117,nan,847,0,847,0,0,0,0,0,0,0,0.7910271546635183
continuous_immigration,flat,1,118,1.0,853,0,853,0,0,0,1,1,5,1,0.7889800703399765
continuous_immigration,flat,1,119,1.0,859,0,859,0,0,0,1,1,5,1,0.7881257275902211
continuous_immigration,flat,1,120,nan,872,0,872,0,0,0,0,0,0,0,0.7901376146788991
continuous_immigration,flat,1,121,1.0,879,0,879,0,0,0,3,3,14,3,0.78839590443686
continuous_immigration,flat,1,122,1.0,887,0,887,0,0,0,2,2,9,2,0.7857948139797069
continuous_immigration,flat,1,123,1.0,896,0,896,0,0,0,2,2,10,2,0.7857142857142857
continuous_immigration,flat,1,124,1.0,901,0,901,0,0,0,3,3,15,3,0.7857935627081021
continuous_immigration,flat,1,125,1.0,907,0,907,0,0,0,1,1,5,1,0.7872105843439912
continuous_immigration,flat,1,126,1.0,913,0,913,0,0,0,5,5,25,5,0.7886089813800657
continuous_immigration,flat,1,127,1.0,925,0,925,0,0,0,2,2,10,2,0.7902702702702703
continuous_immigration,flat,1,128,1.0,932,0,932,0,0,0,2,2,10,2,0.7907725321888412
continuous_immigration,flat,1,129,nan,939,0,939,0,0,0,0,0,0,0,0.7880724174653887
continuous_immigration,flat,1,130,1.0,949,0,949,0,0,0,5,5,25,5,0.7871443624868283
continuous_immigration,flat,1,131,1.0,954,0,954,0,0,0,4,4,20,4,0.7872117400419287
continuous_immigration,flat,1,132,1.0,964,0,964,0,0,0,2,2,9,2,0.7873443983402489
continuous_immigration,flat,1,133,1.0,969,0,969,0,0,0,3,3,15,3,0.7884416924664602
continuous_immigration,flat,1,134,nan,979,0,979,0,0,0,0,0,0,0,0.7865168539325843
continuous_immigration,flat,1,135,1.0,987,0,987,0,0,0,1,1,5,1,0.7872340425531915
continuous_immigration,flat,1,136,1.0,995,0,995,0,0,0,3,3,15,3,0.785929648241206
continuous_immigration,flat,1,137,1.0,1000,0,1000,0,0,0,1,1,5,1,0.786
continuous_immigration,flat,1,138,nan,1005,0,1005,0,0,0,0,0,0,0,0.7870646766169154
continuous_immigration,flat,1,139,1.0,1012,0,1012,0,0,0,1,1,5,1,0.7885375494071146
continuous_immigration,flat,1,140,1.0,1023,0,1023,0,0,0,4,4,20,4,0.7888563049853372
continuous_immigration,flat,1,141,1.0,1028,0,1028,0,0,0,2,2,10,2,0.7879377431906615
continuous_immigration,flat,1,142,nan,1043,0,1043,0,0,0,0,0,0,0,0.788111217641419
continuous_immigration,flat,1,143,1.0,1048,0,1048,0,0,0,3,3,15,3,0.7891221374045801
continuous_immigration,flat,1,144,1.0,1052,0,1052,0,0,0,3,3,15,3,0.7889733840304183
continuous_immigration,flat,1,145,1.0,1057,0,1057,0,0,0,1,1,5,1,0.7899716177861873
continuous_immigration,flat,1,146,1.0,1065,0,1065,0,0,0,4,4,20,4,0.7906103286384977
continuous_immigration,flat,1,147,1.0,1076,0,1076,0,0,0,2,2,10,2,0.7899628252788105
continuous_immigration,flat,1,148,1.0,1088,0,1088,0,0,0,3,3,15,3,0.7886029411764706
continuous_immigration,flat,1,149,1.0,1101,0,1101,0,0,0,2,2,10,2,0.7883742052679382
continuous_immigration,flat,1,150,nan,1105,0,1105,0,0,0,0,0,0,0,0.7891402714932126
continuous_immigration,flat,1,151,nan,1112,0,1112,0,0,0,0,0,0,0,0.7886690647482014
continuous_immigration,flat,1,152,1.0,1120,0,1120,0,0,0,1,1,5,1,0.7875
continuous_immigration,flat,1,153,1.0,1128,0,1128,0,0,0,3,3,15,3,0.7881205673758865
continuous_immigration,flat,1,154,1.0,1135,0,1135,0,0,0,2,2,10,2,0.7876651982378855
continuous_immigration,flat,1,155,1.0,1147,0,1147,0,0,0,1,1,5,1,0.7890148212728858
continuous_immigration,flat,1,156,1.0,1153,0,1153,0,0,0,5,5,24,5,0.7892454466608847
continuous_immigration,flat,1,157,1.0,1162,0,1162,0,0,0,1,1,5,1,0.7900172117039587
continuous_immigration,flat,1,158,1.0,1174,0,1174,0,0,0,2,2,10,2,0.7921635434412265
continuous_immigration,flat,1,159,1.0,1183,0,1183,0,0,0,1,1,5,1,0.7912087912087912
continuous_immigration,flat,1,160,1.0,1190,0,1190,0,0,0,1,1,5,1,0.7924369747899159
continuous_immigration,flat,1,161,1.0,1195,0,1195,0,0,0,2,2,10,2,0.792468619246862
continuous_immigration,flat,1,162,1.0,1203,0,1203,0,0,0,3,3,15,3,0.7930174563591023
continuous_immigration,flat,1,163,1.0,1210,0,1210,0,0,0,5,5,25,5,0.7933884297520661
continuous_immigration,flat,1,164,1.0,1218,0,1218,0,0,0,3,3,15,3,0.7931034482758621
continuous_immigration,flat,1,165,1.0,1220,0,1220,0,0,0,1,1,5,1,0.7926229508196722
continuous_immigration,flat,1,166,1.0,1223,0,1223,0,0,0,2,2,10,2,0.7931316434995912
continuous_immigration,flat,1,167,1.0,1230,0,1230,0,0,0,2,2,10,2,0.7926829268292683
continuous_immigration,flat,1,168,1.0,1240,0,1240,0,0,0,2,2,10,2,0.792741935483871
continuous_immigration,flat,1,169,1.0,1243,0,1243,0,0,0,1,1,5,1,0.7932421560740145
continuous_immigration,flat,1,170,1.0,1248,0,1248,0,0,0,2,2,10,2,0.7932692307692307
continuous_immigration,flat,1,171,nan,1259,0,1259,0,0,0,0,0,0,0,0.7934868943606036
continuous_immigration,flat,1,172,1.0,1275,0,1275,0,0,0,3,3,15,3,0.7945098039215687
continuous_immigration,flat,1,173,1.0,1287,0,1287,0,0,0,4,4,20,4,0.7948717948717948
continuous_immigration,flat,1,174,1.0,1296,0,1296,0,0,0,3,3,15,3,0.7955246913580247
continuous_immigration,flat,1,175,nan,1299,0,1299,0,0,0,0,0,0,0,0.7952270977675134
continuous_immigration,flat,1,176,1.0,1310,0,1310,0,0,0,2,2,10,2,0.7961832061068702
continuous_immigration,flat,1,177,1.0,1319,0,1319,0,0,0,1,1,5,1,0.7952994692949203
continuous_immigration,flat,1,178,1.0,1338,0,1338,0,0,0,2,2,10,2,0.7952167414050823
continuous_immigration,flat,1,179,nan,1350,0,1350,0,0,0,0,0,0,0,0.797037037037037
continuous_immigration,flat,1,180,1.0,1360,0,1360,0,0,0,4,4,20,4,0.7977941176470589
continuous_immigration,flat,1,181,1.0,1365,0,1365,0,0,0,4,4,20,4,0.7985347985347986
continuous_immigration,flat,1,182,1.0,1371,0,1371,0,0,0,1,1,5,1,0.799416484318016
continuous_immigration,flat,1,183,1.0,1382,0,1382,0,0,0,3,3,15,3,0.8002894356005789
continuous_immigration,flat,1,184,1.0,1388,0,1388,0,0,0,2,2,10,2,0.7997118155619597
continuous_immigration,flat,1,185,1.0,1399,0,1399,0,0,0,2,2,10,2,0.8005718370264474
continuous_immigration,flat,1,186,nan,1403,0,1403,0,0,0,0,0,0,0,0.8004276550249465
continuous_immigration,flat,1,187,1.0,1407,0,1407,0,0,0,6,6,30,6,0.8002842928216063
continuous_immigration,flat,1,188,1.0,1414,0,1414,0,0,0,2,2,10,2,0.7998585572842999
continuous_immigration,flat,1,189,1.0,1421,0,1421,0,0,0,4,4,20,4,0.800844475721323
continuous_immigration,flat,1,190,1.0,1426,0,1426,0,0,0,2,2,10,2,0.8015427769985974
continuous_immigration,flat,1,191,1.0,1431,0,1431,0,0,0,2,2,10,2,0.80083857442348
continuous_immigration,flat,1,192,1.0,1437,0,1437,0,0,0,2,2,10,2,0.8016701461377871
continuous_immigration,flat,1,193,nan,1442,0,1442,0,0,0,0,0,0,0,0.8023578363384188
continuous_immigration,flat,1,194,nan,1445,0,1445,0,0,0,0,0,0,0,0.802076124567474
continuous_immigration,flat,1,195,1.0,1451,0,1451,0,0,0,2,2,10,2,0.80289455547898
continuous_immigration,flat,1,196,1.0,1461,0,1461,0,0,0,1,1,5,1,0.8035592060232717
continuous_immigration,flat,1,197,1.0,1465,0,1465,0,0,0,1,1,5,1,0.8040955631399317
continuous_immigration,flat,1,198,1.0,1471,0,1471,0,0,0,4,4,20,4,0.8035350101971448
continuous_immigration,flat,1,199,1.0,1476,0,1476,0,0,0,2,2,10,2,0.8035230352303523
continuous_immigration,flat,1,200,1.0,1488,0,1488,0,0,0,3,3,14,3,0.8030913978494624
continuous_immigration,flat,1,201,1.0,1494,0,1494,0,0,0,5,5,25,5,0.8025435073627845
continuous_immigration,flat,1,202,1.0,1500,0,1500,0,0,0,4,4,19,4,0.8033333333333333
continuous_immigration,flat,1,203,1.0,1507,0,1507,0,0,0,1,1,5,1,0.8029197080291971
continuous_immigration,flat,1,204,nan,1515,0,1515,0,0,0,0,0,0,0,0.8033003300330033
continuous_immigration,flat,1,205,nan,1523,0,1523,0,0,0,0,0,0,0,0.804333552199606
continuous_immigration,flat,1,206,1.0,1529,0,1529,0,0,0,1,1,5,1,0.8051013734466972
continuous_immigration,flat,1,207,1.0,1536,0,1536,0,0,0,2,2,10,2,0.8053385416666666
continuous_immigration,flat,1,208,nan,1545,0,1545,0,0,0,0,0,0,0,0.8064724919093851
continuous_immigration,flat,1,209,nan,1552,0,1552,0,0,0,0,0,0,0,0.8067010309278351
continuous_immigration,flat,1,210,1.0,1556,0,1556,0,0,0,1,1,5,1,0.8065552699228792
continuous_immigration,flat,1,211,1.0,1567,0,1567,0,0,0,2,2,10,2,0.8066368857689853
continuous_immigration,flat,1,212,1.0,1573,0,1573,0,0,0,5,5,25,5,0.8061029879211697
continuous_immigration,flat,1,213,1.0,1577,0,1577,0,0,0,2,2,10,2,0.8065948002536462
continuous_immigration,flat,1,214,nan,1581,0,1581,0,0,0,0,0,0,0,0.8064516129032258
continuous_immigration,flat,1,215,1.0,1590,0,1590,0,0,0,1,1,5,1,0.8062893081761007
continuous_immigration,flat,1,216,1.0,1599,0,1599,0,0,0,2,2,10,2,0.8048780487804879
continuous_immigration,flat,1,217,1.0,1610,0,1610,0,0,0,2,2,10,2,0.8049689440993789
continuous_immigration,flat,1,218,1.0,1619,0,1619,0,0,0,1,1,5,1,0.8035824583075973
continuous_immigration,flat,1,219,1.0,1628,0,1628,0,0,0,1,1,5,1,0.8046683046683046
continuous_immigration,flat,1,220,nan,1634,0,1634,0,0,0,0,0,0,0,0.8041615667074663
continuous_immigration,flat,1,221,nan,1643,0,1643,0,0,0,0,0,0,0,0.8034083992696287
continuous_immigration,flat,1,222,1.0,1655,0,1655,0,0,0,2,2,10,2,0.8042296072507553
continuous_immigration,flat,1,223,1.0,1668,0,1668,0,0,0,2,2,10,2,0.8045563549160671
continuous_immigration,flat,1,224,1.0,1680,0,1680,0,0,0,1,1,5,1,0.8053571428571429
continuous_immigration,flat,1,225,1.0,1687,0,1687,0,0,0,1,1,5,1,0.8043864848844102
continuous_immigration,flat,1,226,1.0,1699,0,1699,0,0,0,2,2,10,2,0.8051795173631549
continuous_immigration,flat,1,227,1.0,1702,0,1702,0,0,0,4,4,20,4,0.8037602820211516
continuous_immigration,flat,1,228,1.0,1713,0,1713,0,0,0,2,2,10,2,0.8032691185055458
continuous_immigration,flat,1,229,1.0,1721,0,1721,0,0,0,3,3,15,3,0.8036025566531086
continuous_immigration,flat,1,230,1.0,1731,0,1731,0,0,0,1,1,5,1,0.8035817446562681
continuous_immigration,flat,1,231,1.0,1735,0,1735,0,0,0,2,2,10,2,0.8028818443804034
continuous_immigration,flat,1,232,1.0,1743,0,1743,0,0,0,1,1,5,1,0.8032128514056225
continuous_immigration,flat,1,233,1.0,1758,0,1758,0,0,0,4,4,20,4,0.8026166097838453
continuous_immigration,flat,1,234,1.0,1766,0,1766,0,0,0,2,2,10,2,0.8029445073612684
continuous_immigration,flat,1,235,1.0,1773,0,1773,0,0,0,2,2,10,2,0.8025944726452341
continuous_immigration,flat,1,236,1.0,1778,0,1778,0,0,0,1,1,5,1,0.8020247469066367
continuous_immigration,flat,1,237,1.0,1782,0,1782,0,0,0,2,2,10,2,0.8019079685746352
continuous_immigration,flat,1,238,1.0,1788,0,1788,0,0,0,2,2,10,2,0.802013422818792
continuous_immigration,flat,1,239,1.0,1796,0,1796,0,0,0,2,2,10,2,0.8017817371937639
continuous_immigration,flat,1,240,1.0,1803,0,1803,0,0,0,2,2,10,2,0.8014420410427066
continuous_immigration,flat,1,241,1.0,1812,0,1812,0,0,0,2,2,10,2,0.8018763796909493
continuous_immigration,flat,1,242,1.0,1816,0,1816,0,0,0,1,1,5,1,0.8023127753303965
continuous_immigration,flat,1,243,1.0,1818,0,1818,0,0,0,3,3,15,3,0.8025302530253026
continuous_immigration,flat,1,244,1.0,1830,0,1830,0,0,0,3,3,15,3,0.8021857923497268
continuous_immigration,flat,1,245,1.0,1837,0,1837,0,0,0,3,3,15,3,0.8018508437670114
continuous_immigration,flat,1,246,1.0,1843,0,1843,0,0,0,1,1,5,1,0.801953336950624
continuous_immigration,flat,1,247,1.0,1849,0,1849,0,0,0,1,1,5,1,0.8020551649540292
continuous_immigration,flat,1,248,1.0,1856,0,1856,0,0,0,2,2,10,2,0.8011853448275862
continuous_immigration,flat,1,249,1.0,1865,0,1865,0,0,0,1,1,5,1,0.8010723860589812
continuous_immigration,flat,1,250,1.0,1875,0,1875,0,0,0,2,2,10,2,0.8021333333333334
continuous_immigration,flat,1,251,1.0,1885,0,1885,0,0,0,3,3,15,3,0.803183023872679
continuous_immigration,flat,1,252,1.0,1895,0,1895,0,0,0,2,2,10,2,0.8036939313984169
continuous_immigration,flat,1,253,1.0,1906,0,1906,0,0,0,2,2,10,2,0.804302203567681
continuous_immigration,flat,1,254,1.0,1914,0,1914,0,0,0,4,4,20,4,0.8040752351097179
continuous_immigration,flat,1,255,1.0,1917,0,1917,0,0,0,3,3,15,3,0.8038601982263954
continuous_immigration,flat,1,256,1.0,1926,0,1926,0,0,0,4,4,20,4,0.8037383177570093
continuous_immigration,flat,1,257,1.0,1934,0,1934,0,0,0,1,1,5,1,0.8029989658738366
continuous_immigration,flat,1,258,1.0,1941,0,1941,0,0,0,2,2,10,2,0.80370942812983
continuous_immigration,flat,1,259,nan,1946,0,1946,0,0,0,0,0,0,0,0.803186022610483
continuous_immigration,flat,1,260,1.0,1959,0,1959,0,0,0,3,3,15,3,0.8024502297090352
continuous_immigration,flat,1,261,1.0,1964,0,1964,0,0,0,4,4,20,4,0.8024439918533605
continuous_immigration,flat,1,262,1.0,1972,0,1972,0,0,0,1,1,5,1,0.802738336713996
continuous_immigration,flat,1,263,1.0,1980,0,1980,0,0,0,2,2,10,2,0.8035353535353535
continuous_immigration,flat,1,264,nan,1990,0,1990,0,0,0,0,0,0,0,0.8035175879396985
continuous_immigration,flat,1,265,1.0,1996,0,1996,0,0,0,2,2,10,2,0.8036072144288577
continuous_immigration,flat,1,266,1.0,2000,0,2000,0,0,0,1,1,5,1,0.804
continuous_immigration,flat,1,267,nan,2007,0,2007,0,0,0,0,0,0,0,0.8046836073741903
continuous_immigration,flat,1,268,1.0,2013,0,2013,0,0,0,1,1,5,1,0.8052657724788872
continuous_immigration,flat,1,269,1.0,2023,0,2023,0,0,0,2,2,10,2,0.8062283737024222
continuous_immigration,flat,1,270,1.0,2031,0,2031,0,0,0,2,2,10,2,0.8064992614475628
continuous_immigration,flat,1,271,1.0,2043,0,2043,0,0,0,3,3,15,3,0.8066568771414586
continuous_immigration,flat,1,272,1.0,2054,0,2054,0,0,0,1,1,5,1,0.8067185978578384
continuous_immigration,flat,1,273,1.0,2062,0,2062,0,0,0,6,6,30,6,0.8064985451018428
continuous_immigration,flat,1,274,1.0,2072,0,2072,0,0,0,3,3,15,3,0.806949806949807
continuous_immigration,flat,1,275,nan,2082,0,2082,0,0,0,0,0,0,0,0.8069164265129684
continuous_immigration,flat,1,276,1.0,2091,0,2091,0,0,0,1,1,5,1,0.8067910090865614
continuous_immigration,flat,1,277,nan,2098,0,2098,0,0,0,0,0,0,0,0.8060057197330791
continuous_immigration,flat,1,278,1.0,2104,0,2104,0,0,0,2,2,10,2,0.8056083650190115
continuous_immigration,flat,1,279,1.0,2113,0,2113,0,0,0,1,1,5,1,0.8054898248935163
continuous_immigration,flat,1,280,1.0,2119,0,2119,0,0,0,2,2,10,2,0.8050967437470505
continuous_immigration,flat,1,281,1.0,2120,0,2120,0,0,0,1,1,5,1,0.8047169811320755
continuous_immigration,flat,1,282,1.0,2126,0,2126,0,0,0,2,2,10,2,0.8047977422389464
continuous_immigration,flat,1,283,1.0,2134,0,2134,0,0,0,3,3,15,3,0.8050609184629803
continuous_immigration,flat,1,284,1.0,2144,0,2144,0,0,0,4,4,20,4,0.8041044776119403
continuous_immigration,flat,1,285,1.0,2156,0,2156,0,0,0,2,2,10,2,0.8042671614100185
continuous_immigration,flat,1,286,1.0,2170,0,2170,0,0,0,1,1,5,1,0.804147465437788
continuous_immigration,flat,1,287,1.0,2175,0,2175,0,0,0,4,4,20,4,0.8036781609195403
continuous_immigration,flat,1,288,1.0,2177,0,2177,0,0,0,4,4,20,4,0.8038585209003215
continuous_immigration,flat,1,289,1.0,2182,0,2182,0,0,0,5,5,25,5,0.8043079743354721
continuous_immigration,flat,1,290,1.0,2195,0,2195,0,0,0,1,1,5,1,0.8045558086560365
continuous_immigration,flat,1,291,1.0,2199,0,2199,0,0,0,5,5,25,5,0.804456571168713
continuous_immigration,flat,1,292,1.0,2209,0,2209,0,0,0,3,3,15,3,0.8048890900860117
continuous_immigration,flat,1,293,1.0,2216,0,2216,0,0,0,4,4,20,4,0.8050541516245487
continuous_immigration,flat,1,294,1.0,2225,0,2225,0,0,0,3,3,15,3,0.8049438202247191
continuous_immigration,flat,1,295,1.0,2230,0,2230,0,0,0,3,3,15,3,0.8040358744394619
continuous_immigration,flat,1,296,1.0,2239,0,2239,0,0,0,2,2,10,2,0.8043769539973202
continuous_immigration,flat,1,297,1.0,2247,0,2247,0,0,0,4,4,20,4,0.8041833555852247
continuous_immigration,flat,1,298,1.0,2251,0,2251,0,0,0,2,2,10,2,0.8040870724122612
continuous_immigration,flat,1,299,1.0,2255,0,2255,0,0,0,1,1,5,1,0.8035476718403548
continuous_immigration,flat,1,300,1.0,2261,0,2261,0,0,0,2,2,10,2,0.8036267138434321
continuous_immigration,flat,1,301,1.0,2273,0,2273,0,0,0,2,2,10,2,0.8029036515618125
continuous_immigration,flat,1,302,nan,2277,0,2277,0,0,0,0,0,0,0,0.8023715415019763
continuous_immigration,flat,1,303,1.0,2283,0,2283,0,0,0,1,1,5,1,0.8020148926850635
continuous_immigration,flat,1,304,nan,2290,0,2290,0,0,0,0,0,0,0,0.8013100436681223
continuous_immigration,flat,1,305,1.0,2302,0,2302,0,0,0,1,1,5,1,0.8010425716768028
continuous_immigration,flat,1,306,1.0,2308,0,2308,0,0,0,3,3,15,3,0.8011265164644714
continuous_immigration,flat,1,307,1.0,2310,0,2310,0,0,0,5,5,25,5,0.8008658008658008
continuous_immigration,flat,1,308,1.0,2315,0,2315,0,0,0,4,4,20,4,0.8012958963282938
continuous_immigration,flat,1,309,nan,2321,0,2321,0,0,0,0,0,0,0,0.8009478672985783
continuous_immigration,flat,1,310,nan,2329,0,2329,0,0,0,0,0,0,0,0.8012022327179047
continuous_immigration,flat,1,311,1.0,2338,0,2338,0,0,0,1,1,5,1,0.8015397775876818
continuous_immigration,flat,1,312,1.0,2343,0,2343,0,0,0,2,2,10,2,0.8015364916773368
continuous_immigration,flat,1,313,1.0,2352,0,2352,0,0,0,3,3,15,3,0.8018707482993197
continuous_immigration,flat,1,314,1.0,2360,0,2360,0,0,0,3,3,15,3,0.8025423728813559
continuous_immigration,flat,1,315,1.0,2369,0,2369,0,0,0,1,1,5,1,0.8024482904178979
continuous_immigration,flat,1,316,1.0,2380,0,2380,0,0,0,2,2,10,2,0.8029411764705883
continuous_immigration,flat,1,317,1.0,2390,0,2390,0,0,0,2,2,10,2,0.8029288702928871
continuous_immigration,flat,1,318,1.0,2399,0,2399,0,0,0,3,3,15,3,0.803251354731138
continuous_immigration,flat,1,319,1.0,2407,0,2407,0,0,0,3,3,15,3,0.8026589115081014
continuous_immigration,flat,1,320,1.0,2418,0,2418,0,0,0,2,2,10,2,0.8023159636062862
continuous_immigration,flat,1,321,1.0,2432,0,2432,0,0,0,2,2,10,2,0.8030427631578947
continuous_immigration,flat,1,322,1.0,2438,0,2438,0,0,0,1,1,5,1,0.8027071369975389
continuous_immigration,flat,1,323,1.0,2443,0,2443,0,0,0,1,1,5,1,0.8027015963978714
continuous_immigration,flat,1,324,1.0,2447,0,2447,0,0,0,2,2,10,2,0.8030241111565182
continuous_immigration,flat,1,325,1.0,2459,0,2459,0,0,0,1,1,5,1,0.8031720211468076
continuous_immigration,flat,1,326,1.0,2462,0,2462,0,0,0,1,1,5,1,0.8025995125913891
continuous_immigration,flat,1,327,1.0,2469,0,2469,0,0,0,3,3,15,3,0.8023491292021061
continuous_immigration,flat,1,328,1.0,2471,0,2471,0,0,0,2,2,10,2,0.8025091056252529
continuous_immigration,flat,1,329,nan,2477,0,2477,0,0,0,0,0,0,0,0.8021800565199838
continuous_immigration,flat,1,330,1.0,2483,0,2483,0,0,0,3,3,15,3,0.801852597664116
continuous_immigration,flat,1,331,1.0,2487,0,2487,0,0,0,1,1,5,1,0.8017691998391636
continuous_immigration,flat,1,332,1.0,2498,0,2498,0,0,0,1,1,5,1,0.8014411529223379
continuous_immigration,flat,1,333,1.0,2505,0,2505,0,0,0,3,3,15,3,0.8015968063872255
continuous_immigration,flat,1,334,1.0,2512,0,2512,0,0,0,1,1,5,1,0.8021496815286624
continuous_immigration,flat,1,335,1.0,2519,0,2519,0,0,0,1,1,5,1,0.8023025009924574
continuous_immigration,flat,1,336,1.0,2527,0,2527,0,0,0,3,3,15,3,0.8025326474079937
continuous_immigration,flat,1,337,1.0,2533,0,2533,0,0,0,2,2,10,2,0.8022108172127912
continuous_immigration,flat,1,338,1.0,2539,0,2539,0,0,0,1,1,5,1,0.8022843639228042
continuous_immigration,flat,1,339,1.0,2549,0,2549,0,0,0,1,1,5,1,0.801490780698313
continuous_immigration,flat,1,340,1.0,2560,0,2560,0,0,0,1,1,5,1,0.8015625
continuous_immigration,flat,1,341,1.0,2567,0,2567,0,0,0,1,1,5,1,0.8013245033112583
continuous_immigration,flat,1,342,nan,2570,0,2570,0,0,0,0,0,0,0,0.8011673151750973
continuous_immigration,flat,1,343,1.0,2576,0,2576,0,0,0,4,4,20,4,0.8004658385093167
continuous_immigration,flat,1,344,1.0,2584,0,2584,0,0,0,2,2,10,2,0.8006965944272446
continuous_immigration,flat,1,345,nan,2590,0,2590,0,0,0,0,0,0,0,0.8003861003861004
continuous_immigration,flat,1,346,1.0,2596,0,2596,0,0,0,6,6,30,6,0.800462249614792
continuous_immigration,flat,1,347,1.0,2601,0,2601,0,0,0,2,2,10,2,0.8008458285274894
continuous_immigration,flat,1,348,1.0,2606,0,2606,0,0,0,1,1,5,1,0.8012279355333844
continuous_immigration,flat,1,349,1.0,2609,0,2609,0,0,0,1,1,5,1,0.8006899195093906
continuous_immigration,flat,1,350,1.0,2614,0,2614,0,0,0,4,4,20,4,0.8006885998469778
continuous_immigration,flat,1,351,1.0,2626,0,2626,0,0,0,2,2,10,2,0.8008377760853008
continuous_immigration,flat,1,352,1.0,2628,0,2628,0,0,0,3,3,15,3,0.8006088280060882
continuous_immigration,flat,1,353,1.0,2631,0,2631,0,0,0,2,2,10,2,0.8008361839604713
continuous_immigration,flat,1,354,1.0,2643,0,2643,0,0,0,2,2,10,2,0.8013620885357549
continuous_immigration,flat,1,355,1.0,2652,0,2652,0,0,0,6,6,30,6,0.8020361990950227
continuous_immigration,flat,1,356,nan,2659,0,2659,0,0,0,0,0,0,0,0.8018051899210229
continuous_immigration,flat,1,357,1.0,2661,0,2661,0,0,0,2,2,10,2,0.8015783540022547
continuous_immigration,flat,1,358,1.0,2672,0,2672,0,0,0,3,3,15,3,0.8012724550898204
continuous_immigration,flat,1,359,1.0,2674,0,2674,0,0,0,2,2,10,2,0.8014210919970082
continuous_immigration,flat,1,360,1.0,2677,0,2677,0,0,0,3,3,15,3,0.8016436309301457
continuous_immigration,flat,1,361,1.0,2684,0,2684,0,0,0,3,3,15,3,0.8017883755588674
continuous_immigration,flat,1,362,nan,2689,0,2689,0,0,0,0,0,0,0,0.801785050204537
continuous_immigration,flat,1,363,1.0,2693,0,2693,0,0,0,3,3,15,3,0.8017081321945785
continuous_immigration,flat,1,364,1.0,2700,0,2700,0,0,0,3,3,15,3,0.8014814814814815
continuous_immigration,flat,1,365,1.0,2704,0,2704,0,0,0,2,2,10,2,0.801405325443787
continuous_immigration,flat,1,366,1.0,2713,0,2713,0,0,0,1,1,5,1,0.8020641356431994
continuous_immigration,flat,1,367,nan,2719,0,2719,0,0,0,0,0,0,0,0.8021331371827878
continuous_immigration,flat,1,368,nan,2727,0,2727,0,0,0,0,0,0,0,0.8027136046938027
continuous_immigration,flat,1,369,1.0,2737,0,2737,0,0,0,1,1,5,1,0.80306905370844
continuous_immigration,flat,1,370,1.0,2744,0,2744,0,0,0,3,3,15,3,0.8032069970845481
continuous_immigration,flat,1,371,1.0,2747,0,2747,0,0,0,1,1,5,1,0.8026938478340008
continuous_immigration,flat,1,372,1.0,2759,0,2759,0,0,0,2,2,10,2,0.8028271112722001
continuous_immigration,flat,1,373,1.0,2767,0,2767,0,0,0,1,1,5,1,0.8023129743404409
continuous_immigration,flat,1,374,1.0,2774,0,2774,0,0,0,4,4,20,4,0.8020908435472243
continuous_immigration,flat,1,375,1.0,2784,0,2784,0,0,0,2,2,10,2,0.8017241379310345
continuous_immigration,flat,1,376,1.0,2788,0,2788,0,0,0,3,3,15,3,0.8016499282639885
continuous_immigration,flat,1,377,1.0,2798,0,2798,0,0,0,2,2,10,2,0.8009292351679771
continuous_immigration,flat,1,378,1.0,2800,0,2800,0,0,0,4,4,20,4,0.8007142857142857
continuous_immigration,flat,1,379,1.0,2807,0,2807,0,0,0,2,2,10,2,0.8008550053437834
continuous_immigration,flat,1,380,nan,2815,0,2815,0,0,0,0,0,0,0,0.8010657193605684
continuous_immigration,flat,1,381,1.0,2822,0,2822,0,0,0,3,3,15,3,0.80049610205528
continuous_immigration,flat,1,382,1.0,2829,0,2829,0,0,0,2,2,10,2,0.8002827854365501
continuous_immigration,flat,1,383,1.0,2839,0,2839,0,0,0,3,3,15,3,0.8009862627685805
continuous_immigration,flat,1,384,1.0,2846,0,2846,0,0,0,2,2,10,2,0.8011243851018974
continuous_immigration,flat,1,385,1.0,2851,0,2851,0,0,0,2,2,10,2,0.8014731673097159
continuous_immigration,flat,1,386,1.0,2858,0,2858,0,0,0,3,3,15,3,0.8019594121763471
continuous_immigration,flat,1,387,1.0,2866,0,2866,0,0,0,1,1,5,1,0.801814375436148
continuous_immigration,flat,1,388,1.0,2878,0,2878,0,0,0,1,1,5,1,0.8015983321751217
continuous_immigration,flat,1,389,nan,2884,0,2884,0,0,0,0,0,0,0,0.8020110957004161
continuous_immigration,flat,1,390,nan,2893,0,2893,0,0,0,0,0,0,0,0.8015900449360526
continuous_immigration,flat,1,391,nan,2901,0,2901,0,0,0,0,0,0,0,0.8014477766287487
continuous_immigration,flat,1,392,1.0,2913,0,2913,0,0,0,1,1,5,1,0.8012358393408857
continuous_immigration,flat,1,393,nan,2924,0,2924,0,0,0,0,0,0,0,0.8006155950752394
continuous_immigration,flat,1,394,1.0,2929,0,2929,0,0,0,2,2,10,2,0.800614544213042
continuous_immigration,flat,1,395,nan,2934,0,2934,0,0,0,0,0,0,0,0.8006134969325154
continuous_immigration,flat,1,396,nan,2941,0,2941,0,0,0,0,0,0,0,0.8004080244814689
continuous_immigration,flat,1,397,1.0,2949,0,2949,0,0,0,2,2,10,2,0.8006103763987793
continuous_immigration,flat,1,398,1.0,2956,0,2956,0,0,0,1,1,5,1,0.8010825439783491
continuous_immigration,flat,1,399,1.0,2962,0,2962,0,0,0,2,2,10,2,0.8011478730587441
continuous_immigration,flat,2,0,nan,7,0,7,0,0,0,0,0,0,0,0.8571428571428571
continuous_immigration,flat,2,1,0.0,15,0,15,0,0,0,2,0,0,0,0.8666666666666667
continuous_immigration,flat,2,2,nan,18,0,18,0,0,0,0,0,0,0,0.7777777777777778
continuous_immigration,flat,2,3,0.75,24,0,24,0,0,0,4,3,4,3,0.75
continuous_immigration,flat,2,4,nan,36,0,36,0,0,0,0,0,0,0,0.8055555555555556
continuous_immigration,flat,2,5,nan,43,0,43,0,0,0,0,0,0,0,0.8372093023255814
continuous_immigration,flat,2,6,0.0,51,0,51,0,0,0,2,0,0,0,0.8235294117647058
continuous_immigration,flat,2,7,1.0,60,0,60,0,0,0,1,1,1,1,0.8166666666666667
continuous_immigration,flat,2,8,1.0,67,0,67,0,0,0,1,1,1,1,0.8059701492537313
continuous_immigration,flat,2,9,0.5,74,0,74,0,0,0,2,1,3,1,0.8108108108108109
continuous_immigration,flat,2,10,0.0,85,0,85,0,0,0,1,0,0,0,0.8235294117647058
continuous_immigration,flat,2,11,0.0,90,0,90,0,0,0,1,0,1,0,0.8222222222222222
continuous_immigration,flat,2,12,0.6666666666666666,98,0,98,0,0,0,3,2,7,2,0.826530612244898
continuous_immigration,flat,2,13,0.5,100,0,100,0,0,0,2,1,1,1,0.82
continuous_immigration,flat,2,14,0.5,106,0,106,0,0,0,2,1,4,1,0.8018867924528302
continuous_immigration,flat,2,15,nan,108,0,108,0,0,0,0,0,0,0,0.7962962962962963
continuous_immigration,flat,2,16,1.0,115,0,115,0,0,0,2,2,5,2,0.8
continuous_immigration,flat,2,17,nan,126,0,126,0,0,0,0,0,0,0,0.8095238095238095
continuous_immigration,flat,2,18,0.5,131,0,131,0,0,0,2,1,3,1,0.8091603053435115
continuous_immigration,flat,2,19,0.0,140,0,140,0,0,0,2,0,1,0,0.8142857142857143
continuous_immigration,flat,2,20,1.0,151,0,151,0,0,0,2,2,7,2,0.8278145695364238
continuous_immigration,flat,2,21,0.6,156,0,156,0,0,0,5,3,12,3,0.8269230769230769
continuous_immigration,flat,2,22,1.0,162,0,162,0,0,0,1,1,3,1,0.8209876543209876
continuous_immigration,flat,2,23,1.0,174,0,174,0,0,0,1,1,1,1,0.8275862068965517
continuous_immigration,flat,2,24,1.0,183,0,183,0,0,0,2,2,6,2,0.8306010928961749
continuous_immigration,flat,2,25,1.0,191,0,191,0,0,0,3,3,11,3,0.8324607329842932
continuous_immigration,flat,2,26,0.6666666666666666,196,0,196,0,0,0,3,2,5,2,0.8367346938775511
continuous_immigration,flat,2,27,1.0,204,0,204,0,0,0,3,3,10,3,0.8431372549019608
continuous_immigration,flat,2,28,1.0,213,0,213,0,0,0,1,1,5,1,0.8450704225352113
continuous_immigration,flat,2,29,0.6666666666666666,217,0,217,0,0,0,3,2,7,2,0.847926267281106
continuous_immigration,flat,2,30,0.0,226,0,226,0,0,0,1,0,2,0,0.831858407079646
continuous_immigration,flat,2,31,0.5,238,0,238,0,0,0,2,1,4,1,0.8319327731092437
continuous_immigration,flat,2,32,nan,244,0,244,0,0,0,0,0,0,0,0.8278688524590164
continuous_immigration,flat,2,33,1.0,252,0,252,0,0,0,3,3,9,3,0.8214285714285714
continuous_immigration,flat,2,34,1.0,257,0,257,0,0,0,2,2,4,2,0.8249027237354085
continuous_immigration,flat,2,35,1.0,267,0,267,0,0,0,5,5,8,5,0.8239700374531835
continuous_immigration,flat,2,36,1.0,274,0,274,0,0,0,1,1,3,1,0.8211678832116789
continuous_immigration,flat,2,37,1.0,281,0,281,0,0,0,1,1,5,1,0.8256227758007118
continuous_immigration,flat,2,38,1.0,291,0,291,0,0,0,1,1,5,1,0.8213058419243986
continuous_immigration,flat,2,39,1.0,297,0,297,0,0,0,1,1,5,1,0.8215488215488216
continuous_immigration,flat,2,40,1.0,304,0,304,0,0,0,1,1,5,1,0.8256578947368421
continuous_immigration,flat,2,41,1.0,311,0,311,0,0,0,1,1,1,1,0.819935691318328
continuous_immigration,flat,2,42,1.0,317,0,317,0,0,0,2,2,7,2,0.8201892744479495
continuous_immigration,flat,2,43,1.0,320,0,320,0,0,0,4,4,14,4,0.821875
continuous_immigration,flat,2,44,1.0,327,0,327,0,0,0,3,3,13,3,0.8226299694189603
continuous_immigration,flat,2,45,1.0,334,0,334,0,0,0,1,1,1,1,0.8233532934131736
continuous_immigration,flat,2,46,nan,341,0,341,0,0,0,0,0,0,0,0.8240469208211144
continuous_immigration,flat,2,47,1.0,347,0,347,0,0,0,3,3,11,3,0.8270893371757925
continuous_immigration,flat,2,48,1.0,355,0,355,0,0,0,4,4,18,4,0.8253521126760563
continuous_immigration,flat,2,49,1.0,360,0,360,0,0,0,1,1,5,1,0.8194444444444444
continuous_immigration,flat,2,50,1.0,367,0,367,0,0,0,2,2,8,2,0.8174386920980926
continuous_immigration,flat,2,51,1.0,376,0,376,0,0,0,1,1,5,1,0.8164893617021277
continuous_immigration,flat,2,52,1.0,383,0,383,0,0,0,1,1,2,1,0.8172323759791122
continuous_immigration,flat,2,53,1.0,392,0,392,0,0,0,1,1,4,1,0.8163265306122449
continuous_immigration,flat,2,54,1.0,402,0,402,0,0,0,2,2,9,2,0.8159203980099502
continuous_immigration,flat,2,55,1.0,414,0,414,0,0,0,2,2,9,2,0.8188405797101449
continuous_immigration,flat,2,56,nan,424,0,424,0,0,0,0,0,0,0,0.8183962264150944
continuous_immigration,flat,2,57,1.0,431,0,431,0,0,0,2,2,10,2,0.8167053364269141
continuous_immigration,flat,2,58,1.0,439,0,439,0,0,0,3,3,12,3,0.8154897494305239
continuous_immigration,flat,2,59,1.0,448,0,448,0,0,0,1,1,5,1,0.8147321428571429
continuous_immigration,flat,2,60,nan,453,0,453,0,0,0,0,0,0,0,0.8145695364238411
continuous_immigration,flat,2,61,1.0,462,0,462,0,0,0,3,3,10,3,0.816017316017316
continuous_immigration,flat,2,62,1.0,465,0,465,0,0,0,2,2,6,2,0.8172043010752689
continuous_immigration,flat,2,63,1.0,473,0,473,0,0,0,2,2,10,2,0.8181818181818182
continuous_immigration,flat,2,64,1.0,481,0,481,0,0,0,2,2,8,2,0.817047817047817
continuous_immigration,flat,2,65,0.5,488,0,488,0,0,0,2,1,7,1,0.8155737704918032
continuous_immigration,flat,2,66,1.0,496,0,496,0,0,0,2,2,8,2,0.8145161290322581
continuous_immigration,flat,2,67,1.0,504,0,504,0,0,0,1,1,5,1,0.8134920634920635
continuous_immigration,flat,2,68,1.0,511,0,511,0,0,0,2,2,9,2,0.8101761252446184
continuous_immigration,flat,2,69,1.0,517,0,517,0,0,0,2,2,10,2,0.8104448742746615
continuous_immigration,flat,2,70,1.0,525,0,525,0,0,0,2,2,10,2,0.8076190476190476
continuous_immigration,flat,2,71,1.0,535,0,535,0,0,0,2,2,8,2,0.8093457943925234
continuous_immigration,flat,2,72,1.0,538,0,538,0,0,0,2,2,10,2,0.8104089219330854
continuous_immigration,flat,2,73,1.0,546,0,546,0,0,0,2,2,7,2,0.8131868131868132
continuous_immigration,flat,2,74,1.0,553,0,553,0,0,0,3,3,15,3,0.8137432188065099
continuous_immigration,flat,2,75,1.0,558,0,558,0,0,0,2,2,9,2,0.8154121863799283
continuous_immigration,flat,2,76,1.0,563,0,563,0,0,0,4,4,20,4,0.8152753108348135
continuous_immigration,flat,2,77,1.0,572,0,572,0,0,0,4,4,20,4,0.8146853146853147
continuous_immigration,flat,2,78,1.0,581,0,581,0,0,0,4,4,18,4,0.8158347676419966
continuous_immigration,flat,2,79,1.0,587,0,587,0,0,0,3,3,15,3,0.817717206132879
continuous_immigration,flat,2,80,1.0,595,0,595,0,0,0,5,5,24,5,0.8168067226890756
continuous_immigration,flat,2,81,1.0,600,0,600,0,0,0,3,3,12,3,0.8183333333333334
continuous_immigration,flat,2,82,1.0,607,0,607,0,0,0,4,4,20,4,0.8171334431630972
continuous_immigration,flat,2,83,nan,621,0,621,0,0,0,0,0,0,0,0.8180354267310789
continuous_immigration,flat,2,84,1.0,632,0,632,0,0,0,2,2,10,2,0.8212025316455697
continuous_immigration,flat,2,85,nan,646,0,646,0,0,0,0,0,0,0,0.8250773993808049
continuous_immigration,flat,2,86,1.0,654,0,654,0,0,0,1,1,1,1,0.8256880733944955
continuous_immigration,flat,2,87,1.0,662,0,662,0,0,0,2,2,10,2,0.8277945619335347
continuous_immigration,flat,2,88,1.0,667,0,667,0,0,0,1,1,5,1,0.8290854572713643
continuous_immigration,flat,2,89,1.0,675,0,675,0,0,0,3,3,11,3,0.8296296296296296
continuous_immigration,flat,2,90,1.0,677,0,677,0,0,0,3,3,15,3,0.8286558345642541
continuous_immigration,flat,2,91,1.0,684,0,684,0,0,0,3,3,12,3,0.8304093567251462
continuous_immigration,flat,2,92,1.0,694,0,694,0,0,0,2,2,9,2,0.829971181556196
continuous_immigration,flat,2,93,1.0,708,0,708,0,0,0,3,3,15,3,0.827683615819209
continuous_immigration,flat,2,94,nan,717,0,717,0,0,0,0,0,0,0,0.8270571827057183
continuous_immigration,flat,2,95,1.0,719,0,719,0,0,0,1,1,5,1,0.8261474269819193
continuous_immigration,flat,2,96,1.0,727,0,727,0,0,0,1,1,5,1,0.8266850068775791
continuous_immigration,flat,2,97,1.0,728,0,728,0,0,0,2,2,8,2,0.8269230769230769
continuous_immigration,flat,2,98,1.0,734,0,734,0,0,0,1,1,5,1,0.8283378746594006
continuous_immigration,flat,2,99,1.0,739,0,739,0,0,0,2,2,9,2,0.8267929634641408
continuous_immigration,flat,2,100,nan,746,0,746,0,0,0,0,0,0,0,0.8284182305630027
continuous_immigration,flat,2,101,1.0,760,0,760,0,0,0,4,4,18,4,0.8289473684210527
continuous_immigration,flat,2,102,1.0,768,0,768,0,0,0,2,2,10,2,0.8294270833333334
continuous_immigration,flat,2,103,1.0,771,0,771,0,0,0,3,3,15,3,0.8300907911802854
continuous_immigration,flat,2,104,1.0,780,0,780,0,0,0,3,3,15,3,0.8294871794871795
continuous_immigration,flat,2,105,1.0,787,0,787,0,0,0,3,3,15,3,0.829733163913596
continuous_immigration,flat,2,106,1.0,791,0,791,0,0,0,1,1,5,1,0.8305941845764855
continuous_immigration,flat,2,107,1.0,798,0,798,0,0,0,1,1,5,1,0.8283208020050126
continuous_immigration,flat,2,108,1.0,801,0,801,0,0,0,2,2,10,2,0.8277153558052435
continuous_immigration,flat,2,109,1.0,810,0,810,0,0,0,3,3,14,3,0.8271604938271605
continuous_immigration,flat,2,110,1.0,815,0,815,0,0,0,3,3,15,3,0.8269938650306748
continuous_immigration,flat,2,111,1.0,819,0,819,0,0,0,5,5,23,5,0.8253968253968254
continuous_immigration,flat,2,112,1.0,828,0,828,0,0,0,4,4,19,4,0.8260869565217391
continuous_immigration,flat,2,113,1.0,834,0,834,0,0,0,2,2,10,2,0.8249400479616307
continuous_immigration,flat,2,114,1.0,844,0,844,0,0,0,2,2,10,2,0.8234597156398105
continuous_immigration,flat,2,115,1.0,847,0,847,0,0,0,2,2,10,2,0.8229043683589138
continuous_immigration,flat,2,116,nan,854,0,854,0,0,0,0,0,0,0,0.8208430913348946
continuous_immigration,flat,2,117,1.0,864,0,864,0,0,0,2,2,7,2,0.8171296296296297
continuous_immigration,flat,2,118,1.0,869,0,869,0,0,0,3,3,14,3,0.8158803222094362
continuous_immigration,flat,2,119,1.0,879,0,879,0,0,0,1,1,5,1,0.8145620022753128
continuous_immigration,flat,2,120,1.0,886,0,886,0,0,0,1,1,5,1,0.8148984198645598
continuous_immigration,flat,2,121,1.0,895,0,895,0,0,0,2,2,10,2,0.8156424581005587
continuous_immigration,flat,2,122,1.0,900,0,900,0,0,0,1,1,5,1,0.8144444444444444
continuous_immigration,flat,2,123,nan,907,0,907,0,0,0,0,0,0,0,0.814773980154355
continuous_immigration,flat,2,124,1.0,913,0,913,0,0,0,3,3,15,3,0.8148959474260679
continuous_immigration,flat,2,125,1.0,919,0,919,0,0,0,2,2,10,2,0.8161044613710555
continuous_immigration,flat,2,126,1.0,925,0,925,0,0,0,1,1,5,1,0.8162162162162162
continuous_immigration,flat,2,127,1.0,929,0,929,0,0,0,2,2,10,2,0.8159311087190527
continuous_immigration,flat,2,128,1.0,938,0,938,0,0,0,1,1,5,1,0.8166311300639659
continuous_immigration,flat,2,129,1.0,944,0,944,0,0,0,3,3,14,3,0.8146186440677966
continuous_immigration,flat,2,130,1.0,951,0,951,0,0,0,3,3,15,3,0.814931650893796
continuous_immigration,flat,2,131,1.0,959,0,959,0,0,0,3,3,14,3,0.8133472367049009
continuous_immigration,flat,2,132,nan,966,0,966,0,0,0,0,0,0,0,0.8126293995859213
continuous_immigration,flat,2,133,1.0,972,0,972,0,0,0,3,3,15,3,0.8117283950617284
continuous_immigration,flat,2,134,1.0,980,0,980,0,0,0,2,2,9,2,0.8122448979591836
continuous_immigration,flat,2,135,1.0,992,0,992,0,0,0,2,2,10,2,0.8145161290322581
continuous_immigration,flat,2,136,1.0,997,0,997,0,0,0,7,7,33,7,0.8134403209628887
continuous_immigration,flat,2,137,1.0,1004,0,1004,0,0,0,3,3,15,3,0.8137450199203188
continuous_immigration,flat,2,138,1.0,1012,0,1012,0,0,0,3,3,15,3,0.8132411067193676
continuous_immigration,flat,2,139,1.0,1021,0,1021,0,0,0,2,2,10,2,0.8129285014691479
continuous_immigration,flat,2,140,1.0,1026,0,1026,0,0,0,1,1,5,1,0.8138401559454191
continuous_immigration,flat,2,141,nan,1036,0,1036,0,0,0,0,0,0,0,0.8156370656370656
continuous_immigration,flat,2,142,1.0,1048,0,1048,0,0,0,2,2,10,2,0.8177480916030534
continuous_immigration,flat,2,143,1.0,1056,0,1056,0,0,0,4,4,20,4,0.8172348484848485
continuous_immigration,flat,2,144,1.0,1067,0,1067,0,0,0,4,4,20,4,0.8181818181818182
continuous_immigration,flat,2,145,1.0,1077,0,1077,0,0,0,1,1,5,1,0.8189415041782729
continuous_immigration,flat,2,146,nan,1083,0,1083,0,0,0,0,0,0,0,0.8180978762696214
continuous_immigration,flat,2,147,1.0,1090,0,1090,0,0,0,1,1,5,1,0.8192660550458716
continuous_immigration,flat,2,148,1.0,1100,0,1100,0,0,0,2,2,10,2,0.82
continuous_immigration,flat,2,149,nan,1111,0,1111,0,0,0,0,0,0,0,0.81998199819982
continuous_immigration,flat,2,150,1.0,1124,0,1124,0,0,0,1,1,5,1,0.8185053380782918
continuous_immigration,flat,2,151,1.0,1132,0,1132,0,0,0,3,3,15,3,0.8171378091872792
continuous_immigration,flat,2,152,1.0,1141,0,1141,0,0,0,4,4,20,4,0.8177037686240141
continuous_immigration,flat,2,153,1.0,1147,0,1147,0,0,0,1,1,5,1,0.8169136878814298
continuous_immigration,flat,2,154,1.0,1154,0,1154,0,0,0,1,1,5,1,0.8180242634315424
continuous_immigration,flat,2,155,1.0,1160,0,1160,0,0,0,1,1,5,1,0.8181034482758621
continuous_immigration,flat,2,156,nan,1165,0,1165,0,0,0,0,0,0,0,0.8171673819742489
continuous_immigration,flat,2,157,1.0,1176,0,1176,0,0,0,3,3,14,3,0.8188775510204082
continuous_immigration,flat,2,158,1.0,1185,0,1185,0,0,0,1,1,5,1,0.8185654008438819
continuous_immigration,flat,2,159,1.0,1193,0,1193,0,0,0,3,3,15,3,0.818105616093881
continuous_immigration,flat,2,160,1.0,1202,0,1202,0,0,0,1,1,4,1,0.8169717138103162
continuous_immigration,flat,2,161,1.0,1213,0,1213,0,0,0,2,2,10,2,0.8178070898598516
continuous_immigration,flat,2,162,1.0,1227,0,1227,0,0,0,2,2,10,2,0.8182559087204564
continuous_immigration,flat,2,163,1.0,1233,0,1233,0,0,0,2,2,10,2,0.819140308191403
continuous_immigration,flat,2,164,1.0,1239,0,1239,0,0,0,2,2,10,2,0.8200161420500404
continuous_immigration,flat,2,165,1.0,1248,0,1248,0,0,0,1,1,5,1,0.8189102564102564
continuous_immigration,flat,2,166,1.0,1261,0,1261,0,0,0,4,4,20,4,0.8191911181601903
continuous_immigration,flat,2,167,nan,1264,0,1264,0,0,0,0,0,0,0,0.819620253164557
continuous_immigration,flat,2,168,1.0,1274,0,1274,0,0,0,2,2,10,2,0.8178963893249608
continuous_immigration,flat,2,169,nan,1282,0,1282,0,0,0,0,0,0,0,0.8182527301092044
continuous_immigration,flat,2,170,1.0,1297,0,1297,0,0,0,2,2,10,2,0.8188126445643793
continuous_immigration,flat,2,171,1.0,1302,0,1302,0,0,0,3,3,15,3,0.8195084485407066
continuous_immigration,flat,2,172,1.0,1309,0,1309,0,0,0,2,2,10,2,0.8189457601222307
continuous_immigration,flat,2,173,nan,1316,0,1316,0,0,0,0,0,0,0,0.8191489361702128
continuous_immigration,flat,2,174,1.0,1319,0,1319,0,0,0,1,1,5,1,0.8180439727065959
continuous_immigration,flat,2,175,1.0,1323,0,1323,0,0,0,1,1,5,1,0.817838246409675
continuous_immigration,flat,2,176,1.0,1331,0,1331,0,0,0,7,7,35,7,0.8189331329827197
continuous_immigration,flat,2,177,1.0,1336,0,1336,0,0,0,2,2,10,2,0.8188622754491018
continuous_immigration,flat,2,178,1.0,1345,0,1345,0,0,0,4,4,20,4,0.8185873605947955
continuous_immigration,flat,2,179,1.0,1352,0,1352,0,0,0,3,3,15,3,0.8180473372781065
continuous_immigration,flat,2,180,1.0,1359,0,1359,0,0,0,3,3,15,3,0.8175128771155261
continuous_immigration,flat,2,181,1.0,1366,0,1366,0,0,0,3,3,15,3,0.8162518301610542
continuous_immigration,flat,2,182,1.0,1371,0,1371,0,0,0,4,4,20,4,0.8147337709700948
continuous_immigration,flat,2,183,1.0,1377,0,1377,0,0,0,2,2,10,2,0.8148148148148148
continuous_immigration,flat,2,184,1.0,1386,0,1386,0,0,0,3,3,15,3,0.8131313131313131
continuous_immigration,flat,2,185,1.0,1398,0,1398,0,0,0,1,1,5,1,0.8140200286123033
continuous_immigration,flat,2,186,1.0,1403,0,1403,0,0,0,2,2,10,2,0.8139700641482538
continuous_immigration,flat,2,187,1.0,1409,0,1409,0,0,0,2,2,10,2,0.8140525195173882
continuous_immigration,flat,2,188,1.0,1413,0,1413,0,0,0,1,1,5,1,0.8138711960368011
continuous_immigration,flat,2,189,1.0,1419,0,1419,0,0,0,3,3,15,3,0.8146582100070472
continuous_immigration,flat,2,190,1.0,1427,0,1427,0,0,0,3,3,15,3,0.8149964961457603
continuous_immigration,flat,2,191,nan,1431,0,1431,0,0,0,0,0,0,0,0.8155136268343816
continuous_immigration,flat,2,192,1.0,1437,0,1437,0,0,0,4,4,20,4,0.8148921363952679
continuous_immigration,flat,2,193,1.0,1446,0,1446,0,0,0,3,3,15,3,0.8160442600276625
continuous_immigration,flat,2,194,1.0,1454,0,1454,0,0,0,6,6,30,6,0.8156808803301238
continuous_immigration,flat,2,195,1.0,1462,0,1462,0,0,0,1,1,5,1,0.8166894664842681
continuous_immigration,flat,2,196,1.0,1471,0,1471,0,0,0,1,1,5,1,0.8171312032630863
continuous_immigration,flat,2,197,1.0,1478,0,1478,0,0,0,3,3,15,3,0.8166441136671178
continuous_immigration,flat,2,198,1.0,1486,0,1486,0,0,0,2,2,10,2,0.8142664872139973
continuous_immigration,flat,2,199,1.0,1495,0,1495,0,0,0,1,1,5,1,0.8140468227424749
continuous_immigration,flat,2,200,nan,1500,0,1500,0,0,0,0,0,0,0,0.814
continuous_immigration,flat,2,201,nan,1509,0,1509,0,0,0,0,0,0,0,0.8137839628893306
continuous_immigration,flat,2,202,1.0,1519,0,1519,0,0,0,4,4,20,4,0.8136932192231732
continuous_immigration,flat,2,203,1.0,1523,0,1523,0,0,0,1,1,5,1,0.814182534471438
continuous_immigration,flat,2,204,1.0,1536,0,1536,0,0,0,2,2,10,2,0.8138020833333334
continuous_immigration,flat,2,205,1.0,1544,0,1544,0,0,0,2,2,10,2,0.814119170984456
continuous_immigration,flat,2,206,1.0,1551,0,1551,0,0,0,2,2,10,2,0.8143133462282398
continuous_immigration,flat,2,207,1.0,1556,0,1556,0,0,0,1,1,5,1,0.8149100257069408
continuous_immigration,flat,2,208,1.0,1562,0,1562,0,0,0,1,1,5,1,0.8149807938540333
continuous_immigration,flat,2,209,1.0,1568,0,1568,0,0,0,2,2,10,2,0.8150510204081632
continuous_immigration,flat,2,210,nan,1575,0,1575,0,0,0,0,0,0,0,0.8146031746031746
continuous_immigration,flat,2,211,1.0,1580,0,1580,0,0,0,2,2,10,2,0.8145569620253165
continuous_immigration,flat,2,212,1.0,1599,0,1599,0,0,0,2,2,10,2,0.815509693558474
continuous_immigration,flat,2,213,1.0,1612,0,1612,0,0,0,4,4,20,4,0.8163771712158809
continuous_immigration,flat,2,214,1.0,1619,0,1619,0,0,0,1,1,5,1,0.8159357628165534
continuous_immigration,flat,2,215,nan,1626,0,1626,0,0,0,0,0,0,0,0.8161131611316114
continuous_immigration,flat,2,216,1.0,1631,0,1631,0,0,0,2,2,10,2,0.8160637645616187
continuous_immigration,flat,2,217,1.0,1638,0,1638,0,0,0,1,1,5,1,0.8162393162393162
continuous_immigration,flat,2,218,1.0,1648,0,1648,0,0,0,2,2,10,2,0.8161407766990292
continuous_immigration,flat,2,219,1.0,1657,0,1657,0,0,0,2,2,10,2,0.8171394085697042
continuous_immigration,flat,2,220,1.0,1665,0,1665,0,0,0,2,2,10,2,0.8168168168168168
continuous_immigration,flat,2,221,1.0,1673,0,1673,0,0,0,2,2,10,2,0.817095038852361
continuous_immigration,flat,2,222,1.0,1680,0,1680,0,0,0,1,1,5,1,0.8154761904761905
continuous_immigration,flat,2,223,1.0,1685,0,1685,0,0,0,2,2,10,2,0.8160237388724035
continuous_immigration,flat,2,224,1.0,1689,0,1689,0,0,0,4,4,20,4,0.8164594434576673
continuous_immigration,flat,2,225,1.0,1691,0,1691,0,0,0,3,3,15,3,0.8160851567120048
continuous_immigration,flat,2,226,1.0,1697,0,1697,0,0,0,3,3,15,3,0.8155568650559811
continuous_immigration,flat,2,227,nan,1703,0,1703,0,0,0,0,0,0,0,0.815619495008808
continuous_immigration,flat,2,228,nan,1715,0,1715,0,0,0,0,0,0,0,0.8157434402332362
continuous_immigration,flat,2,229,1.0,1721,0,1721,0,0,0,1,1,5,1,0.8163858221963974
continuous_immigration,flat,2,230,1.0,1732,0,1732,0,0,0,1,1,5,1,0.8163972286374134
continuous_immigration,flat,2,231,1.0,1743,0,1743,0,0,0,3,3,15,3,0.8158347676419966
continuous_immigration,flat,2,232,nan,1752,0,1752,0,0,0,0,0,0,0,0.8156392694063926
continuous_immigration,flat,2,233,1.0,1761,0,1761,0,0,0,4,4,20,4,0.8143100511073254
continuous_immigration,flat,2,234,1.0,1767,0,1767,0,0,0,1,1,5,1,0.8143746462931523
continuous_immigration,flat,2,235,1.0,1776,0,1776,0,0,0,3,3,15,3,0.8153153153153153
continuous_immigration,flat,2,236,1.0,1782,0,1782,0,0,0,4,4,20,4,0.8148148148148148
continuous_immigration,flat,2,237,1.0,1790,0,1790,0,0,0,2,2,10,2,0.8145251396648044
continuous_immigration,flat,2,238,1.0,1795,0,1795,0,0,0,3,3,15,3,0.815041782729805
continuous_immigration,flat,2,239,1.0,1799,0,1799,0,0,0,3,3,15,3,0.8148971650917176
continuous_immigration,flat,2,240,1.0,1809,0,1809,0,0,0,3,3,15,3,0.8148148148148148
continuous_immigration,flat,2,241,1.0,1814,0,1814,0,0,0,2,2,10,2,0.8153252480705623
continuous_immigration,flat,2,242,1.0,1818,0,1818,0,0,0,1,1,5,1,0.8140814081408141
continuous_immigration,flat,2,243,1.0,1821,0,1821,0,0,0,3,3,15,3,0.8138385502471169
continuous_immigration,flat,2,244,1.0,1829,0,1829,0,0,0,2,2,10,2,0.8141060688901038
continuous_immigration,flat,2,245,1.0,1841,0,1841,0,0,0,2,2,10,2,0.8136882129277566
continuous_immigration,flat,2,246,1.0,1849,0,1849,0,0,0,4,4,20,4,0.8144943212547323
continuous_immigration,flat,2,247,1.0,1859,0,1859,0,0,0,1,1,5,1,0.8133405056481979
continuous_immigration,flat,2,248,1.0,1866,0,1866,0,0,0,3,3,15,3,0.8135048231511254
continuous_immigration,flat,2,249,1.0,1872,0,1872,0,0,0,3,3,15,3,0.813034188034188
continuous_immigration,flat,2,250,1.0,1878,0,1878,0,0,0,2,2,10,2,0.8125665601703941
continuous_immigration,flat,2,251,1.0,1890,0,1890,0,0,0,2,2,10,2,0.8121693121693122
continuous_immigration,flat,2,252,1.0,1899,0,1899,0,0,0,2,2,10,2,0.8130595050026329
continuous_immigration,flat,2,253,1.0,1909,0,1909,0,0,0,4,4,20,4,0.8124672603457308
continuous_immigration,flat,2,254,nan,1918,0,1918,0,0,0,0,0,0,0,0.8128258602711157
continuous_immigration,flat,2,255,1.0,1927,0,1927,0,0,0,2,2,10,2,0.8126621691748832
continuous_immigration,flat,2,256,1.0,1934,0,1934,0,0,0,2,2,10,2,0.812306101344364
continuous_immigration,flat,2,257,1.0,1940,0,1940,0,0,0,1,1,5,1,0.8123711340206186
continuous_immigration,flat,2,258,1.0,1950,0,1950,0,0,0,2,2,10,2,0.8128205128205128
continuous_immigration,flat,2,259,1.0,1959,0,1959,0,0,0,3,3,15,3,0.812149055640633
continuous_immigration,flat,2,260,1.0,1969,0,1969,0,0,0,2,2,10,2,0.8120873539867953
continuous_immigration,flat,2,261,nan,1976,0,1976,0,0,0,0,0,0,0,0.812246963562753
continuous_immigration,flat,2,262,1.0,1987,0,1987,0,0,0,3,3,15,3,0.8112732762959235
continuous_immigration,flat,2,263,1.0,1994,0,1994,0,0,0,2,2,10,2,0.8109327983951855
continuous_immigration,flat,2,264,1.0,1997,0,1997,0,0,0,1,1,5,1,0.8107160741111668
continuous_immigration,flat,2,265,1.0,2004,0,2004,0,0,0,2,2,10,2,0.810379241516966
continuous_immigration,flat,2,266,1.0,2012,0,2012,0,0,0,3,3,15,3,0.8096421471172962
continuous_immigration,flat,2,267,nan,2025,0,2025,0,0,0,0,0,0,0,0.8088888888888889
continuous_immigration,flat,2,268,1.0,2030,0,2030,0,0,0,2,2,10,2,0.8088669950738916
continuous_immigration,flat,2,269,1.0,2036,0,2036,0,0,0,2,2,10,2,0.8074656188605108
continuous_immigration,flat,2,270,1.0,2047,0,2047,0,0,0,2,2,10,2,0.8065461651196874
continuous_immigration,flat,2,271,1.0,2055,0,2055,0,0,0,1,1,5,1,0.8058394160583942
continuous_immigration,flat,2,272,1.0,2057,0,2057,0,0,0,1,1,5,1,0.806028196402528
continuous_immigration,flat,2,273,1.0,2062,0,2062,0,0,0,2,2,10,2,0.8055286129970902
continuous_immigration,flat,2,274,1.0,2068,0,2068,0,0,0,2,2,10,2,0.8051257253384912
continuous_immigration,flat,2,275,1.0,2076,0,2076,0,0,0,2,2,10,2,0.8058766859344894
continuous_immigration,flat,2,276,1.0,2082,0,2082,0,0,0,5,5,25,5,0.8059558117195005
continuous_immigration,flat,2,277,1.0,2084,0,2084,0,0,0,5,5,25,5,0.8061420345489443
continuous_immigration,flat,2,278,1.0,2090,0,2090,0,0,0,1,1,5,1,0.80622009569378
continuous_immigration,flat,2,279,1.0,2096,0,2096,0,0,0,4,4,20,4,0.8067748091603053
continuous_immigration,flat,2,280,1.0,2105,0,2105,0,0,0,4,4,20,4,0.8066508313539192
continuous_immigration,flat,2,281,1.0,2113,0,2113,0,0,0,3,3,15,3,0.807382867960246
continuous_immigration,flat,2,282,1.0,2119,0,2119,0,0,0,1,1,5,1,0.8069844266163284
continuous_immigration,flat,2,283,1.0,2129,0,2129,0,0,0,2,2,10,2,0.8069516204790982
continuous_immigration,flat,2,284,1.0,2138,0,2138,0,0,0,4,4,20,4,0.8077642656688494
continuous_immigration,flat,2,285,1.0,2145,0,2145,0,0,0,1,1,5,1,0.8074592074592074
continuous_immigration,flat,2,286,1.0,2155,0,2155,0,0,0,1,1,5,1,0.8074245939675174
continuous_immigration,flat,2,287,1.0,2168,0,2168,0,0,0,1,1,5,1,0.8071955719557196
continuous_immigration,flat,2,288,1.0,2180,0,2180,0,0,0,2,2,10,2,0.8073394495412844
continuous_immigration,flat,2,289,1.0,2187,0,2187,0,0,0,3,3,15,3,0.8065843621399177
continuous_immigration,flat,2,290,1.0,2191,0,2191,0,0,0,3,3,15,3,0.806481058877225
continuous_immigration,flat,2,291,nan,2204,0,2204,0,0,0,0,0,0,0,0.8067150635208712
continuous_immigration,flat,2,292,1.0,2208,0,2208,0,0,0,1,1,5,1,0.8066123188405797
continuous_immigration,flat,2,293,1.0,2217,0,2217,0,0,0,4,4,20,4,0.8064952638700947
continuous_immigration,flat,2,294,nan,2225,0,2225,0,0,0,0,0,0,0,0.8067415730337079
continuous_immigration,flat,2,295,1.0,2229,0,2229,0,0,0,3,3,15,3,0.8066397487662629
continuous_immigration,flat,2,296,1.0,2235,0,2235,0,0,0,1,1,5,1,0.8053691275167785
continuous_immigration,flat,2,297,1.0,2245,0,2245,0,0,0,2,2,10,2,0.8053452115812918
continuous_immigration,flat,2,298,1.0,2256,0,2256,0,0,0,1,1,5,1,0.8058510638297872
continuous_immigration,flat,2,299,1.0,2264,0,2264,0,0,0,1,1,5,1,0.806095406360424
continuous_immigration,flat,2,300,nan,2277,0,2277,0,0,0,0,0,0,0,0.8067632850241546
continuous_immigration,flat,2,301,1.0,2288,0,2288,0,0,0,3,3,15,3,0.8068181818181818
continuous_immigration,flat,2,302,1.0,2295,0,2295,0,0,0,4,4,20,4,0.8069716775599128
continuous_immigration,flat,2,303,1.0,2302,0,2302,0,0,0,2,2,10,2,0.8075586446568201
continuous_immigration,flat,2,304,1.0,2309,0,2309,0,0,0,2,2,10,2,0.8068427890861845
continuous_immigration,flat,2,305,1.0,2316,0,2316,0,0,0,2,2,10,2,0.8065630397236615
continuous_immigration,flat,2,306,1.0,2320,0,2320,0,0,0,5,5,25,5,0.8064655172413793
continuous_immigration,flat,2,307,1.0,2328,0,2328,0,0,0,1,1,5,1,0.8058419243986255
continuous_immigration,flat,2,308,1.0,2335,0,2335,0,0,0,1,1,5,1,0.8051391862955032
continuous_immigration,flat,2,309,1.0,2344,0,2344,0,0,0,1,1,5,1,0.8046075085324232
continuous_immigration,flat,2,310,nan,2349,0,2349,0,0,0,0,0,0,0,0.8041719880800341
continuous_immigration,flat,2,311,1.0,2352,0,2352,0,0,0,5,5,25,5,0.8039965986394558
continuous_immigration,flat,2,312,1.0,2360,0,2360,0,0,0,2,2,10,2,0.8038135593220339
continuous_immigration,flat,2,313,1.0,2371,0,2371,0,0,0,5,5,25,5,0.8034584563475327
continuous_immigration,flat,2,314,1.0,2377,0,2377,0,0,0,2,2,10,2,0.8035338662179218
continuous_immigration,flat,2,315,1.0,2384,0,2384,0,0,0,2,2,10,2,0.8036912751677853
continuous_immigration,flat,2,316,1.0,2392,0,2392,0,0,0,1,1,5,1,0.8035117056856187
continuous_immigration,flat,2,317,nan,2398,0,2398,0,0,0,0,0,0,0,0.8035863219349458
continuous_immigration,flat,2,318,1.0,2406,0,2406,0,0,0,4,4,20,4,0.8034081463009144
continuous_immigration,flat,2,319,1.0,2413,0,2413,0,0,0,1,1,5,1,0.8031496062992126
continuous_immigration,flat,2,320,1.0,2421,0,2421,0,0,0,1,1,5,1,0.8038000826104915
continuous_immigration,flat,2,321,1.0,2427,0,2427,0,0,0,3,3,15,3,0.8034610630407911
continuous_immigration,flat,2,322,1.0,2440,0,2440,0,0,0,2,2,10,2,0.8036885245901639
continuous_immigration,flat,2,323,1.0,2444,0,2444,0,0,0,7,7,35,7,0.8036006546644845
continuous_immigration,flat,2,324,1.0,2457,0,2457,0,0,0,1,1,5,1,0.8021978021978022
continuous_immigration,flat,2,325,1.0,2468,0,2468,0,0,0,2,2,10,2,0.8026742301458671
continuous_immigration,flat,2,326,1.0,2477,0,2477,0,0,0,1,1,5,1,0.8025837706903513
continuous_immigration,flat,2,327,1.0,2479,0,2479,0,0,0,4,4,20,4,0.8027430415490117
continuous_immigration,flat,2,328,1.0,2484,0,2484,0,0,0,3,3,15,3,0.8027375201288245
continuous_immigration,flat,2,329,1.0,2491,0,2491,0,0,0,5,5,25,5,0.8028904054596547
continuous_immigration,flat,2,330,1.0,2499,0,2499,0,0,0,1,1,5,1,0.8031212484993998
continuous_immigration,flat,2,331,1.0,2506,0,2506,0,0,0,1,1,5,1,0.8032721468475659
continuous_immigration,flat,2,332,nan,2515,0,2515,0,0,0,0,0,0,0,0.8035785288270377
continuous_immigration,flat,2,333,1.0,2522,0,2522,0,0,0,1,1,5,1,0.8037272006344172
continuous_immigration,flat,2,334,1.0,2532,0,2532,0,0,0,2,2,10,2,0.8037124802527646
continuous_immigration,flat,2,335,1.0,2537,0,2537,0,0,0,2,2,10,2,0.8040993299172251
continuous_immigration,flat,2,336,1.0,2544,0,2544,0,0,0,1,1,5,1,0.8034591194968553
continuous_immigration,flat,2,337,1.0,2553,0,2553,0,0,0,5,5,25,5,0.8029768899334117
continuous_immigration,flat,2,338,1.0,2560,0,2560,0,0,0,2,2,10,2,0.802734375
continuous_immigration,flat,2,339,1.0,2572,0,2572,0,0,0,3,3,15,3,0.80248833592535
continuous_immigration,flat,2,340,1.0,2576,0,2576,0,0,0,5,5,25,5,0.8024068322981367
continuous_immigration,flat,2,341,1.0,2587,0,2587,0,0,0,1,1,5,1,0.801700811751063
continuous_immigration,flat,2,342,nan,2593,0,2593,0,0,0,0,0,0,0,0.8017740069417663
continuous_immigration,flat,2,343,1.0,2599,0,2599,0,0,0,5,5,25,5,0.8018468641785302
continuous_immigration,flat,2,344,1.0,2610,0,2610,0,0,0,3,3,15,3,0.8019157088122605
continuous_immigration,flat,2,345,1.0,2617,0,2617,0,0,0,5,5,25,5,0.8016813144822316
continuous_immigration,flat,2,346,1.0,2627,0,2627,0,0,0,2,2,10,2,0.8020555767034641
continuous_immigration,flat,2,347,1.0,2631,0,2631,0,0,0,3,3,15,3,0.8023565184340555
continuous_immigration,flat,2,348,1.0,2638,0,2638,0,0,0,2,2,10,2,0.8028809704321456
continuous_immigration,flat,2,349,1.0,2645,0,2645,0,0,0,3,3,15,3,0.8034026465028355
continuous_immigration,flat,2,350,1.0,2651,0,2651,0,0,0,2,2,10,2,0.8034703885326292
continuous_immigration,flat,2,351,1.0,2661,0,2661,0,0,0,1,1,5,1,0.8030815482901165
continuous_immigration,flat,2,352,1.0,2663,0,2663,0,0,0,2,2,10,2,0.8032294404806609
continuous_immigration,flat,2,353,1.0,2675,0,2675,0,0,0,2,2,10,2,0.8026168224299065
continuous_immigration,flat,2,354,nan,2680,0,2680,0,0,0,0,0,0,0,0.8022388059701493
continuous_immigration,flat,2,355,1.0,2686,0,2686,0,0,0,5,5,25,5,0.8019359642591214
continuous_immigration,flat,2,356,1.0,2692,0,2692,0,0,0,2,2,10,2,0.8020059435364042
continuous_immigration,flat,2,357,1.0,2698,0,2698,0,0,0,2,2,10,2,0.8020756115641215
continuous_immigration,flat,2,358,nan,2708,0,2708,0,0,0,0,0,0,0,0.8028064992614475
continuous_immigration,flat,2,359,1.0,2714,0,2714,0,0,0,4,4,20,4,0.8028739867354459
continuous_immigration,flat,2,360,1.0,2719,0,2719,0,0,0,4,4,20,4,0.8028687017285767
continuous_immigration,flat,2,361,1.0,2727,0,2727,0,0,0,2,2,10,2,0.8023469013568023
continuous_immigration,flat,2,362,1.0,2733,0,2733,0,0,0,5,5,25,5,0.8027808269301134
continuous_immigration,flat,2,363,1.0,2738,0,2738,0,0,0,3,3,15,3,0.8027757487216947
continuous_immigration,flat,2,364,1.0,2749,0,2749,0,0,0,1,1,5,1,0.8028373954165151
continuous_immigration,flat,2,365,1.0,2756,0,2756,0,0,0,3,3,15,3,0.8033381712626996
continuous_immigration,flat,2,366,1.0,2765,0,2765,0,0,0,1,1,5,1,0.803616636528029
continuous_immigration,flat,2,367,1.0,2768,0,2768,0,0,0,7,7,35,7,0.8038294797687862
continuous_immigration,flat,2,368,1.0,2776,0,2776,0,0,0,2,2,10,2,0.8040345821325648
continuous_immigration,flat,2,369,nan,2784,0,2784,0,0,0,0,0,0,0,0.8042385057471264
continuous_immigration,flat,2,370,1.0,2789,0,2789,0,0,0,4,4,20,4,0.8042309071351739
continuous_immigration,flat,2,371,1.0,2796,0,2796,0,0,0,1,1,5,1,0.8047210300429185
continuous_immigration,flat,2,372,1.0,2805,0,2805,0,0,0,4,4,20,4,0.8049910873440285
continuous_immigration,flat,2,373,1.0,2812,0,2812,0,0,0,4,4,20,4,0.8054765291607396
continuous_immigration,flat,2,374,1.0,2817,0,2817,0,0,0,2,2,10,2,0.8058217962371317
continuous_immigration,flat,2,375,nan,2828,0,2828,0,0,0,0,0,0,0,0.8062234794908062
continuous_immigration,flat,2,376,1.0,2837,0,2837,0,0,0,1,1,5,1,0.8061332393373282
continuous_immigration,flat,2,377,1.0,2844,0,2844,0,0,0,3,3,15,3,0.8059071729957806
continuous_immigration,flat,2,378,1.0,2854,0,2854,0,0,0,4,4,20,4,0.8062368605466013
continuous_immigration,flat,2,379,1.0,2860,0,2860,0,0,0,1,1,5,1,0.8066433566433566
continuous_immigration,flat,2,380,nan,2865,0,2865,0,0,0,0,0,0,0,0.8066317626527051
continuous_immigration,flat,2,381,1.0,2871,0,2871,0,0,0,1,1,5,1,0.8063392546151167
continuous_immigration,flat,2,382,1.0,2879,0,2879,0,0,0,1,1,5,1,0.8068773879819382
continuous_immigration,flat,2,383,1.0,2886,0,2886,0,0,0,3,3,15,3,0.8066528066528067
continuous_immigration,flat,2,384,1.0,2891,0,2891,0,0,0,4,4,20,4,0.8069872016603251
continuous_immigration,flat,2,385,1.0,2899,0,2899,0,0,0,1,1,5,1,0.8068299413590894
continuous_immigration,flat,2,386,1.0,2908,0,2908,0,0,0,4,4,20,4,0.8070839064649243
continuous_immigration,flat,2,387,nan,2914,0,2914,0,0,0,0,0,0,0,0.8074811256005491
continuous_immigration,flat,2,388,1.0,2924,0,2924,0,0,0,3,3,15,3,0.8077975376196991
continuous_immigration,flat,2,389,1.0,2932,0,2932,0,0,0,1,1,5,1,0.807980900409277
continuous_immigration,flat,2,390,1.0,2941,0,2941,0,0,0,2,2,10,2,0.8065283917035022
continuous_immigration,flat,2,391,1.0,2951,0,2951,0,0,0,3,3,15,3,0.8065062690613352
continuous_immigration,flat,2,392,1.0,2966,0,2966,0,0,0,3,3,15,3,0.806136210384356
continuous_immigration,flat,2,393,1.0,2971,0,2971,0,0,0,3,3,15,3,0.8054527095254124
continuous_immigration,flat,2,394,1.0,2983,0,2983,0,0,0,4,4,20,4,0.805900100569896
continuous_immigration,flat,2,395,nan,2993,0,2993,0,0,0,0,0,0,0,0.8052121617106582
continuous_immigration,flat,2,396,nan,2999,0,2999,0,0,0,0,0,0,0,0.8049349783261087
continuous_immigration,flat,2,397,1.0,3001,0,3001,0,0,0,2,2,10,2,0.8047317560813062
continuous_immigration,flat,2,398,1.0,3011,0,3011,0,0,0,3,3,15,3,0.8043839256061109
continuous_immigration,flat,2,399,1.0,3019,0,3019,0,0,0,2,2,10,2,0.8039085789996687
continuous_immigration,flat,3,0,0.0,5,0,5,0,0,0,2,0,0,0,0.8
continuous_immigration,flat,3,1,0.0,10,0,10,0,0,0,2,0,0,0,0.9
continuous_immigration,flat,3,2,0.0,23,0,23,0,0,0,2,0,0,0,0.9130434782608695
continuous_immigration,flat,3,3,0.0,27,0,27,0,0,0,1,0,0,0,0.9259259259259259
continuous_immigration,flat,3,4,0.0,33,0,33,0,0,0,2,0,0,0,0.9090909090909091
continuous_immigration,flat,3,5,0.0,41,0,41,0,0,0,3,0,0,0,0.8536585365853658
continuous_immigration,flat,3,6,0.5,49,0,49,0,0,0,2,1,1,1,0.8775510204081632
continuous_immigration,flat,3,7,0.5,55,0,55,0,0,0,2,1,1,1,0.8909090909090909
continuous_immigration,flat,3,8,0.3333333333333333,63,0,63,0,0,0,3,1,2,1,0.8888888888888888
continuous_immigration,flat,3,9,1.0,74,0,74,0,0,0,2,2,4,2,0.8648648648648649
continuous_immigration,flat,3,10,0.3333333333333333,78,0,78,0,0,0,3,1,2,1,0.8589743589743589
continuous_immigration,flat,3,11,nan,88,0,88,0,0,0,0,0,0,0,0.8522727272727273
continuous_immigration,flat,3,12,1.0,94,0,94,0,0,0,1,1,2,1,0.8617021276595744
continuous_immigration,flat,3,13,0.0,98,0,98,0,0,0,1,0,1,0,0.8571428571428571
continuous_immigration,flat,3,14,0.75,111,0,111,0,0,0,4,3,4,3,0.8288288288288288
continuous_immigration,flat,3,15,0.6666666666666666,115,0,115,0,0,0,3,2,6,2,0.8260869565217391
continuous_immigration,flat,3,16,0.8,128,0,128,0,0,0,5,4,18,4,0.7890625
continuous_immigration,flat,3,17,0.6666666666666666,135,0,135,0,0,0,3,2,10,2,0.7925925925925926
continuous_immigration,flat,3,18,1.0,147,0,147,0,0,0,1,1,5,1,0.7891156462585034
continuous_immigration,flat,3,19,1.0,154,0,154,0,0,0,1,1,5,1,0.7922077922077922
continuous_immigration,flat,3,20,nan,161,0,161,0,0,0,0,0,0,0,0.8012422360248447
continuous_immigration,flat,3,21,nan,165,0,165,0,0,0,0,0,0,0,0.806060606060606
continuous_immigration,flat,3,22,nan,171,0,171,0,0,0,0,0,0,0,0.8070175438596491
continuous_immigration,flat,3,23,1.0,181,0,181,0,0,0,2,2,8,2,0.8011049723756906
continuous_immigration,flat,3,24,0.6666666666666666,191,0,191,0,0,0,3,2,7,2,0.806282722513089
continuous_immigration,flat,3,25,1.0,198,0,198,0,0,0,1,1,4,1,0.797979797979798
continuous_immigration,flat,3,26,1.0,206,0,206,0,0,0,3,3,12,3,0.7961165048543689
continuous_immigration,flat,3,27,0.5,210,0,210,0,0,0,4,2,8,2,0.7952380952380952
continuous_immigration,flat,3,28,nan,215,0,215,0,0,0,0,0,0,0,0.7906976744186046
continuous_immigration,flat,3,29,1.0,218,0,218,0,0,0,6,6,23,6,0.7935779816513762
continuous_immigration,flat,3,30,0.6666666666666666,227,0,227,0,0,0,3,2,10,2,0.7973568281938326
continuous_immigration,flat,3,31,1.0,240,0,240,0,0,0,2,2,6,2,0.7916666666666666
continuous_immigration,flat,3,32,1.0,245,0,245,0,0,0,1,1,5,1,0.7918367346938775
continuous_immigration,flat,3,33,0.5,256,0,256,0,0,0,2,1,2,1,0.80078125
continuous_immigration,flat,3,34,1.0,265,0,265,0,0,0,1,1,5,1,0.8037735849056604
continuous_immigration,flat,3,35,nan,270,0,270,0,0,0,0,0,0,0,0.8037037037037037
continuous_immigration,flat,3,36,0.0,278,0,278,0,0,0,1,0,1,0,0.8057553956834532
continuous_immigration,flat,3,37,1.0,284,0,284,0,0,0,2,2,10,2,0.8098591549295775
continuous_immigration,flat,3,38,1.0,287,0,287,0,0,0,2,2,10,2,0.8083623693379791
continuous_immigration,flat,3,39,1.0,294,0,294,0,0,0,2,2,10,2,0.8095238095238095
continuous_immigration,flat,3,40,1.0,307,0,307,0,0,0,3,3,8,3,0.8175895765472313
continuous_immigration,flat,3,41,1.0,317,0,317,0,0,0,1,1,3,1,0.8138801261829653
continuous_immigration,flat,3,42,1.0,320,0,320,0,0,0,2,2,10,2,0.8125
continuous_immigration,flat,3,43,nan,325,0,325,0,0,0,0,0,0,0,0.803076923076923
continuous_immigration,flat,3,44,1.0,335,0,335,0,0,0,2,2,6,2,0.7970149253731343
continuous_immigration,flat,3,45,0.75,347,0,347,0,0,0,4,3,16,3,0.7953890489913544
continuous_immigration,flat,3,46,1.0,358,0,358,0,0,0,2,2,4,2,0.7932960893854749
continuous_immigration,flat,3,47,1.0,360,0,360,0,0,0,3,3,12,3,0.7916666666666666
continuous_immigration,flat,3,48,1.0,365,0,365,0,0,0,3,3,13,3,0.7945205479452054
continuous_immigration,flat,3,49,1.0,375,0,375,0,0,0,3,3,14,3,0.792
continuous_immigration,flat,3,50,1.0,381,0,381,0,0,0,1,1,5,1,0.7874015748031497
continuous_immigration,flat,3,51,1.0,387,0,387,0,0,0,2,2,6,2,0.7829457364341085
continuous_immigration,flat,3,52,1.0,395,0,395,0,0,0,1,1,5,1,0.779746835443038
continuous_immigration,flat,3,53,1.0,405,0,405,0,0,0,1,1,5,1,0.782716049382716
continuous_immigration,flat,3,54,1.0,413,0,413,0,0,0,5,5,19,5,0.784503631961259
continuous_immigration,flat,3,55,1.0,419,0,419,0,0,0,2,2,10,2,0.7804295942720764
continuous_immigration,flat,3,56,1.0,424,0,424,0,0,0,3,3,12,3,0.7806603773584906
continuous_immigration,flat,3,57,1.0,437,0,437,0,0,0,2,2,3,2,0.7803203661327232
continuous_immigration,flat,3,58,1.0,446,0,446,0,0,0,2,2,10,2,0.7802690582959642
continuous_immigration,flat,3,59,nan,451,0,451,0,0,0,0,0,0,0,0.7760532150776053
continuous_immigration,flat,3,60,1.0,454,0,454,0,0,0,1,1,2,1,0.775330396475771
continuous_immigration,flat,3,61,1.0,458,0,458,0,0,0,1,1,5,1,0.7751091703056768
continuous_immigration,flat,3,62,1.0,466,0,466,0,0,0,1,1,5,1,0.778969957081545
continuous_immigration,flat,3,63,1.0,471,0,471,0,0,0,4,4,20,4,0.7770700636942676
continuous_immigration,flat,3,64,nan,480,0,480,0,0,0,0,0,0,0,0.7770833333333333
continuous_immigration,flat,3,65,1.0,489,0,489,0,0,0,2,2,7,2,0.7791411042944786
continuous_immigration,flat,3,66,1.0,500,0,500,0,0,0,2,2,9,2,0.778
continuous_immigration,flat,3,67,1.0,511,0,511,0,0,0,2,2,10,2,0.7808219178082192
continuous_immigration,flat,3,68,nan,525,0,525,0,0,0,0,0,0,0,0.780952380952381
continuous_immigration,flat,3,69,1.0,532,0,532,0,0,0,2,2,8,2,0.7800751879699248
continuous_immigration,flat,3,70,1.0,538,0,538,0,0,0,1,1,4,1,0.7806691449814126
continuous_immigration,flat,3,71,1.0,555,0,555,0,0,0,4,4,19,4,0.7765765765765765
continuous_immigration,flat,3,72,1.0,563,0,563,0,0,0,2,2,10,2,0.7744227353463587
continuous_immigration,flat,3,73,nan,572,0,572,0,0,0,0,0,0,0,0.7762237762237763
continuous_immigration,flat,3,74,1.0,583,0,583,0,0,0,2,2,9,2,0.7770154373927959
continuous_immigration,flat,3,75,1.0,591,0,591,0,0,0,2,2,10,2,0.7749576988155669
continuous_immigration,flat,3,76,nan,596,0,596,0,0,0,0,0,0,0,0.7751677852348994
continuous_immigration,flat,3,77,1.0,605,0,605,0,0,0,1,1,5,1,0.7735537190082644
continuous_immigration,flat,3,78,1.0,612,0,612,0,0,0,1,1,5,1,0.7761437908496732
continuous_immigration,flat,3,79,1.0,617,0,617,0,0,0,3,3,15,3,0.7763371150729336
continuous_immigration,flat,3,80,1.0,625,0,625,0,0,0,1,1,5,1,0.776
continuous_immigration,flat,3,81,nan,635,0,635,0,0,0,0,0,0,0,0.7748031496062993
continuous_immigration,flat,3,82,1.0,638,0,638,0,0,0,1,1,5,1,0.7758620689655172
continuous_immigration,flat,3,83,1.0,649,0,649,0,0,0,1,1,5,1,0.7765793528505393
continuous_immigration,flat,3,84,1.0,655,0,655,0,0,0,1,1,5,1,0.7770992366412214
continuous_immigration,flat,3,85,1.0,659,0,659,0,0,0,1,1,4,1,0.7738998482549317
continuous_immigration,flat,3,86,1.0,664,0,664,0,0,0,3,3,15,3,0.7740963855421686
continuous_immigration,flat,3,87,1.0,672,0,672,0,0,0,1,1,5,1,0.7752976190476191
continuous_immigration,flat,3,88,1.0,679,0,679,0,0,0,3,3,15,3,0.7731958762886598
continuous_immigration,flat,3,89,1.0,687,0,687,0,0,0,1,1,5,1,0.7743813682678311
continuous_immigration,flat,3,90,1.0,690,0,690,0,0,0,1,1,5,1,0.7753623188405797
continuous_immigration,flat,3,91,1.0,697,0,697,0,0,0,5,5,25,5,0.776183644189383
continuous_immigration,flat,3,92,1.0,706,0,706,0,0,0,3,3,14,3,0.7762039660056658
continuous_immigration,flat,3,93,1.0,714,0,714,0,0,0,1,1,5,1,0.7787114845938375
continuous_immigration,flat,3,94,1.0,726,0,726,0,0,0,1,1,5,1,0.7754820936639119
continuous_immigration,flat,3,95,1.0,732,0,732,0,0,0,2,2,10,2,0.7745901639344263
continuous_immigration,flat,3,96,1.0,735,0,735,0,0,0,1,1,5,1,0.7741496598639456
continuous_immigration,flat,3,97,1.0,748,0,748,0,0,0,1,1,5,1,0.7754010695187166
continuous_immigration,flat,3,98,1.0,754,0,754,0,0,0,3,3,14,3,0.773209549071618
continuous_immigration,flat,3,99,1.0,760,0,760,0,0,0,1,1,5,1,0.775
continuous_immigration,flat,3,100,1.0,766,0,766,0,0,0,5,5,24,5,0.7767624020887729
continuous_immigration,flat,3,101,1.0,770,0,770,0,0,0,2,2,10,2,0.7766233766233767
continuous_immigration,flat,3,102,1.0,777,0,777,0,0,0,2,2,9,2,0.7786357786357786
continuous_immigration,flat,3,103,1.0,784,0,784,0,0,0,2,2,10,2,0.7780612244897959
continuous_immigration,flat,3,104,nan,789,0,789,0,0,0,0,0,0,0,0.7782002534854245
continuous_immigration,flat,3,105,1.0,792,0,792,0,0,0,2,2,10,2,0.7790404040404041
continuous_immigration,flat,3,106,nan,797,0,797,0,0,0,0,0,0,0,0.7804265997490589
continuous_immigration,flat,3,107,1.0,806,0,806,0,0,0,3,3,13,3,0.7791563275434243
continuous_immigration,flat,3,108,1.0,810,0,810,0,0,0,3,3,15,3,0.7790123456790123
continuous_immigration,flat,3,109,1.0,813,0,813,0,0,0,4,4,20,4,0.7761377613776138
continuous_immigration,flat,3,110,1.0,821,0,821,0,0,0,1,1,5,1,0.7722289890377588
continuous_immigration,flat,3,111,nan,830,0,830,0,0,0,0,0,0,0,0.772289156626506
continuous_immigration,flat,3,112,1.0,833,0,833,0,0,0,2,2,10,2,0.7719087635054022
continuous_immigration,flat,3,113,1.0,840,0,840,0,0,0,1,1,5,1,0.7726190476190476
continuous_immigration,flat,3,114,1.0,847,0,847,0,0,0,1,1,5,1,0.7721369539551358
continuous_immigration,flat,3,115,1.0,852,0,852,0,0,0,6,6,30,6,0.7711267605633803
continuous_immigration,flat,3,116,1.0,857,0,857,0,0,0,3,3,15,3,0.7724620770128354
continuous_immigration,flat,3,117,1.0,864,0,864,0,0,0,3,3,15,3,0.7708333333333334
continuous_immigration,flat,3,118,nan,870,0,870,0,0,0,0,0,0,0,0.7724137931034483
continuous_immigration,flat,3,119,1.0,878,0,878,0,0,0,1,1,5,1,0.7710706150341685
continuous_immigration,flat,3,120,1.0,887,0,887,0,0,0,1,1,5,1,0.7711386696730552
continuous_immigration,flat,3,121,nan,898,0,898,0,0,0,0,0,0,0,0.7728285077951003
continuous_immigration,flat,3,122,1.0,902,0,902,0,0,0,1,1,5,1,0.7727272727272727
continuous_immigration,flat,3,123,1.0,912,0,912,0,0,0,2,2,10,2,0.7708333333333334
continuous_immigration,flat,3,124,1.0,923,0,923,0,0,0,5,5,25,5,0.771397616468039
continuous_immigration,flat,3,125,nan,934,0,934,0,0,0,0,0,0,0,0.771948608137045
continuous_immigration,flat,3,126,1.0,941,0,941,0,0,0,1,1,5,1,0.7715196599362381
continuous_immigration,flat,3,127,1.0,950,0,950,0,0,0,2,2,10,2,0.7726315789473684
continuous_immigration,flat,3,128,1.0,954,0,954,0,0,0,5,5,25,5,0.7735849056603774
continuous_immigration,flat,3,129,1.0,961,0,961,0,0,0,1,1,5,1,0.7741935483870968
continuous_immigration,flat,3,130,1.0,966,0,966,0,0,0,1,1,5,1,0.7753623188405797
continuous_immigration,flat,3,131,1.0,978,0,978,0,0,0,2,2,10,2,0.7770961145194274
continuous_immigration,flat,3,132,1.0,986,0,986,0,0,0,4,4,20,4,0.7768762677484787
continuous_immigration,flat,3,133,1.0,993,0,993,0,0,0,1,1,5,1,0.7774420946626385
continuous_immigration,flat,3,134,1.0,1000,0,1000,0,0,0,1,1,5,1,0.777
continuous_immigration,flat,3,135,1.0,1007,0,1007,0,0,0,2,2,10,2,0.7775571002979146
continuous_immigration,flat,3,136,1.0,1015,0,1015,0,0,0,3,3,15,3,0.7773399014778325
continuous_immigration,flat,3,137,nan,1024,0,1024,0,0,0,0,0,0,0,0.77734375
continuous_immigration,flat,3,138,1.0,1035,0,1035,0,0,0,1,1,5,1,0.778743961352657
continuous_immigration,flat,3,139,1.0,1048,0,1048,0,0,0,3,3,15,3,0.7776717557251909
continuous_immigration,flat,3,140,nan,1057,0,1057,0,0,0,0,0,0,0,0.7748344370860927
continuous_immigration,flat,3,141,1.0,1071,0,1071,0,0,0,3,3,15,3,0.773109243697479
continuous_immigration,flat,3,142,1.0,1078,0,1078,0,0,0,2,2,10,2,0.7717996289424861
continuous_immigration,flat,3,143,1.0,1085,0,1085,0,0,0,3,3,15,3,0.7714285714285715
continuous_immigration,flat,3,144,1.0,1092,0,1092,0,0,0,1,1,5,1,0.771978021978022
continuous_immigration,flat,3,145,1.0,1099,0,1099,0,0,0,2,2,10,2,0.7725204731574158
continuous_immigration,flat,3,146,1.0,1109,0,1109,0,0,0,6,6,30,6,0.7727682596934174
continuous_immigration,flat,3,147,1.0,1119,0,1119,0,0,0,1,1,5,1,0.7721179624664879
continuous_immigration,flat,3,148,1.0,1125,0,1125,0,0,0,1,1,5,1,0.7724444444444445
continuous_immigration,flat,3,149,1.0,1131,0,1131,0,0,0,1,1,5,1,0.770999115826702
continuous_immigration,flat,3,150,1.0,1140,0,1140,0,0,0,2,2,10,2,0.7710526315789473
continuous_immigration,flat,3,151,1.0,1145,0,1145,0,0,0,2,2,10,2,0.77117903930131
continuous_immigration,flat,3,152,1.0,1154,0,1154,0,0,0,1,1,5,1,0.7720970537261699
continuous_immigration,flat,3,153,1.0,1164,0,1164,0,0,0,2,2,10,2,0.7740549828178694
continuous_immigration,flat,3,154,1.0,1167,0,1167,0,0,0,3,3,15,3,0.7729220222793488
continuous_immigration,flat,3,155,1.0,1174,0,1174,0,0,0,1,1,5,1,0.7742759795570698
continuous_immigration,flat,3,156,1.0,1182,0,1182,0,0,0,3,3,15,3,0.7749576988155669
continuous_immigration,flat,3,157,nan,1186,0,1186,0,0,0,0,0,0,0,0.7748735244519392
continuous_immigration,flat,3,158,1.0,1197,0,1197,0,0,0,2,2,10,2,0.7752715121136173
continuous_immigration,flat,3,159,1.0,1202,0,1202,0,0,0,2,2,10,2,0.7745424292845258
continuous_immigration,flat,3,160,1.0,1207,0,1207,0,0,0,2,2,10,2,0.7738193869096934
continuous_immigration,flat,3,161,1.0,1211,0,1211,0,0,0,1,1,5,1,0.7720891824938068
continuous_immigration,flat,3,162,1.0,1219,0,1219,0,0,0,2,2,10,2,0.7719442165709598
continuous_immigration,flat,3,163,1.0,1227,0,1227,0,0,0,3,3,13,3,0.7726161369193154
continuous_immigration,flat,3,164,1.0,1237,0,1237,0,0,0,2,2,10,2,0.7720291026677445
continuous_immigration,flat,3,165,1.0,1249,0,1249,0,0,0,1,1,5,1,0.7718174539631706
continuous_immigration,flat,3,166,1.0,1254,0,1254,0,0,0,3,3,15,3,0.7719298245614035
continuous_immigration,flat,3,167,1.0,1257,0,1257,0,0,0,2,2,10,2,0.771678599840891
continuous_immigration,flat,3,168,1.0,1262,0,1262,0,0,0,1,1,5,1,0.7717908082408875
continuous_immigration,flat,3,169,1.0,1266,0,1266,0,0,0,3,3,15,3,0.7709320695102686
continuous_immigration,flat,3,170,1.0,1275,0,1275,0,0,0,1,1,5,1,0.7717647058823529
continuous_immigration,flat,3,171,1.0,1288,0,1288,0,0,0,1,1,5,1,0.7717391304347826
continuous_immigration,flat,3,172,1.0,1303,0,1303,0,0,0,1,1,5,1,0.7720644666155027
continuous_immigration,flat,3,173,1.0,1311,0,1311,0,0,0,3,3,15,3,0.7711670480549199
continuous_immigration,flat,3,174,1.0,1319,0,1319,0,0,0,4,4,20,4,0.7717968157695224
continuous_immigration,flat,3,175,1.0,1324,0,1324,0,0,0,3,3,15,3,0.7719033232628398
continuous_immigration,flat,3,176,1.0,1329,0,1329,0,0,0,4,4,20,4,0.7712565838976674
continuous_immigration,flat,3,177,1.0,1332,0,1332,0,0,0,1,1,5,1,0.7717717717717718
continuous_immigration,flat,3,178,1.0,1341,0,1341,0,0,0,3,3,15,3,0.7718120805369127
continuous_immigration,flat,3,179,nan,1346,0,1346,0,0,0,0,0,0,0,0.7726597325408618
continuous_immigration,flat,3,180,1.0,1355,0,1355,0,0,0,2,2,10,2,0.7734317343173431
continuous_immigration,flat,3,181,1.0,1360,0,1360,0,0,0,2,2,10,2,0.7735294117647059
continuous_immigration,flat,3,182,1.0,1370,0,1370,0,0,0,5,5,25,5,0.7737226277372263
continuous_immigration,flat,3,183,1.0,1376,0,1376,0,0,0,4,4,20,4,0.7747093023255814
continuous_immigration,flat,3,184,1.0,1383,0,1383,0,0,0,3,3,15,3,0.7751265365148229
continuous_immigration,flat,3,185,1.0,1391,0,1391,0,0,0,3,3,15,3,0.7757009345794392
continuous_immigration,flat,3,186,1.0,1398,0,1398,0,0,0,2,2,10,2,0.7746781115879828
continuous_immigration,flat,3,187,1.0,1404,0,1404,0,0,0,2,2,10,2,0.7735042735042735
continuous_immigration,flat,3,188,1.0,1408,0,1408,0,0,0,1,1,5,1,0.7741477272727273
continuous_immigration,flat,3,189,1.0,1412,0,1412,0,0,0,2,2,10,2,0.773371104815864
continuous_immigration,flat,3,190,1.0,1415,0,1415,0,0,0,3,3,15,3,0.7731448763250883
continuous_immigration,flat,3,191,1.0,1418,0,1418,0,0,0,3,3,15,3,0.7729196050775741
continuous_immigration,flat,3,192,1.0,1430,0,1430,0,0,0,2,2,10,2,0.7734265734265734
continuous_immigration,flat,3,193,1.0,1433,0,1433,0,0,0,1,1,5,1,0.7739009071877181
continuous_immigration,flat,3,194,1.0,1441,0,1441,0,0,0,2,2,10,2,0.7751561415683553
continuous_immigration,flat,3,195,1.0,1445,0,1445,0,0,0,1,1,5,1,0.7757785467128028
continuous_immigration,flat,3,196,1.0,1453,0,1453,0,0,0,1,1,5,1,0.7749483826565726
continuous_immigration,flat,3,197,1.0,1460,0,1460,0,0,0,5,5,25,5,0.7746575342465754
continuous_immigration,flat,3,198,1.0,1472,0,1472,0,0,0,1,1,5,1,0.7764945652173914
continuous_immigration,flat,3,199,1.0,1476,0,1476,0,0,0,5,5,25,5,0.7771002710027101
continuous_immigration,flat,3,200,1.0,1482,0,1482,0,0,0,2,2,10,2,0.7773279352226721
continuous_immigration,flat,3,201,nan,1488,0,1488,0,0,0,0,0,0,0,0.7775537634408602
continuous_immigration,flat,3,202,1.0,1496,0,1496,0,0,0,1,1,5,1,0.7780748663101604
continuous_immigration,flat,3,203,1.0,1502,0,1502,0,0,0,1,1,5,1,0.7782956058588548
continuous_immigration,flat,3,204,1.0,1503,0,1503,0,0,0,2,2,10,2,0.7784431137724551
continuous_immigration,flat,3,205,1.0,1505,0,1505,0,0,0,3,3,15,3,0.7787375415282392
continuous_immigration,flat,3,206,1.0,1512,0,1512,0,0,0,4,4,20,4,0.7784391534391535
continuous_immigration,flat,3,207,1.0,1519,0,1519,0,0,0,1,1,5,1,0.7788018433179723
continuous_immigration,flat,3,208,1.0,1529,0,1529,0,0,0,1,1,5,1,0.7789404839764552
continuous_immigration,flat,3,209,1.0,1537,0,1537,0,0,0,1,1,5,1,0.7774886141834743
continuous_immigration,flat,3,210,1.0,1541,0,1541,0,0,0,2,2,10,2,0.7774172615184944
continuous_immigration,flat,3,211,1.0,1555,0,1555,0,0,0,3,3,15,3,0.7762057877813505
continuous_immigration,flat,3,212,nan,1565,0,1565,0,0,0,0,0,0,0,0.7769968051118211
continuous_immigration,flat,3,213,1.0,1570,0,1570,0,0,0,1,1,5,1,0.7764331210191083
continuous_immigration,flat,3,214,1.0,1579,0,1579,0,0,0,2,2,10,2,0.7764407853071564
continuous_immigration,flat,3,215,1.0,1589,0,1589,0,0,0,1,1,5,1,0.775959723096287
continuous_immigration,flat,3,216,1.0,1597,0,1597,0,0,0,2,2,10,2,0.7764558547276142
continuous_immigration,flat,3,217,1.0,1607,0,1607,0,0,0,1,1,5,1,0.7778469197261979
continuous_immigration,flat,3,218,1.0,1611,0,1611,0,0,0,1,1,5,1,0.7777777777777778
continuous_immigration,flat,3,219,nan,1618,0,1618,0,0,0,0,0,0,0,0.7787391841779975
continuous_immigration,flat,3,220,1.0,1626,0,1626,0,0,0,1,1,5,1,0.7785977859778598
continuous_immigration,flat,3,221,1.0,1633,0,1633,0,0,0,2,2,10,2,0.7783221065523577
continuous_immigration,flat,3,222,1.0,1640,0,1640,0,0,0,2,2,10,2,0.7774390243902439
continuous_immigration,flat,3,223,nan,1648,0,1648,0,0,0,0,0,0,0,0.7779126213592233
continuous_immigration,flat,3,224,1.0,1655,0,1655,0,0,0,3,3,15,3,0.7782477341389729
continuous_immigration,flat,3,225,1.0,1661,0,1661,0,0,0,1,1,5,1,0.7784467188440698
continuous_immigration,flat,3,226,1.0,1667,0,1667,0,0,0,1,1,5,1,0.7786442711457708
continuous_immigration,flat,3,227,1.0,1677,0,1677,0,0,0,1,1,5,1,0.778175313059034
continuous_immigration,flat,3,228,1.0,1686,0,1686,0,0,0,1,1,5,1,0.7781731909845789
continuous_immigration,flat,3,229,1.0,1698,0,1698,0,0,0,2,2,10,2,0.7785630153121319
continuous_immigration,flat,3,230,1.0,1704,0,1704,0,0,0,5,5,25,5,0.7793427230046949
continuous_immigration,flat,3,231,1.0,1711,0,1711,0,0,0,1,1,5,1,0.7779076563413209
continuous_immigration,flat,3,232,1.0,1719,0,1719,0,0,0,1,1,5,1,0.7777777777777778
continuous_immigration,flat,3,233,1.0,1728,0,1728,0,0,0,3,3,15,3,0.7783564814814815
continuous_immigration,flat,3,234,1.0,1736,0,1736,0,0,0,1,1,5,1,0.7776497695852534
continuous_immigration,flat,3,235,1.0,1744,0,1744,0,0,0,6,6,30,6,0.7786697247706422
continuous_immigration,flat,3,236,nan,1749,0,1749,0,0,0,0,0,0,0,0.7787307032590052
continuous_immigration,flat,3,237,1.0,1756,0,1756,0,0,0,2,2,10,2,0.7779043280182233
continuous_immigration,flat,3,238,1.0,1769,0,1769,0,0,0,3,3,15,3,0.776144714527982
continuous_immigration,flat,3,239,1.0,1778,0,1778,0,0,0,4,4,20,4,0.7761529808773904
continuous_immigration,flat,3,240,1.0,1783,0,1783,0,0,0,2,2,10,2,0.7756590016825575
continuous_immigration,flat,3,241,1.0,1789,0,1789,0,0,0,4,4,20,4,0.7758524315259921
continuous_immigration,flat,3,242,1.0,1793,0,1793,0,0,0,2,2,10,2,0.7763524818739542
continuous_immigration,flat,3,243,nan,1798,0,1798,0,0,0,0,0,0,0,0.7764182424916574
continuous_immigration,flat,3,244,1.0,1811,0,1811,0,0,0,2,2,10,2,0.7763666482606295
continuous_immigration,flat,3,245,nan,1814,0,1814,0,0,0,0,0,0,0,0.7761852260198456
continuous_immigration,flat,3,246,nan,1826,0,1826,0,0,0,0,0,0,0,0.7771084337349398
continuous_immigration,flat,3,247,1.0,1834,0,1834,0,0,0,3,3,15,3,0.7769901853871319
continuous_immigration,flat,3,248,1.0,1841,0,1841,0,0,0,2,2,10,2,0.7767517653449212
continuous_immigration,flat,3,249,1.0,1848,0,1848,0,0,0,1,1,5,1,0.775974025974026
continuous_immigration,flat,3,250,1.0,1859,0,1859,0,0,0,2,2,10,2,0.7762237762237763
continuous_immigration,flat,3,251,1.0,1867,0,1867,0,0,0,1,1,5,1,0.776111408677022
continuous_immigration,flat,3,252,1.0,1878,0,1878,0,0,0,3,3,15,3,0.7763578274760383
continuous_immigration,flat,3,253,nan,1884,0,1884,0,0,0,0,0,0,0,0.7760084925690022
continuous_immigration,flat,3,254,1.0,1891,0,1891,0,0,0,1,1,5,1,0.7768376520359598
continuous_immigration,flat,3,255,1.0,1898,0,1898,0,0,0,4,4,20,4,0.7776606954689147
continuous_immigration,flat,3,256,1.0,1905,0,1905,0,0,0,1,1,5,1,0.7763779527559055
continuous_immigration,flat,3,257,nan,1910,0,1910,0,0,0,0,0,0,0,0.7769633507853403
continuous_immigration,flat,3,258,1.0,1919,0,1919,0,0,0,1,1,5,1,0.7774882751433038
continuous_immigration,flat,3,259,1.0,1924,0,1924,0,0,0,2,2,10,2,0.777027027027027
continuous_immigration,flat,3,260,1.0,1933,0,1933,0,0,0,4,4,20,4,0.7775478530781169
continuous_immigration,flat,3,261,1.0,1937,0,1937,0,0,0,2,2,10,2,0.7774909654104285
continuous_immigration,flat,3,262,1.0,1940,0,1940,0,0,0,2,2,10,2,0.7762886597938145
continuous_immigration,flat,3,263,1.0,1948,0,1948,0,0,0,2,2,10,2,0.7761806981519507
continuous_immigration,flat,3,264,1.0,1951,0,1951,0,0,0,2,2,10,2,0.7760123013839056
continuous_immigration,flat,3,265,1.0,1959,0,1959,0,0,0,2,2,10,2,0.7759060745278203
continuous_immigration,flat,3,266,1.0,1966,0,1966,0,0,0,2,2,10,2,0.7761953204476093
continuous_immigration,flat,3,267,1.0,1972,0,1972,0,0,0,1,1,5,1,0.7748478701825557
continuous_immigration,flat,3,268,1.0,1977,0,1977,0,0,0,1,1,5,1,0.7749114820435002
continuous_immigration,flat,3,269,1.0,1991,0,1991,0,0,0,2,2,10,2,0.7739829231541939
continuous_immigration,flat,3,270,1.0,2000,0,2000,0,0,0,4,4,20,4,0.774
continuous_immigration,flat,3,271,1.0,2010,0,2010,0,0,0,5,5,25,5,0.7746268656716417
continuous_immigration,flat,3,272,1.0,2019,0,2019,0,0,0,1,1,5,1,0.7751362060425954
continuous_immigration,flat,3,273,1.0,2029,0,2029,0,0,0,3,3,15,3,0.7742730409068507
continuous_immigration,flat,3,274,nan,2039,0,2039,0,0,0,0,0,0,0,0.7743992153016185
continuous_immigration,flat,3,275,1.0,2049,0,2049,0,0,0,2,2,10,2,0.7740361151781356
continuous_immigration,flat,3,276,nan,2058,0,2058,0,0,0,0,0,0,0,0.7740524781341108
continuous_immigration,flat,3,277,1.0,2065,0,2065,0,0,0,3,3,15,3,0.773365617433414
continuous_immigration,flat,3,278,1.0,2071,0,2071,0,0,0,1,1,5,1,0.7735393529695799
continuous_immigration,flat,3,279,1.0,2076,0,2076,0,0,0,1,1,5,1,0.773121387283237
continuous_immigration,flat,3,280,1.0,2082,0,2082,0,0,0,2,2,10,2,0.7728146013448607
continuous_immigration,flat,3,281,1.0,2090,0,2090,0,0,0,3,3,15,3,0.7732057416267942
continuous_immigration,flat,3,282,1.0,2094,0,2094,0,0,0,1,1,5,1,0.7736389684813754
continuous_immigration,flat,3,283,1.0,2100,0,2100,0,0,0,1,1,5,1,0.7733333333333333
continuous_immigration,flat,3,284,1.0,2112,0,2112,0,0,0,2,2,10,2,0.7746212121212122
continuous_immigration,flat,3,285,1.0,2117,0,2117,0,0,0,1,1,5,1,0.7746811525743977
continuous_immigration,flat,3,286,1.0,2123,0,2123,0,0,0,2,2,10,2,0.7748469147432878
continuous_immigration,flat,3,287,nan,2131,0,2131,0,0,0,0,0,0,0,0.7756921633036133
continuous_immigration,flat,3,288,1.0,2134,0,2134,0,0,0,3,3,15,3,0.7760074976569822
continuous_immigration,flat,3,289,1.0,2145,0,2145,0,0,0,3,3,15,3,0.7752913752913753
continuous_immigration,flat,3,290,1.0,2157,0,2157,0,0,0,2,2,10,2,0.775150672229949
continuous_immigration,flat,3,291,1.0,2167,0,2167,0,0,0,1,1,5,1,0.7752653437932626
continuous_immigration,flat,3,292,1.0,2179,0,2179,0,0,0,1,1,5,1,0.7751262046810463
continuous_immigration,flat,3,293,1.0,2188,0,2188,0,0,0,3,3,15,3,0.7746800731261426
continuous_immigration,flat,3,294,nan,2204,0,2204,0,0,0,0,0,0,0,0.7749546279491834
continuous_immigration,flat,3,295,1.0,2213,0,2213,0,0,0,4,4,20,4,0.7745142340713963
continuous_immigration,flat,3,296,1.0,2217,0,2217,0,0,0,3,3,15,3,0.774018944519621
continuous_immigration,flat,3,297,1.0,2224,0,2224,0,0,0,3,3,15,3,0.7742805755395683
continuous_immigration,flat,3,298,1.0,2230,0,2230,0,0,0,6,6,30,6,0.7744394618834081
continuous_immigration,flat,3,299,1.0,2237,0,2237,0,0,0,3,3,15,3,0.7751452838623156
continuous_immigration,flat,3,300,1.0,2240,0,2240,0,0,0,1,1,5,1,0.7754464285714285
continuous_immigration,flat,3,301,1.0,2246,0,2246,0,0,0,1,1,5,1,0.7751558325912734
continuous_immigration,flat,3,302,1.0,2253,0,2253,0,0,0,3,3,15,3,0.7758544163337772
continuous_immigration,flat,3,303,1.0,2260,0,2260,0,0,0,2,2,10,2,0.7761061946902655
continuous_immigration,flat,3,304,1.0,2268,0,2268,0,0,0,3,3,15,3,0.7764550264550265
continuous_immigration,flat,3,305,1.0,2275,0,2275,0,0,0,3,3,15,3,0.7771428571428571
continuous_immigration,flat,3,306,1.0,2279,0,2279,0,0,0,1,1,5,1,0.7775340061430452
continuous_immigration,flat,3,307,1.0,2285,0,2285,0,0,0,1,1,5,1,0.7768052516411379
continuous_immigration,flat,3,308,1.0,2290,0,2290,0,0,0,1,1,5,1,0.777292576419214
continuous_immigration,flat,3,309,nan,2294,0,2294,0,0,0,0,0,0,0,0.7772449869224063
continuous_immigration,flat,3,310,1.0,2306,0,2306,0,0,0,6,6,30,6,0.777103209019948
continuous_immigration,flat,3,311,1.0,2320,0,2320,0,0,0,4,4,20,4,0.7771551724137931
continuous_immigration,flat,3,312,1.0,2329,0,2329,0,0,0,2,2,10,2,0.777157578359811
continuous_immigration,flat,3,313,1.0,2339,0,2339,0,0,0,2,2,10,2,0.7768277041470714
continuous_immigration,flat,3,314,1.0,2345,0,2345,0,0,0,1,1,5,1,0.776545842217484
continuous_immigration,flat,3,315,1.0,2353,0,2353,0,0,0,3,3,15,3,0.7768805779855503
continuous_immigration,flat,3,316,1.0,2358,0,2358,0,0,0,3,3,15,3,0.77735368956743
continuous_immigration,flat,3,317,1.0,2367,0,2367,0,0,0,2,2,10,2,0.7765103506548373
continuous_immigration,flat,3,318,1.0,2372,0,2372,0,0,0,3,3,15,3,0.7765598650927488
continuous_immigration,flat,3,319,nan,2386,0,2386,0,0,0,0,0,0,0,0.7774518021793797
continuous_immigration,flat,3,320,1.0,2392,0,2392,0,0,0,2,2,10,2,0.7771739130434783
continuous_immigration,flat,3,321,1.0,2401,0,2401,0,0,0,4,4,20,4,0.7763431903373594
continuous_immigration,flat,3,322,1.0,2413,0,2413,0,0,0,3,3,15,3,0.777041027766266
continuous_immigration,flat,3,323,1.0,2422,0,2422,0,0,0,1,1,5,1,0.7770437654830719
continuous_immigration,flat,3,324,1.0,2429,0,2429,0,0,0,1,1,5,1,0.7768629065459036
continuous_immigration,flat,3,325,1.0,2436,0,2436,0,0,0,5,5,25,5,0.7770935960591133
continuous_immigration,flat,3,326,1.0,2444,0,2444,0,0,0,5,5,25,5,0.7770049099836334
continuous_immigration,flat,3,327,1.0,2454,0,2454,0,0,0,2,2,10,2,0.7770986145069275
continuous_immigration,flat,3,328,1.0,2459,0,2459,0,0,0,2,2,10,2,0.777551850345669
continuous_immigration,flat,3,329,nan,2461,0,2461,0,0,0,0,0,0,0,0.7773262901259651
continuous_immigration,flat,3,330,1.0,2470,0,2470,0,0,0,1,1,5,1,0.7781376518218623
continuous_immigration,flat,3,331,1.0,2476,0,2476,0,0,0,1,1,5,1,0.7782714054927302
continuous_immigration,flat,3,332,1.0,2482,0,2482,0,0,0,3,3,15,3,0.7784045124899275
continuous_immigration,flat,3,333,1.0,2493,0,2493,0,0,0,2,2,10,2,0.7781789009225832
continuous_immigration,flat,3,334,nan,2497,0,2497,0,0,0,0,0,0,0,0.7781337605126152
continuous_immigration,flat,3,335,1.0,2503,0,2503,0,0,0,1,1,5,1,0.7778665601278466
continuous_immigration,flat,3,336,1.0,2512,0,2512,0,0,0,1,1,5,1,0.7782643312101911
continuous_immigration,flat,3,337,1.0,2524,0,2524,0,0,0,2,2,10,2,0.777337559429477
continuous_immigration,flat,3,338,nan,2533,0,2533,0,0,0,0,0,0,0,0.7773391235688907
continuous_immigration,flat,3,339,1.0,2539,0,2539,0,0,0,2,2,10,2,0.7778653012997243
continuous_immigration,flat,3,340,1.0,2544,0,2544,0,0,0,2,2,10,2,0.7783018867924528
continuous_immigration,flat,3,341,1.0,2550,0,2550,0,0,0,6,6,30,6,0.7784313725490196
continuous_immigration,flat,3,342,1.0,2553,0,2553,0,0,0,3,3,15,3,0.7783000391696044
continuous_immigration,flat,3,343,1.0,2564,0,2564,0,0,0,1,1,5,1,0.7780811232449298
continuous_immigration,flat,3,344,1.0,2569,0,2569,0,0,0,2,2,10,2,0.7781237835733749
continuous_immigration,flat,3,345,nan,2577,0,2577,0,0,0,0,0,0,0,0.7780364765230888
continuous_immigration,flat,3,346,nan,2589,0,2589,0,0,0,0,0,0,0,0.7782927771340286
continuous_immigration,flat,3,347,nan,2595,0,2595,0,0,0,0,0,0,0,0.7784200385356455
continuous_immigration,flat,3,348,1.0,2604,0,2604,0,0,0,2,2,10,2,0.7784178187403994
continuous_immigration,flat,3,349,1.0,2606,0,2606,0,0,0,1,1,5,1,0.7785878741366078
continuous_immigration,flat,3,350,1.0,2614,0,2614,0,0,0,1,1,5,1,0.7785003825554705
continuous_immigration,flat,3,351,nan,2624,0,2624,0,0,0,0,0,0,0,0.7778201219512195
continuous_immigration,flat,3,352,1.0,2628,0,2628,0,0,0,1,1,5,1,0.7777777777777778
continuous_immigration,flat,3,353,1.0,2642,0,2642,0,0,0,2,2,10,2,0.7781983345950038
continuous_immigration,flat,3,354,1.0,2651,0,2651,0,0,0,3,3,15,3,0.7785741229724632
continuous_immigration,flat,3,355,1.0,2659,0,2659,0,0,0,2,2,10,2,0.7784881534411433
continuous_immigration,flat,3,356,1.0,2664,0,2664,0,0,0,1,1,5,1,0.7785285285285285
continuous_immigration,flat,3,357,nan,2674,0,2674,0,0,0,0,0,0,0,0.7789827973074046
continuous_immigration,flat,3,358,1.0,2679,0,2679,0,0,0,2,2,10,2,0.7790220231429638
continuous_immigration,flat,3,359,1.0,2691,0,2691,0,0,0,2,2,10,2,0.7788926049795615
continuous_immigration,flat,3,360,1.0,2699,0,2699,0,0,0,1,1,5,1,0.7791774731381993
continuous_immigration,flat,3,361,1.0,2712,0,2712,0,0,0,5,5,25,5,0.7798672566371682
continuous_immigration,flat,3,362,1.0,2721,0,2721,0,0,0,5,5,25,5,0.7794928335170893
continuous_immigration,flat,3,363,1.0,2727,0,2727,0,0,0,3,3,15,3,0.7788778877887789
continuous_immigration,flat,3,364,1.0,2734,0,2734,0,0,0,1,1,5,1,0.7787125091441112
continuous_immigration,flat,3,365,1.0,2737,0,2737,0,0,0,1,1,5,1,0.7785896967482645
continuous_immigration,flat,3,366,nan,2747,0,2747,0,0,0,0,0,0,0,0.7783036039315617
continuous_immigration,flat,3,367,1.0,2757,0,2757,0,0,0,4,4,20,4,0.7787450126949583
continuous_immigration,flat,3,368,nan,2769,0,2769,0,0,0,0,0,0,0,0.7789815817984832
continuous_immigration,flat,3,369,1.0,2772,0,2772,0,0,0,2,2,10,2,0.7792207792207793
continuous_immigration,flat,3,370,1.0,2779,0,2779,0,0,0,4,4,20,4,0.7790572148254767
continuous_immigration,flat,3,371,1.0,2787,0,2787,0,0,0,4,4,20,4,0.7789738069608898
continuous_immigration,flat,3,372,1.0,2793,0,2793,0,0,0,4,4,20,4,0.7794486215538847
continuous_immigration,flat,3,373,1.0,2799,0,2799,0,0,0,4,4,20,4,0.7792068595927116
continuous_immigration,flat,3,374,1.0,2810,0,2810,0,0,0,2,2,10,2,0.7793594306049823
continuous_immigration,flat,3,375,1.0,2824,0,2824,0,0,0,1,1,5,1,0.7793909348441926
continuous_immigration,flat,3,376,1.0,2830,0,2830,0,0,0,1,1,5,1,0.7787985865724382
continuous_immigration,flat,3,377,1.0,2836,0,2836,0,0,0,1,1,5,1,0.7785613540197461
continuous_immigration,flat,3,378,1.0,2844,0,2844,0,0,0,1,1,5,1,0.7781293952180028
continuous_immigration,flat,3,379,1.0,2851,0,2851,0,0,0,3,3,15,3,0.7779726411785338
continuous_immigration,flat,3,380,1.0,2856,0,2856,0,0,0,1,1,5,1,0.7780112044817927
continuous_immigration,flat,3,381,1.0,2869,0,2869,0,0,0,3,3,15,3,0.7779714186127571
continuous_immigration,flat,3,382,1.0,2876,0,2876,0,0,0,1,1,5,1,0.778164116828929
continuous_immigration,flat,3,383,1.0,2884,0,2884,0,0,0,4,4,20,4,0.7787794729542302
continuous_immigration,flat,3,384,1.0,2893,0,2893,0,0,0,3,3,15,3,0.7791220186657449
continuous_immigration,flat,3,385,1.0,2900,0,2900,0,0,0,1,1,5,1,0.7793103448275862
continuous_immigration,flat,3,386,1.0,2904,0,2904,0,0,0,2,2,10,2,0.7796143250688705
continuous_immigration,flat,3,387,1.0,2915,0,2915,0,0,0,4,4,20,4,0.7797598627787307
continuous_immigration,flat,3,388,1.0,2925,0,2925,0,0,0,2,2,10,2,0.7801709401709401
continuous_immigration,flat,3,389,1.0,2932,0,2932,0,0,0,1,1,5,1,0.7803547066848567
continuous_immigration,flat,3,390,1.0,2939,0,2939,0,0,0,2,2,10,2,0.7805375978223885
continuous_immigration,flat,3,391,1.0,2943,0,2943,0,0,0,3,3,15,3,0.7804960924226979
continuous_immigration,flat,3,392,1.0,2953,0,2953,0,0,0,2,2,10,2,0.7805621401964105
continuous_immigration,flat,3,393,1.0,2959,0,2959,0,0,0,4,4,20,4,0.7806691449814126
continuous_immigration,flat,3,394,1.0,2965,0,2965,0,0,0,3,3,15,3,0.7807757166947723
continuous_immigration,flat,3,395,1.0,2967,0,2967,0,0,0,3,3,15,3,0.7805864509605662
continuous_immigration,flat,3,396,1.0,2973,0,2973,0,0,0,2,2,10,2,0.7806929027917928
continuous_immigration,flat,3,397,1.0,2978,0,2978,0,0,0,2,2,10,2,0.7807253190060444
continuous_immigration,flat,3,398,1.0,2984,0,2984,0,0,0,1,1,5,1,0.7801608579088471
continuous_immigration,flat,3,399,nan,2991,0,2991,0,0,0,0,0,0,0,0.7806753594115681
continuous_immigration,flat,4,0,0.0,7,0,7,0,0,0,1,0,1,0,1.0
continuous_immigration,flat,4,1,0.0,17,0,17,0,0,0,2,0,0,0,0.9411764705882353
continuous_immigration,flat,4,2,0.0,25,0,25,0,0,0,4,0,0,0,0.92
continuous_immigration,flat,4,3,0.25,31,0,31,0,0,0,4,1,1,1,0.9032258064516129
continuous_immigration,flat,4,4,nan,44,0,44,0,0,0,0,0,0,0,0.9090909090909091
continuous_immigration,flat,4,5,0.0,52,0,52,0,0,0,2,0,0,0,0.8846153846153846
continuous_immigration,flat,4,6,0.3333333333333333,60,0,60,0,0,0,3,1,1,1,0.8833333333333333
continuous_immigration,flat,4,7,0.4,67,0,67,0,0,0,5,2,4,2,0.8656716417910447
continuous_immigration,flat,4,8,0.5,71,0,71,0,0,0,4,2,3,2,0.8732394366197183
continuous_immigration,flat,4,9,1.0,81,0,81,0,0,0,1,1,1,1,0.8641975308641975
continuous_immigration,flat,4,10,1.0,94,0,94,0,0,0,1,1,2,1,0.8617021276595744
continuous_immigration,flat,4,11,0.0,100,0,100,0,0,0,1,0,0,0,0.84
continuous_immigration,flat,4,12,0.0,107,0,107,0,0,0,1,0,0,0,0.8411214953271028
continuous_immigration,flat,4,13,0.25,117,0,117,0,0,0,4,1,4,1,0.8376068376068376
continuous_immigration,flat,4,14,1.0,125,0,125,0,0,0,1,1,2,1,0.84
continuous_immigration,flat,4,15,0.3333333333333333,131,0,131,0,0,0,3,1,5,1,0.8473282442748091
continuous_immigration,flat,4,16,1.0,136,0,136,0,0,0,1,1,2,1,0.8529411764705882
continuous_immigration,flat,4,17,0.0,146,0,146,0,0,0,1,0,0,0,0.8424657534246576
continuous_immigration,flat,4,18,0.6666666666666666,152,0,152,0,0,0,3,2,2,2,0.8421052631578947
continuous_immigration,flat,4,19,1.0,160,0,160,0,0,0,1,1,3,1,0.8375
continuous_immigration,flat,4,20,0.6666666666666666,167,0,167,0,0,0,3,2,8,2,0.8383233532934131
continuous_immigration,flat,4,21,nan,176,0,176,0,0,0,0,0,0,0,0.8352272727272727
continuous_immigration,flat,4,22,1.0,185,0,185,0,0,0,3,3,14,3,0.8378378378378378
continuous_immigration,flat,4,23,1.0,195,0,195,0,0,0,2,2,4,2,0.8358974358974359
continuous_immigration,flat,4,24,1.0,200,0,200,0,0,0,2,2,8,2,0.84
continuous_immigration,flat,4,25,0.5,210,0,210,0,0,0,4,2,12,2,0.8380952380952381
continuous_immigration,flat,4,26,1.0,217,0,217,0,0,0,1,1,1,1,0.8387096774193549
continuous_immigration,flat,4,27,1.0,223,0,223,0,0,0,1,1,4,1,0.8385650224215246
continuous_immigration,flat,4,28,0.6666666666666666,231,0,231,0,0,0,3,2,7,2,0.8354978354978355
continuous_immigration,flat,4,29,1.0,238,0,238,0,0,0,2,2,9,2,0.8361344537815126
continuous_immigration,flat,4,30,0.6,246,0,246,0,0,0,5,3,15,3,0.8333333333333334
continuous_immigration,flat,4,31,1.0,258,0,258,0,0,0,3,3,11,3,0.8294573643410853
continuous_immigration,flat,4,32,1.0,263,0,263,0,0,0,1,1,5,1,0.8326996197718631
continuous_immigration,flat,4,33,1.0,267,0,267,0,0,0,1,1,4,1,0.8352059925093633
continuous_immigration,flat,4,34,0.5,271,0,271,0,0,0,2,1,5,1,0.8302583025830258
continuous_immigration,flat,4,35,1.0,281,0,281,0,0,0,2,2,10,2,0.8327402135231317
continuous_immigration,flat,4,36,1.0,288,0,288,0,0,0,2,2,10,2,0.8368055555555556
continuous_immigration,flat,4,37,nan,294,0,294,0,0,0,0,0,0,0,0.8367346938775511
continuous_immigration,flat,4,38,nan,304,0,304,0,0,0,0,0,0,0,0.8355263157894737
continuous_immigration,flat,4,39,1.0,312,0,312,0,0,0,1,1,5,1,0.8365384615384616
continuous_immigration,flat,4,40,1.0,318,0,318,0,0,0,3,3,15,3,0.8301886792452831
continuous_immigration,flat,4,41,0.5,322,0,322,0,0,0,2,1,5,1,0.8260869565217391
continuous_immigration,flat,4,42,1.0,330,0,330,0,0,0,2,2,10,2,0.8242424242424242
continuous_immigration,flat,4,43,1.0,342,0,342,0,0,0,1,1,2,1,0.8245614035087719
continuous_immigration,flat,4,44,1.0,355,0,355,0,0,0,3,3,13,3,0.819718309859155
continuous_immigration,flat,4,45,1.0,361,0,361,0,0,0,2,2,8,2,0.817174515235457
continuous_immigration,flat,4,46,1.0,366,0,366,0,0,0,3,3,11,3,0.8169398907103825
continuous_immigration,flat,4,47,1.0,373,0,373,0,0,0,2,2,8,2,0.8176943699731903
continuous_immigration,flat,4,48,1.0,382,0,382,0,0,0,2,2,7,2,0.819371727748691
continuous_immigration,flat,4,49,1.0,389,0,389,0,0,0,1,1,5,1,0.8200514138817481
continuous_immigration,flat,4,50,1.0,399,0,399,0,0,0,2,2,7,2,0.8220551378446115
continuous_immigration,flat,4,51,1.0,406,0,406,0,0,0,1,1,5,1,0.8201970443349754
continuous_immigration,flat,4,52,1.0,411,0,411,0,0,0,1,1,5,1,0.8199513381995134
continuous_immigration,flat,4,53,nan,420,0,420,0,0,0,0,0,0,0,0.8142857142857143
continuous_immigration,flat,4,54,0.6666666666666666,426,0,426,0,0,0,3,2,10,2,0.8098591549295775
continuous_immigration,flat,4,55,1.0,435,0,435,0,0,0,1,1,5,1,0.8068965517241379
continuous_immigration,flat,4,56,1.0,445,0,445,0,0,0,2,2,7,2,0.8089887640449438
continuous_immigration,flat,4,57,1.0,457,0,457,0,0,0,2,2,7,2,0.8096280087527352
continuous_immigration,flat,4,58,1.0,464,0,464,0,0,0,1,1,5,1,0.8103448275862069
continuous_immigration,flat,4,59,1.0,471,0,471,0,0,0,4,4,15,4,0.8131634819532909
continuous_immigration,flat,4,60,1.0,479,0,479,0,0,0,2,2,8,2,0.8121085594989561
continuous_immigration,flat,4,61,1.0,488,0,488,0,0,0,1,1,5,1,0.8114754098360656
continuous_immigration,flat,4,62,1.0,496,0,496,0,0,0,3,3,15,3,0.8145161290322581
continuous_immigration,flat,4,63,nan,505,0,505,0,0,0,0,0,0,0,0.8158415841584158
continuous_immigration,flat,4,64,1.0,519,0,519,0,0,0,3,3,15,3,0.815028901734104
continuous_immigration,flat,4,65,1.0,528,0,528,0,0,0,1,1,3,1,0.8162878787878788
continuous_immigration,flat,4,66,1.0,538,0,538,0,0,0,1,1,5,1,0.8178438661710037
continuous_immigration,flat,4,67,1.0,542,0,542,0,0,0,2,2,9,2,0.8173431734317343
continuous_immigration,flat,4,68,1.0,553,0,553,0,0,0,1,1,2,1,0.8191681735985533
continuous_immigration,flat,4,69,nan,563,0,563,0,0,0,0,0,0,0,0.8188277087033747
continuous_immigration,flat,4,70,1.0,571,0,571,0,0,0,5,5,23,5,0.819614711033275
continuous_immigration,flat,4,71,1.0,582,0,582,0,0,0,3,3,14,3,0.8178694158075601
continuous_immigration,flat,4,72,1.0,592,0,592,0,0,0,2,2,7,2,0.8175675675675675
continuous_immigration,flat,4,73,1.0,600,0,600,0,0,0,4,4,19,4,0.8166666666666667
continuous_immigration,flat,4,74,1.0,613,0,613,0,0,0,2,2,9,2,0.8205546492659054
continuous_immigration,flat,4,75,nan,621,0,621,0,0,0,0,0,0,0,0.821256038647343
continuous_immigration,flat,4,76,1.0,625,0,625,0,0,0,4,4,15,4,0.8224
continuous_immigration,flat,4,77,1.0,633,0,633,0,0,0,1,1,4,1,0.8199052132701422
continuous_immigration,flat,4,78,0.6666666666666666,641,0,641,0,0,0,3,2,10,2,0.8190327613104524
continuous_immigration,flat,4,79,1.0,651,0,651,0,0,0,2,2,8,2,0.8187403993855606
continuous_immigration,flat,4,80,1.0,658,0,658,0,0,0,1,1,5,1,0.8191489361702128
continuous_immigration,flat,4,81,1.0,662,0,662,0,0,0,3,3,14,3,0.8202416918429003
continuous_immigration,flat,4,82,1.0,667,0,667,0,0,0,2,2,10,2,0.8215892053973014
continuous_immigration,flat,4,83,1.0,671,0,671,0,0,0,1,1,5,1,0.8226527570789866
continuous_immigration,flat,4,84,1.0,677,0,677,0,0,0,2,2,10,2,0.8227474150664698
continuous_immigration,flat,4,85,1.0,688,0,688,0,0,0,3,3,15,3,0.8197674418604651
continuous_immigration,flat,4,86,1.0,693,0,693,0,0,0,1,1,5,1,0.8181818181818182
continuous_immigration,flat,4,87,1.0,699,0,699,0,0,0,2,2,10,2,0.8197424892703863
continuous_immigration,flat,4,88,1.0,708,0,708,0,0,0,1,1,5,1,0.8163841807909604
continuous_immigration,flat,4,89,1.0,716,0,716,0,0,0,1,1,5,1,0.8170391061452514
continuous_immigration,flat,4,90,1.0,720,0,720,0,0,0,2,2,10,2,0.8180555555555555
continuous_immigration,flat,4,91,1.0,724,0,724,0,0,0,1,1,5,1,0.8176795580110497
continuous_immigration,flat,4,92,1.0,737,0,737,0,0,0,2,2,10,2,0.8168249660786974
continuous_immigration,flat,4,93,1.0,748,0,748,0,0,0,3,3,14,3,0.8168449197860963
continuous_immigration,flat,4,94,1.0,760,0,760,0,0,0,3,3,15,3,0.8171052631578948
continuous_immigration,flat,4,95,1.0,766,0,766,0,0,0,2,2,10,2,0.8172323759791122
continuous_immigration,flat,4,96,1.0,768,0,768,0,0,0,2,2,10,2,0.81640625
continuous_immigration,flat,4,97,1.0,777,0,777,0,0,0,1,1,5,1,0.8172458172458172
continuous_immigration,flat,4,98,1.0,781,0,781,0,0,0,1,1,5,1,0.8181818181818182
continuous_immigration,flat,4,99,1.0,789,0,789,0,0,0,1,1,5,1,0.8174904942965779
continuous_immigration,flat,4,100,1.0,793,0,793,0,0,0,2,2,10,2,0.8158890290037831
continuous_immigration,flat,4,101,nan,807,0,807,0,0,0,0,0,0,0,0.8166047087980174
continuous_immigration,flat,4,102,1.0,817,0,817,0,0,0,4,4,16,4,0.813953488372093
continuous_immigration,flat,4,103,1.0,828,0,828,0,0,0,1,1,5,1,0.8115942028985508
continuous_immigration,flat,4,104,1.0,833,0,833,0,0,0,2,2,10,2,0.8127250900360145
continuous_immigration,flat,4,105,nan,841,0,841,0,0,0,0,0,0,0,0.8133174791914387
continuous_immigration,flat,4,106,1.0,848,0,848,0,0,0,3,3,15,3,0.8148584905660378
continuous_immigration,flat,4,107,1.0,860,0,860,0,0,0,1,1,5,1,0.8151162790697675
continuous_immigration,flat,4,108,1.0,866,0,866,0,0,0,3,3,14,3,0.8140877598152425
continuous_immigration,flat,4,109,1.0,873,0,873,0,0,0,6,6,30,6,0.8144329896907216
continuous_immigration,flat,4,110,1.0,881,0,881,0,0,0,2,2,10,2,0.8127128263337117
continuous_immigration,flat,4,111,1.0,885,0,885,0,0,0,3,3,14,3,0.8124293785310734
continuous_immigration,flat,4,112,1.0,890,0,890,0,0,0,4,4,19,4,0.8123595505617978
continuous_immigration,flat,4,113,1.0,899,0,899,0,0,0,1,1,5,1,0.8109010011123471
continuous_immigration,flat,4,114,1.0,906,0,906,0,0,0,2,2,10,2,0.8112582781456954
continuous_immigration,flat,4,115,1.0,916,0,916,0,0,0,3,3,11,3,0.8100436681222707
continuous_immigration,flat,4,116,nan,923,0,923,0,0,0,0,0,0,0,0.8114842903575298
continuous_immigration,flat,4,117,1.0,931,0,931,0,0,0,1,1,5,1,0.8120300751879699
continuous_immigration,flat,4,118,nan,936,0,936,0,0,0,0,0,0,0,0.8108974358974359
continuous_immigration,flat,4,119,1.0,942,0,942,0,0,0,1,1,5,1,0.8110403397027601
continuous_immigration,flat,4,120,nan,946,0,946,0,0,0,0,0,0,0,0.8107822410147991
continuous_immigration,flat,4,121,1.0,951,0,951,0,0,0,4,4,16,4,0.8107255520504731
continuous_immigration,flat,4,122,1.0,953,0,953,0,0,0,1,1,5,1,0.8111227701993704
continuous_immigration,flat,4,123,1.0,957,0,957,0,0,0,1,1,5,1,0.8108672936259144
continuous_immigration,flat,4,124,1.0,959,0,959,0,0,0,2,2,8,2,0.8102189781021898
continuous_immigration,flat,4,125,nan,966,0,966,0,0,0,0,0,0,0,0.8095238095238095
continuous_immigration,flat,4,126,1.0,972,0,972,0,0,0,2,2,10,2,0.8106995884773662
continuous_immigration,flat,4,127,nan,984,0,984,0,0,0,0,0,0,0,0.8099593495934959
continuous_immigration,flat,4,128,nan,990,0,990,0,0,0,0,0,0,0,0.8090909090909091
continuous_immigration,flat,4,129,1.0,995,0,995,0,0,0,1,1,4,1,0.8090452261306532
continuous_immigration,flat,4,130,1.0,1001,0,1001,0,0,0,4,4,20,4,0.8091908091908092
continuous_immigration,flat,4,131,1.0,1008,0,1008,0,0,0,1,1,5,1,0.8075396825396826
continuous_immigration,flat,4,132,1.0,1017,0,1017,0,0,0,1,1,5,1,0.8072763028515241
continuous_immigration,flat,4,133,1.0,1027,0,1027,0,0,0,4,4,20,4,0.8081791626095424
continuous_immigration,flat,4,134,1.0,1036,0,1036,0,0,0,2,2,10,2,0.8088803088803089
continuous_immigration,flat,4,135,nan,1046,0,1046,0,0,0,0,0,0,0,0.8087954110898662
continuous_immigration,flat,4,136,nan,1054,0,1054,0,0,0,0,0,0,0,0.8092979127134725
continuous_immigration,flat,4,137,1.0,1056,0,1056,0,0,0,3,3,15,3,0.8096590909090909
continuous_immigration,flat,4,138,1.0,1063,0,1063,0,0,0,1,1,5,1,0.8099717779868297
continuous_immigration,flat,4,139,nan,1067,0,1067,0,0,0,0,0,0,0,0.8106841611996252
continuous_immigration,flat,4,140,1.0,1074,0,1074,0,0,0,1,1,5,1,0.8100558659217877
continuous_immigration,flat,4,141,1.0,1089,0,1089,0,0,0,2,2,10,2,0.8108356290174472
continuous_immigration,flat,4,142,1.0,1101,0,1101,0,0,0,2,2,10,2,0.8110808356039964
continuous_immigration,flat,4,143,nan,1109,0,1109,0,0,0,0,0,0,0,0.8097385031559964
continuous_immigration,flat,4,144,1.0,1115,0,1115,0,0,0,2,2,10,2,0.8080717488789237
continuous_immigration,flat,4,145,1.0,1120,0,1120,0,0,0,2,2,10,2,0.8089285714285714
continuous_immigration,flat,4,146,1.0,1131,0,1131,0,0,0,2,2,10,2,0.8090185676392573
continuous_immigration,flat,4,147,1.0,1143,0,1143,0,0,0,3,3,15,3,0.8092738407699037
continuous_immigration,flat,4,148,1.0,1151,0,1151,0,0,0,2,2,10,2,0.8071242397914856
continuous_immigration,flat,4,149,1.0,1159,0,1159,0,0,0,2,2,10,2,0.8058671268334772
continuous_immigration,flat,4,150,1.0,1165,0,1165,0,0,0,3,3,15,3,0.8068669527896996
continuous_immigration,flat,4,151,nan,1174,0,1174,0,0,0,0,0,0,0,0.8066439522998297
continuous_immigration,flat,4,152,1.0,1181,0,1181,0,0,0,2,2,10,2,0.8060965283657917
continuous_immigration,flat,4,153,1.0,1186,0,1186,0,0,0,4,4,20,4,0.806070826306914
continuous_immigration,flat,4,154,1.0,1201,0,1201,0,0,0,2,2,10,2,0.8076602830974188
continuous_immigration,flat,4,155,1.0,1214,0,1214,0,0,0,2,2,10,2,0.8064250411861614
continuous_immigration,flat,4,156,1.0,1223,0,1223,0,0,0,3,3,15,3,0.8078495502861816
continuous_immigration,flat,4,157,nan,1232,0,1232,0,0,0,0,0,0,0,0.8092532467532467
continuous_immigration,flat,4,158,nan,1235,0,1235,0,0,0,0,0,0,0,0.8097165991902834
continuous_immigration,flat,4,159,1.0,1247,0,1247,0,0,0,3,3,15,3,0.809943865276664
continuous_immigration,flat,4,160,1.0,1257,0,1257,0,0,0,2,2,10,2,0.8114558472553699
continuous_immigration,flat,4,161,1.0,1264,0,1264,0,0,0,2,2,10,2,0.8125
continuous_immigration,flat,4,162,1.0,1272,0,1272,0,0,0,2,2,10,2,0.8121069182389937
continuous_immigration,flat,4,163,1.0,1274,0,1274,0,0,0,2,2,10,2,0.8124018838304553
continuous_immigration,flat,4,164,1.0,1281,0,1281,0,0,0,1,1,5,1,0.8126463700234192
continuous_immigration,flat,4,165,1.0,1290,0,1290,0,0,0,3,3,15,3,0.8108527131782945
continuous_immigration,flat,4,166,1.0,1300,0,1300,0,0,0,2,2,10,2,0.81
continuous_immigration,flat,4,167,1.0,1303,0,1303,0,0,0,1,1,5,1,0.8089025326170376
continuous_immigration,flat,4,168,1.0,1312,0,1312,0,0,0,1,1,5,1,0.8094512195121951
continuous_immigration,flat,4,169,1.0,1320,0,1320,0,0,0,2,2,10,2,0.8098484848484848
continuous_immigration,flat,4,170,1.0,1329,0,1329,0,0,0,4,4,20,4,0.8103837471783296
continuous_immigration,flat,4,171,1.0,1333,0,1333,0,0,0,1,1,5,1,0.8109527381845462
continuous_immigration,flat,4,172,nan,1339,0,1339,0,0,0,0,0,0,0,0.8110530246452576
continuous_immigration,flat,4,173,1.0,1346,0,1346,0,0,0,2,2,10,2,0.8090638930163447
continuous_immigration,flat,4,174,1.0,1358,0,1358,0,0,0,3,3,15,3,0.8092783505154639
continuous_immigration,flat,4,175,1.0,1362,0,1362,0,0,0,2,2,10,2,0.8098384728340675
continuous_immigration,flat,4,176,1.0,1367,0,1367,0,0,0,3,3,15,3,0.8105340160936357
continuous_immigration,flat,4,177,1.0,1377,0,1377,0,0,0,1,1,5,1,0.8097312999273784
continuous_immigration,flat,4,178,1.0,1382,0,1382,0,0,0,2,2,10,2,0.8096960926193922
continuous_immigration,flat,4,179,1.0,1394,0,1394,0,0,0,4,4,20,4,0.8091822094691535
continuous_immigration,flat,4,180,1.0,1399,0,1399,0,0,0,2,2,10,2,0.8098641887062187
continuous_immigration,flat,4,181,1.0,1406,0,1406,0,0,0,2,2,10,2,0.8093883357041252
continuous_immigration,flat,4,182,1.0,1414,0,1414,0,0,0,3,3,15,3,0.8097595473833098
continuous_immigration,flat,4,183,1.0,1420,0,1420,0,0,0,2,2,10,2,0.8091549295774648
continuous_immigration,flat,4,184,1.0,1425,0,1425,0,0,0,2,2,10,2,0.8084210526315789
continuous_immigration,flat,4,185,1.0,1436,0,1436,0,0,0,3,3,14,3,0.8084958217270195
continuous_immigration,flat,4,186,1.0,1441,0,1441,0,0,0,1,1,5,1,0.8070784177654406
continuous_immigration,flat,4,187,1.0,1450,0,1450,0,0,0,2,2,10,2,0.8068965517241379
continuous_immigration,flat,4,188,1.0,1456,0,1456,0,0,0,1,1,5,1,0.8056318681318682
continuous_immigration,flat,4,189,1.0,1464,0,1464,0,0,0,3,3,15,3,0.8060109289617486
continuous_immigration,flat,4,190,1.0,1471,0,1471,0,0,0,1,1,5,1,0.8062542488103331
continuous_immigration,flat,4,191,1.0,1477,0,1477,0,0,0,1,1,5,1,0.8063642518618822
continuous_immigration,flat,4,192,nan,1482,0,1482,0,0,0,0,0,0,0,0.805668016194332
continuous_immigration,flat,4,193,1.0,1490,0,1490,0,0,0,2,2,10,2,0.8053691275167785
continuous_immigration,flat,4,194,1.0,1498,0,1498,0,0,0,1,1,5,1,0.8057409879839786
continuous_immigration,flat,4,195,1.0,1505,0,1505,0,0,0,1,1,5,1,0.8059800664451827
continuous_immigration,flat,4,196,1.0,1512,0,1512,0,0,0,2,2,10,2,0.8062169312169312
continuous_immigration,flat,4,197,1.0,1515,0,1515,0,0,0,2,2,10,2,0.805940594059406
continuous_immigration,flat,4,198,nan,1523,0,1523,0,0,0,0,0,0,0,0.8056467498358503
continuous_immigration,flat,4,199,1.0,1532,0,1532,0,0,0,1,1,5,1,0.8067885117493473
continuous_immigration,flat,4,200,1.0,1536,0,1536,0,0,0,4,4,20,4,0.806640625
continuous_immigration,flat,4,201,1.0,1541,0,1541,0,0,0,3,3,15,3,0.8059701492537313
continuous_immigration,flat,4,202,1.0,1548,0,1548,0,0,0,2,2,10,2,0.8068475452196382
continuous_immigration,flat,4,203,1.0,1556,0,1556,0,0,0,1,1,5,1,0.8065552699228792
continuous_immigration,flat,4,204,1.0,1565,0,1565,0,0,0,2,2,10,2,0.8070287539936102
continuous_immigration,flat,4,205,1.0,1575,0,1575,0,0,0,1,1,5,1,0.8082539682539682
continuous_immigration,flat,4,206,1.0,1584,0,1584,0,0,0,1,1,5,1,0.8087121212121212
continuous_immigration,flat,4,207,1.0,1593,0,1593,0,0,0,1,1,5,1,0.8085373509102323
continuous_immigration,flat,4,208,1.0,1600,0,1600,0,0,0,3,3,15,3,0.809375
continuous_immigration,flat,4,209,1.0,1607,0,1607,0,0,0,2,2,10,2,0.8089607965152458
continuous_immigration,flat,4,210,1.0,1613,0,1613,0,0,0,3,3,15,3,0.8090514569125853
continuous_immigration,flat,4,211,1.0,1621,0,1621,0,0,0,3,3,15,3,0.8087600246761258
continuous_immigration,flat,4,212,1.0,1628,0,1628,0,0,0,1,1,5,1,0.8095823095823096
continuous_immigration,flat,4,213,1.0,1638,0,1638,0,0,0,1,1,5,1,0.8101343101343101
continuous_immigration,flat,4,214,1.0,1646,0,1646,0,0,0,1,1,5,1,0.8110571081409478
continuous_immigration,flat,4,215,1.0,1660,0,1660,0,0,0,3,3,15,3,0.810843373493976
continuous_immigration,flat,4,216,1.0,1671,0,1671,0,0,0,2,2,10,2,0.8102932375822861
continuous_immigration,flat,4,217,1.0,1677,0,1677,0,0,0,1,1,5,1,0.8103756708407871
continuous_immigration,flat,4,218,1.0,1685,0,1685,0,0,0,4,4,20,4,0.8106824925816024
continuous_immigration,flat,4,219,1.0,1693,0,1693,0,0,0,3,3,15,3,0.8109864146485528
continuous_immigration,flat,4,220,1.0,1701,0,1701,0,0,0,1,1,5,1,0.8106995884773662
continuous_immigration,flat,4,221,1.0,1706,0,1706,0,0,0,1,1,5,1,0.8106682297772567
continuous_immigration,flat,4,222,1.0,1718,0,1718,0,0,0,1,1,5,1,0.810244470314319
continuous_immigration,flat,4,223,nan,1727,0,1727,0,0,0,0,0,0,0,0.8100752750434279
continuous_immigration,flat,4,224,1.0,1740,0,1740,0,0,0,1,1,5,1,0.8103448275862069
continuous_immigration,flat,4,225,nan,1746,0,1746,0,0,0,0,0,0,0,0.8109965635738832
continuous_immigration,flat,4,226,1.0,1749,0,1749,0,0,0,1,1,5,1,0.8107489994282447
continuous_immigration,flat,4,227,1.0,1754,0,1754,0,0,0,3,3,15,3,0.8112884834663626
continuous_immigration,flat,4,228,1.0,1761,0,1761,0,0,0,2,2,10,2,0.8109028960817717
continuous_immigration,flat,4,229,1.0,1767,0,1767,0,0,0,5,5,25,5,0.8109790605546123
continuous_immigration,flat,4,230,nan,1771,0,1771,0,0,0,0,0,0,0,0.8102766798418972
continuous_immigration,flat,4,231,nan,1779,0,1779,0,0,0,0,0,0,0,0.8105677346824058
continuous_immigration,flat,4,232,1.0,1792,0,1792,0,0,0,2,2,10,2,0.8108258928571429
continuous_immigration,flat,4,233,1.0,1797,0,1797,0,0,0,1,1,5,1,0.8107957707289928
continuous_immigration,flat,4,234,nan,1810,0,1810,0,0,0,0,0,0,0,0.8116022099447514
continuous_immigration,flat,4,235,nan,1817,0,1817,0,0,0,0,0,0,0,0.8112272977435333
continuous_immigration,flat,4,236,1.0,1820,0,1820,0,0,0,2,2,10,2,0.810989010989011
continuous_immigration,flat,4,237,1.0,1825,0,1825,0,0,0,1,1,5,1,0.810958904109589
continuous_immigration,flat,4,238,1.0,1833,0,1833,0,0,0,3,3,15,3,0.8117839607201309
continuous_immigration,flat,4,239,1.0,1843,0,1843,0,0,0,1,1,5,1,0.812805208898535
continuous_immigration,flat,4,240,1.0,1852,0,1852,0,0,0,2,2,10,2,0.812634989200864
continuous_immigration,flat,4,241,1.0,1854,0,1854,0,0,0,1,1,5,1,0.8128371089536138
continuous_immigration,flat,4,242,1.0,1859,0,1859,0,0,0,1,1,5,1,0.8128025820333513
continuous_immigration,flat,4,243,1.0,1866,0,1866,0,0,0,1,1,5,1,0.8129689174705252
continuous_immigration,flat,4,244,1.0,1877,0,1877,0,0,0,4,4,20,4,0.8119339371337241
continuous_immigration,flat,4,245,1.0,1887,0,1887,0,0,0,2,2,10,2,0.8124006359300477
continuous_immigration,flat,4,246,1.0,1895,0,1895,0,0,0,2,2,10,2,0.812137203166227
continuous_immigration,flat,4,247,nan,1903,0,1903,0,0,0,0,0,0,0,0.8124014713610089
continuous_immigration,flat,4,248,nan,1915,0,1915,0,0,0,0,0,0,0,0.812532637075718
continuous_immigration,flat,4,249,1.0,1924,0,1924,0,0,0,4,4,20,4,0.8118503118503119
continuous_immigration,flat,4,250,1.0,1933,0,1933,0,0,0,2,2,10,2,0.8122090015519917
continuous_immigration,flat,4,251,1.0,1940,0,1940,0,0,0,3,3,15,3,0.8118556701030928
continuous_immigration,flat,4,252,1.0,1949,0,1949,0,0,0,1,1,5,1,0.8111852231913802
continuous_immigration,flat,4,253,1.0,1955,0,1955,0,0,0,2,2,10,2,0.8112531969309463
continuous_immigration,flat,4,254,1.0,1967,0,1967,0,0,0,2,2,10,2,0.8108795119471276
continuous_immigration,flat,4,255,1.0,1976,0,1976,0,0,0,3,3,15,3,0.8117408906882592
continuous_immigration,flat,4,256,1.0,1986,0,1986,0,0,0,2,2,10,2,0.8121852970795569
continuous_immigration,flat,4,257,nan,1992,0,1992,0,0,0,0,0,0,0,0.8122489959839357
continuous_immigration,flat,4,258,1.0,1997,0,1997,0,0,0,1,1,5,1,0.8127190786179269
continuous_immigration,flat,4,259,1.0,2005,0,2005,0,0,0,3,3,15,3,0.8134663341645886
continuous_immigration,flat,4,260,1.0,2014,0,2014,0,0,0,1,1,5,1,0.8138033763654419
continuous_immigration,flat,4,261,1.0,2024,0,2024,0,0,0,5,5,25,5,0.8132411067193676
continuous_immigration,flat,4,262,nan,2026,0,2026,0,0,0,0,0,0,0,0.8134254689042448
continuous_immigration,flat,4,263,1.0,2034,0,2034,0,0,0,2,2,10,2,0.8126843657817109
continuous_immigration,flat,4,264,1.0,2042,0,2042,0,0,0,1,1,5,1,0.8124387855044074
continuous_immigration,flat,4,265,nan,2053,0,2053,0,0,0,0,0,0,0,0.8110082805650268
continuous_immigration,flat,4,266,1.0,2061,0,2061,0,0,0,2,2,10,2,0.8112566715186803
continuous_immigration,flat,4,267,1.0,2071,0,2071,0,0,0,1,1,5,1,0.8116851762433607
continuous_immigration,flat,4,268,nan,2079,0,2079,0,0,0,0,0,0,0,0.8119288119288119
continuous_immigration,flat,4,269,nan,2089,0,2089,0,0,0,0,0,0,0,0.8113930110100527
continuous_immigration,flat,4,270,1.0,2096,0,2096,0,0,0,3,3,15,3,0.8115458015267175
continuous_immigration,flat,4,271,1.0,2099,0,2099,0,0,0,4,4,20,4,0.8118151500714627
continuous_immigration,flat,4,272,1.0,2111,0,2111,0,0,0,2,2,10,2,0.812411179535765
continuous_immigration,flat,4,273,1.0,2120,0,2120,0,0,0,4,4,20,4,0.8122641509433962
continuous_immigration,flat,4,274,1.0,2128,0,2128,0,0,0,5,5,25,5,0.8125
continuous_immigration,flat,4,275,1.0,2136,0,2136,0,0,0,1,1,5,1,0.8122659176029963
continuous_immigration,flat,4,276,nan,2141,0,2141,0,0,0,0,0,0,0,0.812704343764596
continuous_immigration,flat,4,277,1.0,2147,0,2147,0,0,0,3,3,15,3,0.8132277596646483
continuous_immigration,flat,4,278,1.0,2157,0,2157,0,0,0,2,2,10,2,0.8127028280018544
continuous_immigration,flat,4,279,1.0,2169,0,2169,0,0,0,3,3,15,3,0.8137390502535731
continuous_immigration,flat,4,280,1.0,2178,0,2178,0,0,0,2,2,10,2,0.8135904499540864
continuous_immigration,flat,4,281,1.0,2182,0,2182,0,0,0,2,2,10,2,0.8134738771769019
continuous_immigration,flat,4,282,1.0,2190,0,2190,0,0,0,1,1,5,1,0.8123287671232877
continuous_immigration,flat,4,283,1.0,2195,0,2195,0,0,0,1,1,5,1,0.8123006833712985
continuous_immigration,flat,4,284,1.0,2204,0,2204,0,0,0,2,2,10,2,0.8121597096188747
continuous_immigration,flat,4,285,1.0,2214,0,2214,0,0,0,3,3,15,3,0.8125564588979223
continuous_immigration,flat,4,286,1.0,2224,0,2224,0,0,0,3,3,15,3,0.8129496402877698
continuous_immigration,flat,4,287,1.0,2231,0,2231,0,0,0,1,1,5,1,0.8130883012102196
continuous_immigration,flat,4,288,nan,2237,0,2237,0,0,0,0,0,0,0,0.8126955744300403
continuous_immigration,flat,4,289,1.0,2241,0,2241,0,0,0,2,2,10,2,0.8121374386434628
continuous_immigration,flat,4,290,1.0,2246,0,2246,0,0,0,1,1,5,1,0.8121104185218165
continuous_immigration,flat,4,291,1.0,2249,0,2249,0,0,0,3,3,15,3,0.812361049355269
continuous_immigration,flat,4,292,nan,2255,0,2255,0,0,0,0,0,0,0,0.8124168514412416
continuous_immigration,flat,4,293,1.0,2260,0,2260,0,0,0,3,3,15,3,0.8128318584070796
continuous_immigration,flat,4,294,1.0,2267,0,2267,0,0,0,2,2,10,2,0.8129686810763123
continuous_immigration,flat,4,295,1.0,2272,0,2272,0,0,0,1,1,5,1,0.8129401408450704
continuous_immigration,flat,4,296,1.0,2277,0,2277,0,0,0,2,2,10,2,0.8133509003074221
continuous_immigration,flat,4,297,1.0,2281,0,2281,0,0,0,3,3,15,3,0.8136782113108286
continuous_immigration,flat,4,298,1.0,2290,0,2290,0,0,0,2,2,10,2,0.8135371179039301
continuous_immigration,flat,4,299,1.0,2295,0,2295,0,0,0,3,3,15,3,0.8126361655773421
continuous_immigration,flat,4,300,1.0,2298,0,2298,0,0,0,2,2,10,2,0.8128807658833769
continuous_immigration,flat,4,301,1.0,2305,0,2305,0,0,0,3,3,15,3,0.8130151843817788
continuous_immigration,flat,4,302,1.0,2314,0,2314,0,0,0,4,4,20,4,0.8124459809853068
continuous_immigration,flat,4,303,nan,2320,0,2320,0,0,0,0,0,0,0,0.8129310344827586
continuous_immigration,flat,4,304,1.0,2325,0,2325,0,0,0,1,1,5,1,0.8120430107526881
continuous_immigration,flat,4,305,1.0,2332,0,2332,0,0,0,7,7,35,7,0.8121783876500858
continuous_immigration,flat,4,306,1.0,2346,0,2346,0,0,0,2,2,10,2,0.8124467178175618
continuous_immigration,flat,4,307,nan,2355,0,2355,0,0,0,0,0,0,0,0.8110403397027601
continuous_immigration,flat,4,308,1.0,2364,0,2364,0,0,0,1,1,5,1,0.8109137055837563
continuous_immigration,flat,4,309,1.0,2372,0,2372,0,0,0,1,1,5,1,0.81070826306914
continuous_immigration,flat,4,310,nan,2382,0,2382,0,0,0,0,0,0,0,0.8102434928631402
continuous_immigration,flat,4,311,1.0,2389,0,2389,0,0,0,3,3,15,3,0.810380912515697
continuous_immigration,flat,4,312,1.0,2394,0,2394,0,0,0,5,5,25,5,0.8095238095238095
continuous_immigration,flat,4,313,nan,2402,0,2402,0,0,0,0,0,0,0,0.8097418817651957
continuous_immigration,flat,4,314,1.0,2411,0,2411,0,0,0,3,3,15,3,0.8096225632517627
continuous_immigration,flat,4,315,1.0,2418,0,2418,0,0,0,1,1,5,1,0.8093465674110836
continuous_immigration,flat,4,316,1.0,2429,0,2429,0,0,0,2,2,10,2,0.8097982708933718
continuous_immigration,flat,4,317,nan,2436,0,2436,0,0,0,0,0,0,0,0.8099343185550082
continuous_immigration,flat,4,318,1.0,2444,0,2444,0,0,0,2,2,10,2,0.8101472995090017
continuous_immigration,flat,4,319,1.0,2452,0,2452,0,0,0,1,1,5,1,0.8103588907014682
continuous_immigration,flat,4,320,1.0,2457,0,2457,0,0,0,3,3,15,3,0.8107448107448108
continuous_immigration,flat,4,321,1.0,2466,0,2466,0,0,0,1,1,5,1,0.8110300081103001
continuous_immigration,flat,4,322,1.0,2470,0,2470,0,0,0,3,3,15,3,0.8113360323886639
continuous_immigration,flat,4,323,1.0,2480,0,2480,0,0,0,1,1,5,1,0.8108870967741936
continuous_immigration,flat,4,324,1.0,2489,0,2489,0,0,0,1,1,5,1,0.810365608678184
continuous_immigration,flat,4,325,1.0,2499,0,2499,0,0,0,1,1,5,1,0.8107242897158864
continuous_immigration,flat,4,326,1.0,2508,0,2508,0,0,0,5,5,25,5,0.8114035087719298
continuous_immigration,flat,4,327,1.0,2516,0,2516,0,0,0,3,3,15,3,0.81120826709062
continuous_immigration,flat,4,328,1.0,2527,0,2527,0,0,0,3,3,15,3,0.8112386228729719
continuous_immigration,flat,4,329,1.0,2538,0,2538,0,0,0,1,1,5,1,0.8108747044917257
continuous_immigration,flat,4,330,1.0,2544,0,2544,0,0,0,2,2,10,2,0.8109276729559748
continuous_immigration,flat,4,331,1.0,2554,0,2554,0,0,0,2,2,10,2,0.8104933437744715
continuous_immigration,flat,4,332,1.0,2559,0,2559,0,0,0,4,4,20,4,0.810863618601016
continuous_immigration,flat,4,333,nan,2564,0,2564,0,0,0,0,0,0,0,0.8108424336973479
continuous_immigration,flat,4,334,1.0,2570,0,2570,0,0,0,2,2,10,2,0.8108949416342413
continuous_immigration,flat,4,335,1.0,2580,0,2580,0,0,0,2,2,10,2,0.8112403100775194
continuous_immigration,flat,4,336,1.0,2590,0,2590,0,0,0,3,3,15,3,0.8108108108108109
continuous_immigration,flat,4,337,1.0,2596,0,2596,0,0,0,1,1,5,1,0.8108628659476117
continuous_immigration,flat,4,338,1.0,2600,0,2600,0,0,0,1,1,5,1,0.8103846153846154
continuous_immigration,flat,4,339,nan,2608,0,2608,0,0,0,0,0,0,0,0.8094325153374233
continuous_immigration,flat,4,340,1.0,2616,0,2616,0,0,0,1,1,5,1,0.8100152905198776
continuous_immigration,flat,4,341,nan,2626,0,2626,0,0,0,0,0,0,0,0.8103579588728104
continuous_immigration,flat,4,342,1.0,2634,0,2634,0,0,0,3,3,15,3,0.8101746393318148
continuous_immigration,flat,4,343,1.0,2640,0,2640,0,0,0,1,1,5,1,0.8102272727272727
continuous_immigration,flat,4,344,1.0,2647,0,2647,0,0,0,1,1,5,1,0.8099735549678881
continuous_immigration,flat,4,345,1.0,2655,0,2655,0,0,0,1,1,5,1,0.8101694915254237
continuous_immigration,flat,4,346,1.0,2662,0,2662,0,0,0,2,2,10,2,0.8102930127723517
continuous_immigration,flat,4,347,1.0,2669,0,2669,0,0,0,1,1,5,1,0.8104158860996628
continuous_immigration,flat,4,348,1.0,2676,0,2676,0,0,0,1,1,5,1,0.8101644245142003
continuous_immigration,flat,4,349,1.0,2685,0,2685,0,0,0,2,2,10,2,0.8100558659217877
continuous_immigration,flat,4,350,1.0,2693,0,2693,0,0,0,4,4,20,4,0.8102487931674712
continuous_immigration,flat,4,351,1.0,2699,0,2699,0,0,0,5,5,25,5,0.8103001111522786
continuous_immigration,flat,4,352,1.0,2707,0,2707,0,0,0,1,1,5,1,0.8108607314370151
continuous_immigration,flat,4,353,1.0,2716,0,2716,0,0,0,2,2,10,2,0.8103829160530192
continuous_immigration,flat,4,354,1.0,2719,0,2719,0,0,0,2,2,10,2,0.8105921294593601
continuous_immigration,flat,4,355,nan,2728,0,2728,0,0,0,0,0,0,0,0.8108504398826979
continuous_immigration,flat,4,356,1.0,2734,0,2734,0,0,0,1,1,5,1,0.811265544989027
continuous_immigration,flat,4,357,1.0,2747,0,2747,0,0,0,1,1,5,1,0.8117946851110303
continuous_immigration,flat,4,358,nan,2755,0,2755,0,0,0,0,0,0,0,0.8116152450090744
continuous_immigration,flat,4,359,1.0,2765,0,2765,0,0,0,2,2,10,2,0.8119349005424955
continuous_immigration,flat,4,360,1.0,2768,0,2768,0,0,0,3,3,15,3,0.8117774566473989
continuous_immigration,flat,4,361,1.0,2774,0,2774,0,0,0,2,2,10,2,0.8118240807498197
continuous_immigration,flat,4,362,1.0,2779,0,2779,0,0,0,2,2,10,2,0.8118028067650234
continuous_immigration,flat,4,363,1.0,2781,0,2781,0,0,0,3,3,15,3,0.811938151743977
continuous_immigration,flat,4,364,1.0,2790,0,2790,0,0,0,3,3,15,3,0.8111111111111111
continuous_immigration,flat,4,365,1.0,2799,0,2799,0,0,0,3,3,15,3,0.811003929974991
continuous_immigration,flat,4,366,1.0,2804,0,2804,0,0,0,4,4,20,4,0.8109843081312411
continuous_immigration,flat,4,367,1.0,2814,0,2814,0,0,0,4,4,20,4,0.8102345415778252
continuous_immigration,flat,4,368,1.0,2823,0,2823,0,0,0,2,2,10,2,0.8104852993269571
continuous_immigration,flat,4,369,1.0,2833,0,2833,0,0,0,1,1,5,1,0.8097423226261913
continuous_immigration,flat,4,370,1.0,2841,0,2841,0,0,0,3,3,15,3,0.8095740936290039
continuous_immigration,flat,4,371,1.0,2846,0,2846,0,0,0,4,4,20,4,0.8095572733661279
continuous_immigration,flat,4,372,1.0,2857,0,2857,0,0,0,2,2,10,2,0.8099404970248513
continuous_immigration,flat,4,373,1.0,2868,0,2868,0,0,0,1,1,5,1,0.8096234309623431
continuous_immigration,flat,4,374,1.0,2872,0,2872,0,0,0,1,1,5,1,0.8095403899721448
continuous_immigration,flat,4,375,1.0,2876,0,2876,0,0,0,2,2,10,2,0.8094575799721836
continuous_immigration,flat,4,376,1.0,2882,0,2882,0,0,0,2,2,10,2,0.8095072866065233
continuous_immigration,flat,4,377,1.0,2891,0,2891,0,0,0,2,2,10,2,0.8090626080940851
continuous_immigration,flat,4,378,nan,2895,0,2895,0,0,0,0,0,0,0,0.8093264248704664
continuous_immigration,flat,4,379,1.0,2904,0,2904,0,0,0,2,2,10,2,0.8095730027548209
continuous_immigration,flat,4,380,1.0,2910,0,2910,0,0,0,2,2,10,2,0.8099656357388316
continuous_immigration,flat,4,381,1.0,2920,0,2920,0,0,0,2,2,10,2,0.8102739726027397
continuous_immigration,flat,4,382,1.0,2928,0,2928,0,0,0,2,2,10,2,0.8097677595628415
continuous_immigration,flat,4,383,1.0,2939,0,2939,0,0,0,2,2,10,2,0.8097992514460701
continuous_immigration,flat,4,384,1.0,2948,0,2948,0,0,0,1,1,5,1,0.8097014925373134
continuous_immigration,flat,4,385,1.0,2953,0,2953,0,0,0,2,2,10,2,0.8093464273620048
continuous_immigration,flat,4,386,1.0,2960,0,2960,0,0,0,4,4,20,4,0.808445945945946
continuous_immigration,flat,4,387,1.0,2968,0,2968,0,0,0,1,1,5,1,0.8086253369272237
continuous_immigration,flat,4,388,1.0,2979,0,2979,0,0,0,4,4,20,4,0.8086606243705942
continuous_immigration,flat,4,389,1.0,2985,0,2985,0,0,0,4,4,20,4,0.8090452261306532
continuous_immigration,flat,4,390,1.0,2996,0,2996,0,0,0,1,1,5,1,0.8087449933244326
continuous_immigration,flat,4,391,1.0,3005,0,3005,0,0,0,2,2,10,2,0.8086522462562395
continuous_immigration,flat,4,392,nan,3007,0,3007,0,0,0,0,0,0,0,0.8084469571000997
continuous_immigration,flat,4,393,1.0,3015,0,3015,0,0,0,2,2,10,2,0.8086235489220563
continuous_immigration,flat,4,394,1.0,3023,0,3023,0,0,0,1,1,5,1,0.8087992060866689
continuous_immigration,flat,4,395,1.0,3030,0,3030,0,0,0,2,2,10,2,0.808910891089109
continuous_immigration,flat,4,396,1.0,3033,0,3033,0,0,0,2,2,10,2,0.8090999010880316
continuous_immigration,flat,4,397,1.0,3041,0,3041,0,0,0,3,3,15,3,0.8089444261756001
continuous_immigration,flat,4,398,1.0,3048,0,3048,0,0,0,1,1,5,1,0.8087270341207349
continuous_immigration,flat,4,399,1.0,3057,0,3057,0,0,0,1,1,5,1,0.808308799476611
